2025-09-15 17:40:02,668 [INFO] Activator:176 - 


2025-09-15 17:40:02,670 [INFO] Activator:177 - !SESSION log4j initialized
2025-09-15 17:40:04,504 [ERROR] LogOutputStream:75 - [STDERR_REDIRECT] 
2025-09-15 17:40:06,762 [INFO] LogOutputStream:77 - [STDOUT_REDIRECT] 
2025-09-15 17:40:08,952 [INFO] ApplicationProperties:184 - Using Application install path: /Applications/STM32CubeIDE.app/Contents/Eclipse/plugins/com.st.stm32cube.common.mx_6.15.0.202507011659
2025-09-15 17:40:08,966 [INFO] DbMcusXml:78 - Set database path to: /Applications/STM32CubeIDE.app/Contents/Eclipse/plugins/com.st.stm32cube.common.mx_6.15.0.202507011659//db//mcu/
2025-09-15 17:40:08,966 [INFO] ApiDb:274 - Set plugin database path to: /Applications/STM32CubeIDE.app/Contents/Eclipse/plugins/com.st.stm32cube.common.mx_6.15.0.202507011659//db//plugins/boardmanager/
2025-09-15 17:40:08,966 [WARN] ApiDb:259 - Overriding images path with different value:  => /Applications/STM32CubeIDE.app/Contents/Eclipse/plugins/com.st.stm32cube.common.mx_6.15.0.202507011659//db//plugins/mcufinder/images/
2025-09-15 17:40:08,972 [INFO] ApiDb:250 - Set database path to: /Users/sheen/.stmcufinder/plugins/mcufinder//mcu/
2025-09-15 17:40:08,973 [INFO] DbMcusAds:125 - Set database path to: /Users/sheen/.stmcufinder/plugins/mcufinder//mcu/
2025-09-15 17:40:08,974 [INFO] CrossReferenceDbSqlite:203 - Set database path to: /Users/sheen/.stmcufinder/plugins/mcufinder//mcu/cs/
2025-09-15 17:40:09,110 [INFO] RulesReader:64 - Compatibility file has been processed (317 Rules)
2025-09-15 17:40:09,164 [INFO] DbMcusXml:78 - Set database path to: /Applications/STM32CubeIDE.app/Contents/Eclipse/plugins/com.st.stm32cube.common.mx_6.15.0.202507011659//db//mcu/
2025-09-15 17:40:09,164 [INFO] ApiDb:274 - Set plugin database path to: /Applications/STM32CubeIDE.app/Contents/Eclipse/plugins/com.st.stm32cube.common.mx_6.15.0.202507011659//db//plugins/boardmanager/
2025-09-15 17:40:09,165 [INFO] ApiDb:261 - Set plugin images path to: /Applications/STM32CubeIDE.app/Contents/Eclipse/plugins/com.st.stm32cube.common.mx_6.15.0.202507011659//db//plugins/mcufinder/images/
2025-09-15 17:40:09,165 [WARN] DbFile:41 - Overriding database path with different value: /Users/sheen/.stmcufinder/plugins/mcufinder/ => /Users/sheen/.stmcufinder/plugins/mcufinder
2025-09-15 17:40:09,165 [INFO] ApiDb:250 - Set database path to: /Users/sheen/.stmcufinder/plugins/mcufinder//mcu/
2025-09-15 17:40:09,165 [WARN] DbFile:41 - Overriding database path with different value: /Users/sheen/.stmcufinder/plugins/mcufinder/ => /Users/sheen/.stmcufinder/plugins/mcufinder
2025-09-15 17:40:09,165 [INFO] DbMcusAds:125 - Set database path to: /Users/sheen/.stmcufinder/plugins/mcufinder//mcu/
2025-09-15 17:40:09,165 [WARN] DbFile:41 - Overriding database path with different value: /Users/sheen/.stmcufinder/plugins/mcufinder/ => /Users/sheen/.stmcufinder/plugins/mcufinder
2025-09-15 17:40:09,165 [WARN] DbFile:41 - Overriding database path with different value: /Users/sheen/.stmcufinder/plugins/mcufinder/ => /Users/sheen/.stmcufinder/plugins/mcufinder
2025-09-15 17:40:09,165 [INFO] CrossReferenceDbSqlite:203 - Set database path to: /Users/sheen/.stmcufinder/plugins/mcufinder//mcu/cs/
2025-09-15 17:40:09,231 [INFO] MainPanel:274 - HeapMemory: 268435456
2025-09-15 17:40:09,924 [INFO] DbMcusXml:78 - Set database path to: /Applications/STM32CubeIDE.app/Contents/Eclipse/plugins/com.st.stm32cube.common.mx_6.15.0.202507011659//db//mcu/
2025-09-15 17:40:09,925 [INFO] ApiDb:274 - Set plugin database path to: /Applications/STM32CubeIDE.app/Contents/Eclipse/plugins/com.st.stm32cube.common.mx_6.15.0.202507011659//db//plugins/boardmanager/
2025-09-15 17:40:09,925 [INFO] ApiDb:261 - Set plugin images path to: /Applications/STM32CubeIDE.app/Contents/Eclipse/plugins/com.st.stm32cube.common.mx_6.15.0.202507011659//db//plugins/mcufinder/images/
2025-09-15 17:40:09,926 [WARN] DbFile:41 - Overriding database path with different value: /Users/sheen/.stmcufinder/plugins/mcufinder/ => /Users/sheen/.stmcufinder/plugins/mcufinder
2025-09-15 17:40:09,926 [INFO] ApiDb:250 - Set database path to: /Users/sheen/.stmcufinder/plugins/mcufinder//mcu/
2025-09-15 17:40:09,926 [WARN] DbFile:41 - Overriding database path with different value: /Users/sheen/.stmcufinder/plugins/mcufinder/ => /Users/sheen/.stmcufinder/plugins/mcufinder
2025-09-15 17:40:09,926 [INFO] DbMcusAds:125 - Set database path to: /Users/sheen/.stmcufinder/plugins/mcufinder//mcu/
2025-09-15 17:40:09,926 [WARN] DbFile:41 - Overriding database path with different value: /Users/sheen/.stmcufinder/plugins/mcufinder/ => /Users/sheen/.stmcufinder/plugins/mcufinder
2025-09-15 17:40:09,926 [WARN] DbFile:41 - Overriding database path with different value: /Users/sheen/.stmcufinder/plugins/mcufinder/ => /Users/sheen/.stmcufinder/plugins/mcufinder
2025-09-15 17:40:09,926 [INFO] CrossReferenceDbSqlite:203 - Set database path to: /Users/sheen/.stmcufinder/plugins/mcufinder//mcu/cs/
2025-09-15 17:40:09,941 [INFO] ApplicationProperties:184 - Using Application install path: /Applications/STM32CubeIDE.app/Contents/Eclipse/plugins/com.st.stm32cube.common.mx_6.15.0.202507011659
2025-09-15 17:40:09,942 [INFO] PluginManage:196 - Search for loadable plugins [exclusion list=, ]
2025-09-15 17:40:09,944 [INFO] PluginManage:310 - Check plugin analytics
2025-09-15 17:40:10,446 [INFO] AnalyticsPlugin:253 - Accepted Software Licenses: 
2025-09-15 17:40:10,462 [INFO] AnalyticsPlugin:255 - Accepted CMSIS Pack Licenses: 
2025-09-15 17:40:10,465 [INFO] AnalyticsPlugin:257 - Accepted Firmware Licenses: 
2025-09-15 17:40:10,568 [INFO] PluginManage:359 - Loaded plugin analytics (category:tool,tabindex:-1)
2025-09-15 17:40:10,573 [INFO] PluginManage:310 - Check plugin cadmodel
2025-09-15 17:40:10,651 [INFO] CADModel:105 - Init CAD model plugin
2025-09-15 17:40:10,651 [INFO] PluginManage:359 - Loaded plugin cadmodel (category:power,tabindex:5)
2025-09-15 17:40:10,655 [INFO] PluginManage:310 - Check plugin clock
2025-09-15 17:40:10,674 [INFO] PluginManage:359 - Loaded plugin clock (category:base,tabindex:2)
2025-09-15 17:40:10,675 [INFO] PluginManage:310 - Check plugin ddr
2025-09-15 17:40:10,678 [INFO] PluginManage:359 - Loaded plugin ddr (category:tool,tabindex:6)
2025-09-15 17:40:10,678 [INFO] PluginManage:310 - Check plugin filemanager
2025-09-15 17:40:10,910 [INFO] McuFinderGlobals:63 - Set McuFinder mode to 2 (CubeIDE integrated)
2025-09-15 17:40:10,972 [INFO] PluginManage:359 - Loaded plugin filemanager (category:base,tabindex:10)
2025-09-15 17:40:10,973 [INFO] PluginManage:310 - Check plugin ipmanager
2025-09-15 17:40:10,984 [INFO] PluginManage:359 - Loaded plugin ipmanager (category:base,tabindex:5)
2025-09-15 17:40:10,984 [INFO] PluginManage:310 - Check plugin lpbam
2025-09-15 17:40:10,991 [INFO] PluginManage:359 - Loaded plugin lpbam (category:base,tabindex:0)
2025-09-15 17:40:10,991 [INFO] PluginManage:310 - Check plugin memorymap
2025-09-15 17:40:11,000 [INFO] PluginManage:359 - Loaded plugin memorymap (category:base,tabindex:4)
2025-09-15 17:40:11,000 [INFO] PluginManage:310 - Check plugin pinoutandconfiguration
2025-09-15 17:40:11,009 [INFO] PluginManage:359 - Loaded plugin pinoutandconfiguration (category:base,tabindex:1)
2025-09-15 17:40:11,009 [INFO] PluginManage:310 - Check plugin pinoutconfig
2025-09-15 17:40:11,091 [WARN] SupportedApi:132 - Cannot load RTOS API schema: s4s-elt-must-match.1: The content of 'definitions' must match (annotation?, (simpleType | complexType)?, (unique | key | keyref)*)). A problem was found starting at: attribute.
2025-09-15 17:40:11,228 [INFO] PluginManage:359 - Loaded plugin pinoutconfig (category:base,tabindex:0)
2025-09-15 17:40:11,228 [INFO] PluginManage:310 - Check plugin power
2025-09-15 17:40:11,240 [INFO] PluginManage:359 - Loaded plugin power (category:power,tabindex:4)
2025-09-15 17:40:11,240 [INFO] PluginManage:310 - Check plugin projectmanager
2025-09-15 17:40:11,264 [INFO] PluginManage:359 - Loaded plugin projectmanager (category:projectmanager,tabindex:4)
2025-09-15 17:40:11,264 [INFO] PluginManage:310 - Check plugin rif
2025-09-15 17:40:11,270 [INFO] PluginManage:359 - Loaded plugin rif (category:base,tabindex:3)
2025-09-15 17:40:11,270 [INFO] PluginManage:310 - Check plugin thirdparty
2025-09-15 17:40:11,396 [INFO] PluginManage:359 - Loaded plugin thirdparty (category:base,tabindex:-1)
2025-09-15 17:40:11,398 [INFO] PluginManage:310 - Check plugin tools
2025-09-15 17:40:11,396 [WARN] IntegrityCheckThread:84 - waiting for thirdparty lock release [integrity check]
2025-09-15 17:40:11,400 [INFO] IntegrityCheckThread:86 - entering critical section [integrity check]
2025-09-15 17:40:11,401 [INFO] ThirdPartyUpdaterWithRetryManager:70 - Updater plugin not ready yet. [1/15]
2025-09-15 17:40:11,401 [INFO] PluginManage:359 - Loaded plugin tools (category:base,tabindex:7)
2025-09-15 17:40:11,401 [INFO] PluginManage:310 - Check plugin tutovideos
2025-09-15 17:40:11,571 [INFO] PluginManage:359 - Loaded plugin tutovideos (category:base,tabindex:-1)
2025-09-15 17:40:11,571 [INFO] PluginManage:310 - Check plugin updater
2025-09-15 17:40:11,598 [INFO] PluginManage:359 - Loaded plugin updater (category:base,tabindex:12)
2025-09-15 17:40:11,599 [INFO] PluginManage:310 - Check plugin userauth
2025-09-15 17:40:11,603 [INFO] UserAuth:118 - Init User Auth plugin
2025-09-15 17:40:11,604 [INFO] PluginManage:359 - Loaded plugin userauth (category:base,tabindex:14)
2025-09-15 17:40:11,605 [INFO] PluginManage:283 - PluginManage : Loaded plugins [18]
2025-09-15 17:40:14,407 [INFO] ThirdPartyUpdaterWithRetryManager:70 - Updater plugin not ready yet. [2/15]
2025-09-15 17:40:17,414 [INFO] ThirdPartyUpdaterWithRetryManager:70 - Updater plugin not ready yet. [3/15]
2025-09-15 17:40:20,421 [INFO] ThirdPartyUpdaterWithRetryManager:70 - Updater plugin not ready yet. [4/15]
2025-09-15 17:40:23,427 [INFO] ThirdPartyUpdaterWithRetryManager:70 - Updater plugin not ready yet. [5/15]
2025-09-15 17:40:26,432 [INFO] ThirdPartyUpdaterWithRetryManager:70 - Updater plugin not ready yet. [6/15]
2025-09-15 17:40:29,440 [INFO] ThirdPartyUpdaterWithRetryManager:70 - Updater plugin not ready yet. [7/15]
2025-09-15 17:40:32,447 [INFO] ThirdPartyUpdaterWithRetryManager:70 - Updater plugin not ready yet. [8/15]
2025-09-15 17:40:35,455 [INFO] ThirdPartyUpdaterWithRetryManager:70 - Updater plugin not ready yet. [9/15]
2025-09-15 17:40:38,465 [INFO] ThirdPartyUpdaterWithRetryManager:70 - Updater plugin not ready yet. [10/15]
2025-09-15 17:40:41,471 [INFO] ThirdPartyUpdaterWithRetryManager:70 - Updater plugin not ready yet. [11/15]
2025-09-15 17:40:44,476 [INFO] ThirdPartyUpdaterWithRetryManager:70 - Updater plugin not ready yet. [12/15]
2025-09-15 17:40:47,482 [INFO] ThirdPartyUpdaterWithRetryManager:70 - Updater plugin not ready yet. [13/15]
2025-09-15 17:40:50,488 [INFO] ThirdPartyUpdaterWithRetryManager:70 - Updater plugin not ready yet. [14/15]
2025-09-15 17:40:53,494 [INFO] ThirdPartyUpdaterWithRetryManager:70 - Updater plugin not ready yet. [15/15]
2025-09-15 17:40:53,497 [ERROR] AbstractThirdPartyUpdaterManager:170 - Updater plugin not retrieved
2025-09-15 17:40:53,500 [ERROR] IntegrityCheckThread:130 - Cannot retrieve database content from updater: error -1
2025-09-15 17:40:53,503 [INFO] ThirdParty:978 - Integrity check success = false
2025-09-15 17:40:53,504 [INFO] IntegrityCheckThread:100 - exiting critical section [integrity check]
2025-09-15 17:40:53,505 [INFO] IntegrityCheckThread:103 - End integrity checks thread
2025-09-15 17:53:10,745 [INFO] Activator:176 - 


2025-09-15 17:53:10,746 [INFO] Activator:177 - !SESSION log4j initialized
2025-09-15 17:53:11,517 [ERROR] LogOutputStream:75 - [STDERR_REDIRECT] 
2025-09-15 17:53:13,201 [INFO] LogOutputStream:77 - [STDOUT_REDIRECT] 
2025-09-15 17:53:15,011 [INFO] ApplicationProperties:184 - Using Application install path: /Applications/STM32CubeIDE.app/Contents/Eclipse/plugins/com.st.stm32cube.common.mx_6.15.0.202507011659
2025-09-15 17:53:15,023 [INFO] DbMcusXml:78 - Set database path to: /Applications/STM32CubeIDE.app/Contents/Eclipse/plugins/com.st.stm32cube.common.mx_6.15.0.202507011659//db//mcu/
2025-09-15 17:53:15,023 [INFO] ApiDb:274 - Set plugin database path to: /Applications/STM32CubeIDE.app/Contents/Eclipse/plugins/com.st.stm32cube.common.mx_6.15.0.202507011659//db//plugins/boardmanager/
2025-09-15 17:53:15,023 [WARN] ApiDb:259 - Overriding images path with different value:  => /Applications/STM32CubeIDE.app/Contents/Eclipse/plugins/com.st.stm32cube.common.mx_6.15.0.202507011659//db//plugins/mcufinder/images/
2025-09-15 17:53:15,028 [INFO] ApiDb:250 - Set database path to: /Users/sheen/.stmcufinder/plugins/mcufinder//mcu/
2025-09-15 17:53:15,028 [INFO] DbMcusAds:125 - Set database path to: /Users/sheen/.stmcufinder/plugins/mcufinder//mcu/
2025-09-15 17:53:15,029 [INFO] CrossReferenceDbSqlite:203 - Set database path to: /Users/sheen/.stmcufinder/plugins/mcufinder//mcu/cs/
2025-09-15 17:53:15,159 [INFO] RulesReader:64 - Compatibility file has been processed (317 Rules)
2025-09-15 17:53:15,212 [INFO] DbMcusXml:78 - Set database path to: /Applications/STM32CubeIDE.app/Contents/Eclipse/plugins/com.st.stm32cube.common.mx_6.15.0.202507011659//db//mcu/
2025-09-15 17:53:15,213 [INFO] ApiDb:274 - Set plugin database path to: /Applications/STM32CubeIDE.app/Contents/Eclipse/plugins/com.st.stm32cube.common.mx_6.15.0.202507011659//db//plugins/boardmanager/
2025-09-15 17:53:15,213 [INFO] ApiDb:261 - Set plugin images path to: /Applications/STM32CubeIDE.app/Contents/Eclipse/plugins/com.st.stm32cube.common.mx_6.15.0.202507011659//db//plugins/mcufinder/images/
2025-09-15 17:53:15,213 [WARN] DbFile:41 - Overriding database path with different value: /Users/sheen/.stmcufinder/plugins/mcufinder/ => /Users/sheen/.stmcufinder/plugins/mcufinder
2025-09-15 17:53:15,213 [INFO] ApiDb:250 - Set database path to: /Users/sheen/.stmcufinder/plugins/mcufinder//mcu/
2025-09-15 17:53:15,213 [WARN] DbFile:41 - Overriding database path with different value: /Users/sheen/.stmcufinder/plugins/mcufinder/ => /Users/sheen/.stmcufinder/plugins/mcufinder
2025-09-15 17:53:15,213 [INFO] DbMcusAds:125 - Set database path to: /Users/sheen/.stmcufinder/plugins/mcufinder//mcu/
2025-09-15 17:53:15,213 [WARN] DbFile:41 - Overriding database path with different value: /Users/sheen/.stmcufinder/plugins/mcufinder/ => /Users/sheen/.stmcufinder/plugins/mcufinder
2025-09-15 17:53:15,213 [WARN] DbFile:41 - Overriding database path with different value: /Users/sheen/.stmcufinder/plugins/mcufinder/ => /Users/sheen/.stmcufinder/plugins/mcufinder
2025-09-15 17:53:15,213 [INFO] CrossReferenceDbSqlite:203 - Set database path to: /Users/sheen/.stmcufinder/plugins/mcufinder//mcu/cs/
2025-09-15 17:53:15,277 [INFO] MainPanel:274 - HeapMemory: 268435456
2025-09-15 17:53:15,873 [INFO] DbMcusXml:78 - Set database path to: /Applications/STM32CubeIDE.app/Contents/Eclipse/plugins/com.st.stm32cube.common.mx_6.15.0.202507011659//db//mcu/
2025-09-15 17:53:15,873 [INFO] ApiDb:274 - Set plugin database path to: /Applications/STM32CubeIDE.app/Contents/Eclipse/plugins/com.st.stm32cube.common.mx_6.15.0.202507011659//db//plugins/boardmanager/
2025-09-15 17:53:15,873 [INFO] ApiDb:261 - Set plugin images path to: /Applications/STM32CubeIDE.app/Contents/Eclipse/plugins/com.st.stm32cube.common.mx_6.15.0.202507011659//db//plugins/mcufinder/images/
2025-09-15 17:53:15,873 [WARN] DbFile:41 - Overriding database path with different value: /Users/sheen/.stmcufinder/plugins/mcufinder/ => /Users/sheen/.stmcufinder/plugins/mcufinder
2025-09-15 17:53:15,873 [INFO] ApiDb:250 - Set database path to: /Users/sheen/.stmcufinder/plugins/mcufinder//mcu/
2025-09-15 17:53:15,873 [WARN] DbFile:41 - Overriding database path with different value: /Users/sheen/.stmcufinder/plugins/mcufinder/ => /Users/sheen/.stmcufinder/plugins/mcufinder
2025-09-15 17:53:15,873 [INFO] DbMcusAds:125 - Set database path to: /Users/sheen/.stmcufinder/plugins/mcufinder//mcu/
2025-09-15 17:53:15,873 [WARN] DbFile:41 - Overriding database path with different value: /Users/sheen/.stmcufinder/plugins/mcufinder/ => /Users/sheen/.stmcufinder/plugins/mcufinder
2025-09-15 17:53:15,873 [WARN] DbFile:41 - Overriding database path with different value: /Users/sheen/.stmcufinder/plugins/mcufinder/ => /Users/sheen/.stmcufinder/plugins/mcufinder
2025-09-15 17:53:15,873 [INFO] CrossReferenceDbSqlite:203 - Set database path to: /Users/sheen/.stmcufinder/plugins/mcufinder//mcu/cs/
2025-09-15 17:53:15,890 [INFO] ApplicationProperties:184 - Using Application install path: /Applications/STM32CubeIDE.app/Contents/Eclipse/plugins/com.st.stm32cube.common.mx_6.15.0.202507011659
2025-09-15 17:53:15,891 [INFO] PluginManage:196 - Search for loadable plugins [exclusion list=, ]
2025-09-15 17:53:15,895 [INFO] PluginManage:310 - Check plugin analytics
2025-09-15 17:53:16,111 [INFO] AnalyticsPlugin:253 - Accepted Software Licenses: 
2025-09-15 17:53:16,111 [INFO] AnalyticsPlugin:255 - Accepted CMSIS Pack Licenses: 
2025-09-15 17:53:16,111 [INFO] AnalyticsPlugin:257 - Accepted Firmware Licenses: 
2025-09-15 17:53:16,118 [INFO] PluginManage:359 - Loaded plugin analytics (category:tool,tabindex:-1)
2025-09-15 17:53:16,119 [INFO] PluginManage:310 - Check plugin cadmodel
2025-09-15 17:53:16,130 [INFO] CADModel:105 - Init CAD model plugin
2025-09-15 17:53:16,130 [INFO] PluginManage:359 - Loaded plugin cadmodel (category:power,tabindex:5)
2025-09-15 17:53:16,131 [INFO] PluginManage:310 - Check plugin clock
2025-09-15 17:53:16,143 [INFO] PluginManage:359 - Loaded plugin clock (category:base,tabindex:2)
2025-09-15 17:53:16,143 [INFO] PluginManage:310 - Check plugin ddr
2025-09-15 17:53:16,145 [INFO] McuFinderGlobals:63 - Set McuFinder mode to 2 (CubeIDE integrated)
2025-09-15 17:53:16,146 [INFO] PluginManage:359 - Loaded plugin ddr (category:tool,tabindex:6)
2025-09-15 17:53:16,146 [INFO] PluginManage:310 - Check plugin filemanager
2025-09-15 17:53:16,579 [INFO] PluginManage:359 - Loaded plugin filemanager (category:base,tabindex:10)
2025-09-15 17:53:16,588 [INFO] PluginManage:310 - Check plugin ipmanager
2025-09-15 17:53:16,647 [INFO] PluginManage:359 - Loaded plugin ipmanager (category:base,tabindex:5)
2025-09-15 17:53:16,650 [INFO] PluginManage:310 - Check plugin lpbam
2025-09-15 17:53:16,681 [INFO] PluginManage:359 - Loaded plugin lpbam (category:base,tabindex:0)
2025-09-15 17:53:16,682 [INFO] PluginManage:310 - Check plugin memorymap
2025-09-15 17:53:16,699 [INFO] PluginManage:359 - Loaded plugin memorymap (category:base,tabindex:4)
2025-09-15 17:53:16,699 [INFO] PluginManage:310 - Check plugin pinoutandconfiguration
2025-09-15 17:53:16,707 [INFO] PluginManage:359 - Loaded plugin pinoutandconfiguration (category:base,tabindex:1)
2025-09-15 17:53:16,707 [INFO] PluginManage:310 - Check plugin pinoutconfig
2025-09-15 17:53:16,794 [WARN] SupportedApi:132 - Cannot load RTOS API schema: s4s-elt-must-match.1: The content of 'definitions' must match (annotation?, (simpleType | complexType)?, (unique | key | keyref)*)). A problem was found starting at: attribute.
2025-09-15 17:53:16,953 [INFO] PluginManage:359 - Loaded plugin pinoutconfig (category:base,tabindex:0)
2025-09-15 17:53:16,953 [INFO] PluginManage:310 - Check plugin power
2025-09-15 17:53:16,966 [INFO] PluginManage:359 - Loaded plugin power (category:power,tabindex:4)
2025-09-15 17:53:16,967 [INFO] PluginManage:310 - Check plugin projectmanager
2025-09-15 17:53:16,989 [INFO] PluginManage:359 - Loaded plugin projectmanager (category:projectmanager,tabindex:4)
2025-09-15 17:53:16,990 [INFO] PluginManage:310 - Check plugin rif
2025-09-15 17:53:16,995 [INFO] PluginManage:359 - Loaded plugin rif (category:base,tabindex:3)
2025-09-15 17:53:16,995 [INFO] PluginManage:310 - Check plugin thirdparty
2025-09-15 17:53:17,130 [INFO] PluginManage:359 - Loaded plugin thirdparty (category:base,tabindex:-1)
2025-09-15 17:53:17,132 [INFO] PluginManage:310 - Check plugin tools
2025-09-15 17:53:17,130 [WARN] IntegrityCheckThread:84 - waiting for thirdparty lock release [integrity check]
2025-09-15 17:53:17,134 [INFO] IntegrityCheckThread:86 - entering critical section [integrity check]
2025-09-15 17:53:17,135 [INFO] ThirdPartyUpdaterWithRetryManager:70 - Updater plugin not ready yet. [1/15]
2025-09-15 17:53:17,135 [INFO] PluginManage:359 - Loaded plugin tools (category:base,tabindex:7)
2025-09-15 17:53:17,135 [INFO] PluginManage:310 - Check plugin tutovideos
2025-09-15 17:53:17,298 [INFO] PluginManage:359 - Loaded plugin tutovideos (category:base,tabindex:-1)
2025-09-15 17:53:17,298 [INFO] PluginManage:310 - Check plugin updater
2025-09-15 17:53:17,325 [INFO] PluginManage:359 - Loaded plugin updater (category:base,tabindex:12)
2025-09-15 17:53:17,325 [INFO] PluginManage:310 - Check plugin userauth
2025-09-15 17:53:17,330 [INFO] UserAuth:118 - Init User Auth plugin
2025-09-15 17:53:17,333 [INFO] PluginManage:359 - Loaded plugin userauth (category:base,tabindex:14)
2025-09-15 17:53:17,334 [INFO] PluginManage:283 - PluginManage : Loaded plugins [18]
2025-09-15 17:53:20,141 [INFO] ThirdPartyUpdaterWithRetryManager:70 - Updater plugin not ready yet. [2/15]
2025-09-15 17:53:23,147 [INFO] ThirdPartyUpdaterWithRetryManager:70 - Updater plugin not ready yet. [3/15]
2025-09-15 17:53:26,155 [INFO] ThirdPartyUpdaterWithRetryManager:70 - Updater plugin not ready yet. [4/15]
2025-09-15 17:53:29,161 [INFO] ThirdPartyUpdaterWithRetryManager:70 - Updater plugin not ready yet. [5/15]
2025-09-15 17:53:32,165 [INFO] ThirdPartyUpdaterWithRetryManager:70 - Updater plugin not ready yet. [6/15]
2025-09-15 17:53:35,171 [INFO] ThirdPartyUpdaterWithRetryManager:70 - Updater plugin not ready yet. [7/15]
2025-09-15 17:53:38,178 [INFO] ThirdPartyUpdaterWithRetryManager:70 - Updater plugin not ready yet. [8/15]
2025-09-15 17:53:41,182 [INFO] ThirdPartyUpdaterWithRetryManager:70 - Updater plugin not ready yet. [9/15]
2025-09-15 17:53:44,192 [INFO] ThirdPartyUpdaterWithRetryManager:70 - Updater plugin not ready yet. [10/15]
2025-09-15 17:53:47,199 [INFO] ThirdPartyUpdaterWithRetryManager:70 - Updater plugin not ready yet. [11/15]
2025-09-15 17:53:50,205 [INFO] ThirdPartyUpdaterWithRetryManager:70 - Updater plugin not ready yet. [12/15]
2025-09-15 17:53:53,211 [INFO] ThirdPartyUpdaterWithRetryManager:70 - Updater plugin not ready yet. [13/15]
2025-09-15 17:53:56,214 [INFO] ThirdPartyUpdaterWithRetryManager:70 - Updater plugin not ready yet. [14/15]
2025-09-15 17:53:59,221 [INFO] ThirdPartyUpdaterWithRetryManager:70 - Updater plugin not ready yet. [15/15]
2025-09-15 17:53:59,222 [ERROR] AbstractThirdPartyUpdaterManager:170 - Updater plugin not retrieved
2025-09-15 17:53:59,224 [ERROR] IntegrityCheckThread:130 - Cannot retrieve database content from updater: error -1
2025-09-15 17:53:59,228 [INFO] ThirdParty:978 - Integrity check success = false
2025-09-15 17:53:59,228 [INFO] IntegrityCheckThread:100 - exiting critical section [integrity check]
2025-09-15 17:53:59,228 [INFO] IntegrityCheckThread:103 - End integrity checks thread
2025-09-15 17:55:11,435 [INFO] Activator:176 - 


2025-09-15 17:55:11,437 [INFO] Activator:177 - !SESSION log4j initialized
2025-09-15 17:55:12,220 [ERROR] LogOutputStream:75 - [STDERR_REDIRECT] 
2025-09-15 17:55:14,056 [INFO] LogOutputStream:77 - [STDOUT_REDIRECT] 
2025-09-15 17:55:15,912 [INFO] ApplicationProperties:184 - Using Application install path: /Applications/STM32CubeIDE.app/Contents/Eclipse/plugins/com.st.stm32cube.common.mx_6.15.0.202507011659
2025-09-15 17:55:15,925 [INFO] DbMcusXml:78 - Set database path to: /Applications/STM32CubeIDE.app/Contents/Eclipse/plugins/com.st.stm32cube.common.mx_6.15.0.202507011659//db//mcu/
2025-09-15 17:55:15,925 [INFO] ApiDb:274 - Set plugin database path to: /Applications/STM32CubeIDE.app/Contents/Eclipse/plugins/com.st.stm32cube.common.mx_6.15.0.202507011659//db//plugins/boardmanager/
2025-09-15 17:55:15,925 [WARN] ApiDb:259 - Overriding images path with different value:  => /Applications/STM32CubeIDE.app/Contents/Eclipse/plugins/com.st.stm32cube.common.mx_6.15.0.202507011659//db//plugins/mcufinder/images/
2025-09-15 17:55:15,929 [INFO] ApiDb:250 - Set database path to: /Users/sheen/.stmcufinder/plugins/mcufinder//mcu/
2025-09-15 17:55:15,930 [INFO] DbMcusAds:125 - Set database path to: /Users/sheen/.stmcufinder/plugins/mcufinder//mcu/
2025-09-15 17:55:15,931 [INFO] CrossReferenceDbSqlite:203 - Set database path to: /Users/sheen/.stmcufinder/plugins/mcufinder//mcu/cs/
2025-09-15 17:55:16,065 [INFO] RulesReader:64 - Compatibility file has been processed (317 Rules)
2025-09-15 17:55:16,118 [INFO] DbMcusXml:78 - Set database path to: /Applications/STM32CubeIDE.app/Contents/Eclipse/plugins/com.st.stm32cube.common.mx_6.15.0.202507011659//db//mcu/
2025-09-15 17:55:16,118 [INFO] ApiDb:274 - Set plugin database path to: /Applications/STM32CubeIDE.app/Contents/Eclipse/plugins/com.st.stm32cube.common.mx_6.15.0.202507011659//db//plugins/boardmanager/
2025-09-15 17:55:16,118 [INFO] ApiDb:261 - Set plugin images path to: /Applications/STM32CubeIDE.app/Contents/Eclipse/plugins/com.st.stm32cube.common.mx_6.15.0.202507011659//db//plugins/mcufinder/images/
2025-09-15 17:55:16,119 [WARN] DbFile:41 - Overriding database path with different value: /Users/sheen/.stmcufinder/plugins/mcufinder/ => /Users/sheen/.stmcufinder/plugins/mcufinder
2025-09-15 17:55:16,119 [INFO] ApiDb:250 - Set database path to: /Users/sheen/.stmcufinder/plugins/mcufinder//mcu/
2025-09-15 17:55:16,119 [WARN] DbFile:41 - Overriding database path with different value: /Users/sheen/.stmcufinder/plugins/mcufinder/ => /Users/sheen/.stmcufinder/plugins/mcufinder
2025-09-15 17:55:16,119 [INFO] DbMcusAds:125 - Set database path to: /Users/sheen/.stmcufinder/plugins/mcufinder//mcu/
2025-09-15 17:55:16,119 [WARN] DbFile:41 - Overriding database path with different value: /Users/sheen/.stmcufinder/plugins/mcufinder/ => /Users/sheen/.stmcufinder/plugins/mcufinder
2025-09-15 17:55:16,119 [WARN] DbFile:41 - Overriding database path with different value: /Users/sheen/.stmcufinder/plugins/mcufinder/ => /Users/sheen/.stmcufinder/plugins/mcufinder
2025-09-15 17:55:16,119 [INFO] CrossReferenceDbSqlite:203 - Set database path to: /Users/sheen/.stmcufinder/plugins/mcufinder//mcu/cs/
2025-09-15 17:55:16,191 [INFO] MainPanel:274 - HeapMemory: 268435456
2025-09-15 17:55:16,590 [INFO] DbMcusXml:78 - Set database path to: /Applications/STM32CubeIDE.app/Contents/Eclipse/plugins/com.st.stm32cube.common.mx_6.15.0.202507011659//db//mcu/
2025-09-15 17:55:16,590 [INFO] ApiDb:274 - Set plugin database path to: /Applications/STM32CubeIDE.app/Contents/Eclipse/plugins/com.st.stm32cube.common.mx_6.15.0.202507011659//db//plugins/boardmanager/
2025-09-15 17:55:16,590 [INFO] ApiDb:261 - Set plugin images path to: /Applications/STM32CubeIDE.app/Contents/Eclipse/plugins/com.st.stm32cube.common.mx_6.15.0.202507011659//db//plugins/mcufinder/images/
2025-09-15 17:55:16,590 [WARN] DbFile:41 - Overriding database path with different value: /Users/sheen/.stmcufinder/plugins/mcufinder/ => /Users/sheen/.stmcufinder/plugins/mcufinder
2025-09-15 17:55:16,590 [INFO] ApiDb:250 - Set database path to: /Users/sheen/.stmcufinder/plugins/mcufinder//mcu/
2025-09-15 17:55:16,591 [WARN] DbFile:41 - Overriding database path with different value: /Users/sheen/.stmcufinder/plugins/mcufinder/ => /Users/sheen/.stmcufinder/plugins/mcufinder
2025-09-15 17:55:16,591 [INFO] DbMcusAds:125 - Set database path to: /Users/sheen/.stmcufinder/plugins/mcufinder//mcu/
2025-09-15 17:55:16,591 [WARN] DbFile:41 - Overriding database path with different value: /Users/sheen/.stmcufinder/plugins/mcufinder/ => /Users/sheen/.stmcufinder/plugins/mcufinder
2025-09-15 17:55:16,591 [WARN] DbFile:41 - Overriding database path with different value: /Users/sheen/.stmcufinder/plugins/mcufinder/ => /Users/sheen/.stmcufinder/plugins/mcufinder
2025-09-15 17:55:16,591 [INFO] CrossReferenceDbSqlite:203 - Set database path to: /Users/sheen/.stmcufinder/plugins/mcufinder//mcu/cs/
2025-09-15 17:55:16,605 [INFO] ApplicationProperties:184 - Using Application install path: /Applications/STM32CubeIDE.app/Contents/Eclipse/plugins/com.st.stm32cube.common.mx_6.15.0.202507011659
2025-09-15 17:55:16,606 [INFO] PluginManage:196 - Search for loadable plugins [exclusion list=, ]
2025-09-15 17:55:16,608 [INFO] PluginManage:310 - Check plugin analytics
2025-09-15 17:55:16,814 [INFO] AnalyticsPlugin:253 - Accepted Software Licenses: 
2025-09-15 17:55:16,814 [INFO] AnalyticsPlugin:255 - Accepted CMSIS Pack Licenses: 
2025-09-15 17:55:16,814 [INFO] AnalyticsPlugin:257 - Accepted Firmware Licenses: 
2025-09-15 17:55:16,828 [INFO] PluginManage:359 - Loaded plugin analytics (category:tool,tabindex:-1)
2025-09-15 17:55:16,831 [INFO] PluginManage:310 - Check plugin cadmodel
2025-09-15 17:55:16,844 [INFO] CADModel:105 - Init CAD model plugin
2025-09-15 17:55:16,844 [INFO] PluginManage:359 - Loaded plugin cadmodel (category:power,tabindex:5)
2025-09-15 17:55:16,845 [INFO] PluginManage:310 - Check plugin clock
2025-09-15 17:55:16,856 [INFO] PluginManage:359 - Loaded plugin clock (category:base,tabindex:2)
2025-09-15 17:55:16,856 [INFO] PluginManage:310 - Check plugin ddr
2025-09-15 17:55:16,858 [INFO] PluginManage:359 - Loaded plugin ddr (category:tool,tabindex:6)
2025-09-15 17:55:16,858 [INFO] PluginManage:310 - Check plugin filemanager
2025-09-15 17:55:17,265 [INFO] PluginManage:359 - Loaded plugin filemanager (category:base,tabindex:10)
2025-09-15 17:55:17,270 [INFO] PluginManage:310 - Check plugin ipmanager
2025-09-15 17:55:17,325 [INFO] PluginManage:359 - Loaded plugin ipmanager (category:base,tabindex:5)
2025-09-15 17:55:17,326 [INFO] PluginManage:310 - Check plugin lpbam
2025-09-15 17:55:17,357 [INFO] PluginManage:359 - Loaded plugin lpbam (category:base,tabindex:0)
2025-09-15 17:55:17,357 [INFO] PluginManage:310 - Check plugin memorymap
2025-09-15 17:55:17,376 [INFO] PluginManage:359 - Loaded plugin memorymap (category:base,tabindex:4)
2025-09-15 17:55:17,376 [INFO] PluginManage:310 - Check plugin pinoutandconfiguration
2025-09-15 17:55:17,383 [INFO] PluginManage:359 - Loaded plugin pinoutandconfiguration (category:base,tabindex:1)
2025-09-15 17:55:17,383 [INFO] PluginManage:310 - Check plugin pinoutconfig
2025-09-15 17:55:17,491 [WARN] SupportedApi:132 - Cannot load RTOS API schema: s4s-elt-must-match.1: The content of 'definitions' must match (annotation?, (simpleType | complexType)?, (unique | key | keyref)*)). A problem was found starting at: attribute.
2025-09-15 17:55:17,674 [INFO] PluginManage:359 - Loaded plugin pinoutconfig (category:base,tabindex:0)
2025-09-15 17:55:17,674 [INFO] PluginManage:310 - Check plugin power
2025-09-15 17:55:17,686 [INFO] PluginManage:359 - Loaded plugin power (category:power,tabindex:4)
2025-09-15 17:55:17,686 [INFO] PluginManage:310 - Check plugin projectmanager
2025-09-15 17:55:17,709 [INFO] PluginManage:359 - Loaded plugin projectmanager (category:projectmanager,tabindex:4)
2025-09-15 17:55:17,709 [INFO] PluginManage:310 - Check plugin rif
2025-09-15 17:55:17,715 [INFO] PluginManage:359 - Loaded plugin rif (category:base,tabindex:3)
2025-09-15 17:55:17,715 [INFO] PluginManage:310 - Check plugin thirdparty
2025-09-15 17:55:17,873 [INFO] PluginManage:359 - Loaded plugin thirdparty (category:base,tabindex:-1)
2025-09-15 17:55:17,874 [INFO] PluginManage:310 - Check plugin tools
2025-09-15 17:55:17,873 [WARN] IntegrityCheckThread:84 - waiting for thirdparty lock release [integrity check]
2025-09-15 17:55:17,880 [INFO] IntegrityCheckThread:86 - entering critical section [integrity check]
2025-09-15 17:55:17,881 [INFO] ThirdPartyUpdaterWithRetryManager:70 - Updater plugin not ready yet. [1/15]
2025-09-15 17:55:17,882 [INFO] PluginManage:359 - Loaded plugin tools (category:base,tabindex:7)
2025-09-15 17:55:17,883 [INFO] PluginManage:310 - Check plugin tutovideos
2025-09-15 17:55:18,065 [INFO] PluginManage:359 - Loaded plugin tutovideos (category:base,tabindex:-1)
2025-09-15 17:55:18,065 [INFO] PluginManage:310 - Check plugin updater
2025-09-15 17:55:18,096 [INFO] PluginManage:359 - Loaded plugin updater (category:base,tabindex:12)
2025-09-15 17:55:18,096 [INFO] PluginManage:310 - Check plugin userauth
2025-09-15 17:55:18,102 [INFO] UserAuth:118 - Init User Auth plugin
2025-09-15 17:55:18,103 [INFO] PluginManage:359 - Loaded plugin userauth (category:base,tabindex:14)
2025-09-15 17:55:18,104 [INFO] PluginManage:283 - PluginManage : Loaded plugins [18]
2025-09-15 17:55:18,326 [INFO] PinOutPanel:1589 - setPackage(No Configuration,No Configuration)
2025-09-15 17:55:18,392 [INFO] CADModel:165 - CPN selected for project level
2025-09-15 17:55:18,392 [INFO] CADModel:114 - Register for checkConnection events
2025-09-15 17:55:18,402 [INFO] IPUIPlugin:80 - create IPUIPlugin
2025-09-15 17:55:18,402 [INFO] PluginManager:220 - loadIPPluginJar : add mdma
2025-09-15 17:55:18,407 [INFO] IPUIPlugin:80 - create IPUIPlugin
2025-09-15 17:55:18,407 [INFO] PluginManager:220 - loadIPPluginJar : add freertos
2025-09-15 17:55:18,410 [INFO] IPUIPlugin:80 - create IPUIPlugin
2025-09-15 17:55:18,410 [INFO] PluginManager:220 - loadIPPluginJar : add gic
2025-09-15 17:55:18,416 [INFO] IPUIPlugin:80 - create IPUIPlugin
2025-09-15 17:55:18,416 [INFO] PluginManager:220 - loadIPPluginJar : add adc
2025-09-15 17:55:18,417 [INFO] IPUIPlugin:80 - create IPUIPlugin
2025-09-15 17:55:18,417 [INFO] PluginManager:220 - loadIPPluginJar : add gtzc
2025-09-15 17:55:18,418 [INFO] IPUIPlugin:80 - create IPUIPlugin
2025-09-15 17:55:18,418 [INFO] PluginManager:220 - loadIPPluginJar : add quadspi
2025-09-15 17:55:18,419 [INFO] IPUIPlugin:80 - create IPUIPlugin
2025-09-15 17:55:18,419 [INFO] PluginManager:220 - loadIPPluginJar : add aes
2025-09-15 17:55:18,421 [INFO] IPUIPlugin:80 - create IPUIPlugin
2025-09-15 17:55:18,421 [INFO] PluginManager:220 - loadIPPluginJar : add pdm2pcm
2025-09-15 17:55:18,422 [INFO] IPUIPlugin:80 - create IPUIPlugin
2025-09-15 17:55:18,422 [INFO] PluginManager:220 - loadIPPluginJar : add hash
2025-09-15 17:55:18,423 [INFO] IPUIPlugin:80 - create IPUIPlugin
2025-09-15 17:55:18,423 [INFO] PluginManager:220 - loadIPPluginJar : add tim
2025-09-15 17:55:18,424 [INFO] IPUIPlugin:80 - create IPUIPlugin
2025-09-15 17:55:18,424 [INFO] PluginManager:220 - loadIPPluginJar : add tsc
2025-09-15 17:55:18,426 [INFO] IPUIPlugin:80 - create IPUIPlugin
2025-09-15 17:55:18,426 [INFO] PluginManager:220 - loadIPPluginJar : add extmemmanager
2025-09-15 17:55:18,427 [INFO] IPUIPlugin:80 - create IPUIPlugin
2025-09-15 17:55:18,427 [INFO] PluginManager:220 - loadIPPluginJar : add ts
2025-09-15 17:55:18,428 [INFO] IPUIPlugin:80 - create IPUIPlugin
2025-09-15 17:55:18,428 [INFO] PluginManager:220 - loadIPPluginJar : add radio
2025-09-15 17:55:18,429 [INFO] IPUIPlugin:80 - create IPUIPlugin
2025-09-15 17:55:18,429 [INFO] PluginManager:220 - loadIPPluginJar : add can
2025-09-15 17:55:18,430 [INFO] IPUIPlugin:80 - create IPUIPlugin
2025-09-15 17:55:18,430 [INFO] PluginManager:220 - loadIPPluginJar : add dma3
2025-09-15 17:55:18,431 [INFO] IPUIPlugin:80 - create IPUIPlugin
2025-09-15 17:55:18,431 [INFO] PluginManager:220 - loadIPPluginJar : add dfsdm
2025-09-15 17:55:18,432 [INFO] IPUIPlugin:80 - create IPUIPlugin
2025-09-15 17:55:18,432 [INFO] PluginManager:220 - loadIPPluginJar : add spi
2025-09-15 17:55:18,433 [INFO] IPUIPlugin:80 - create IPUIPlugin
2025-09-15 17:55:18,433 [INFO] PluginManager:220 - loadIPPluginJar : add gfxmmu
2025-09-15 17:55:18,434 [INFO] IPUIPlugin:80 - create IPUIPlugin
2025-09-15 17:55:18,434 [INFO] PluginManager:220 - loadIPPluginJar : add genericplugin
2025-09-15 17:55:18,435 [INFO] IPUIPlugin:80 - create IPUIPlugin
2025-09-15 17:55:18,435 [INFO] PluginManager:220 - loadIPPluginJar : add cryp
2025-09-15 17:55:18,438 [INFO] IPUIPlugin:80 - create IPUIPlugin
2025-09-15 17:55:18,438 [INFO] PluginManager:220 - loadIPPluginJar : add gpio
2025-09-15 17:55:18,440 [INFO] IPUIPlugin:80 - create IPUIPlugin
2025-09-15 17:55:18,440 [INFO] PluginManager:220 - loadIPPluginJar : add ddr_ctrl_phy
2025-09-15 17:55:18,441 [INFO] IPUIPlugin:80 - create IPUIPlugin
2025-09-15 17:55:18,441 [INFO] PluginManager:220 - loadIPPluginJar : add comp
2025-09-15 17:55:18,442 [INFO] IPUIPlugin:80 - create IPUIPlugin
2025-09-15 17:55:18,443 [INFO] PluginManager:220 - loadIPPluginJar : add tracer_emb
2025-09-15 17:55:18,444 [INFO] IPUIPlugin:80 - create IPUIPlugin
2025-09-15 17:55:18,444 [INFO] PluginManager:220 - loadIPPluginJar : add openamp
2025-09-15 17:55:18,447 [INFO] IPUIPlugin:80 - create IPUIPlugin
2025-09-15 17:55:18,448 [INFO] PluginManager:220 - loadIPPluginJar : add stm32_wpan
2025-09-15 17:55:18,451 [INFO] IPUIPlugin:80 - create IPUIPlugin
2025-09-15 17:55:18,453 [INFO] PluginManager:220 - loadIPPluginJar : add plateformsettings
2025-09-15 17:55:18,455 [INFO] IPUIPlugin:80 - create IPUIPlugin
2025-09-15 17:55:18,455 [INFO] PluginManager:220 - loadIPPluginJar : add ipddr
2025-09-15 17:55:18,456 [INFO] IPUIPlugin:80 - create IPUIPlugin
2025-09-15 17:55:18,456 [INFO] PluginManager:220 - loadIPPluginJar : add usart
2025-09-15 17:55:18,456 [INFO] IPUIPlugin:80 - create IPUIPlugin
2025-09-15 17:55:18,456 [INFO] PluginManager:220 - loadIPPluginJar : add ltdc
2025-09-15 17:55:18,458 [INFO] IPUIPlugin:80 - create IPUIPlugin
2025-09-15 17:55:18,458 [INFO] PluginManager:220 - loadIPPluginJar : add nvic
2025-09-15 17:55:18,459 [INFO] IPUIPlugin:80 - create IPUIPlugin
2025-09-15 17:55:18,459 [INFO] PluginManager:220 - loadIPPluginJar : add fatfs
2025-09-15 17:55:18,463 [INFO] IPUIPlugin:80 - create IPUIPlugin
2025-09-15 17:55:18,463 [INFO] PluginManager:220 - loadIPPluginJar : add linkedlist
2025-09-15 17:55:18,466 [INFO] IPUIPlugin:80 - create IPUIPlugin
2025-09-15 17:55:18,466 [INFO] PluginManager:220 - loadIPPluginJar : add dma
2025-09-15 17:55:18,468 [INFO] IPUIPlugin:80 - create IPUIPlugin
2025-09-15 17:55:18,468 [INFO] PluginManager:220 - loadIPPluginJar : add fmc
2025-09-15 17:55:18,469 [INFO] IPUIPlugin:80 - create IPUIPlugin
2025-09-15 17:55:18,469 [INFO] PluginManager:220 - loadIPPluginJar : add i2s
2025-09-15 17:55:18,470 [INFO] IPUIPlugin:80 - create IPUIPlugin
2025-09-15 17:55:18,470 [INFO] PluginManager:220 - loadIPPluginJar : add ucpd
2025-09-15 17:55:18,471 [INFO] IPUIPlugin:80 - create IPUIPlugin
2025-09-15 17:55:18,471 [INFO] PluginManager:220 - loadIPPluginJar : add lorawan
2025-09-15 17:55:18,472 [INFO] IPUIPlugin:80 - create IPUIPlugin
2025-09-15 17:55:18,473 [INFO] PluginManager:220 - loadIPPluginJar : add opamp
2025-09-15 17:55:18,477 [INFO] IPUIPlugin:80 - create IPUIPlugin
2025-09-15 17:55:18,477 [INFO] PluginManager:220 - loadIPPluginJar : add i3c
2025-09-15 17:55:18,479 [INFO] IPUIPlugin:80 - create IPUIPlugin
2025-09-15 17:55:18,479 [INFO] PluginManager:220 - loadIPPluginJar : add touchsensing
2025-09-15 17:55:18,481 [INFO] IPUIPlugin:80 - create IPUIPlugin
2025-09-15 17:55:18,481 [INFO] PluginManager:220 - loadIPPluginJar : add i2c
2025-09-15 17:55:18,483 [INFO] IPUIPlugin:80 - create IPUIPlugin
2025-09-15 17:55:18,483 [INFO] PluginManager:220 - loadIPPluginJar : add resmgrutility
2025-09-15 17:55:18,485 [INFO] IPUIPlugin:80 - create IPUIPlugin
2025-09-15 17:55:18,485 [INFO] PluginManager:220 - loadIPPluginJar : add sai
2025-09-15 17:55:18,487 [INFO] IPUIPlugin:80 - create IPUIPlugin
2025-09-15 17:55:18,487 [INFO] PluginManager:220 - loadIPPluginJar : add usbx
2025-09-15 17:55:18,609 [FATAL] Updater:351 - Updater called before beeing initialized
2025-09-15 17:55:18,696 [INFO] RulesReader:64 - Compatibility file has been processed (317 Rules)
2025-09-15 17:55:18,716 [INFO] RulesReader:64 - Compatibility file has been processed (317 Rules)
2025-09-15 17:55:18,724 [INFO] CADModel:165 - CPN selected for project level
2025-09-15 17:55:18,725 [INFO] CADModel:114 - Register for checkConnection events
2025-09-15 17:55:18,725 [FATAL] Updater:351 - Updater called before beeing initialized
2025-09-15 17:55:18,725 [ERROR] CADModel:125 - Updater not yet initialized, retry later 
2025-09-15 17:55:19,259 [FATAL] Updater:351 - Updater called before beeing initialized
2025-09-15 17:55:19,260 [INFO] CADModel:165 - CPN selected for project level
2025-09-15 17:55:19,260 [INFO] CADModel:114 - Register for checkConnection events
2025-09-15 17:55:19,260 [FATAL] Updater:351 - Updater called before beeing initialized
2025-09-15 17:55:19,260 [ERROR] CADModel:125 - Updater not yet initialized, retry later 
2025-09-15 17:55:19,262 [FATAL] Updater:351 - Updater called before beeing initialized
2025-09-15 17:55:19,403 [FATAL] Updater:351 - Updater called before beeing initialized
2025-09-15 17:55:19,408 [INFO] DbMcusAds:53 - JSON generation date=Tue Jul 08 01:14:23 PDT 2025 (1751962463582)
2025-09-15 17:55:19,408 [FATAL] Updater:351 - Updater called before beeing initialized
2025-09-15 17:55:19,466 [WARN] DetailPanel:346 - Failed to get advertising image, set to default
2025-09-15 17:55:19,540 [FATAL] Updater:351 - Updater called before beeing initialized
2025-09-15 17:55:19,543 [FATAL] Updater:351 - Updater called before beeing initialized
2025-09-15 17:55:19,544 [FATAL] Updater:351 - Updater called before beeing initialized
2025-09-15 17:55:19,545 [WARN] DetailPanel:346 - Failed to get advertising image, set to default
2025-09-15 17:55:19,546 [FATAL] Updater:351 - Updater called before beeing initialized
2025-09-15 17:55:19,625 [ERROR] Updater:1198 - MainUpdater not yet initialized. External WinMGr cannot be set.
2025-09-15 17:55:19,634 [INFO] Updater:1134 - Updater Version found : 6.15.0
2025-09-15 17:55:19,645 [INFO] ApplicationProperties:184 - Using Application install path: /Applications/STM32CubeIDE.app/Contents/Eclipse/plugins/com.st.stm32cube.common.mx_6.15.0.202507011659
2025-09-15 17:55:19,976 [INFO] MainUpdater:2872 - connection check result : 10
2025-09-15 17:55:19,977 [INFO] MainUpdater:289 - Updater Check For Update Now.
2025-09-15 17:55:19,977 [INFO] MicroXplorer:498 - Change Database Version : DB.6.0.150
2025-09-15 17:55:19,985 [INFO] McuFinderGlobals:63 - Set McuFinder mode to 2 (CubeIDE integrated)
2025-09-15 17:55:19,986 [INFO] UserAuth:171 - activating auth plugin
2025-09-15 17:55:20,001 [INFO] UserAuth:487 - Internet connection configuration mode: 1
2025-09-15 17:55:20,014 [INFO] JxBrowserEngine:152 - Initiate JxBrowser Engine with user profile folder
2025-09-15 17:55:20,271 [INFO] CheckServerUpdateThread:120 - End of CheckServer Thread
2025-09-15 17:55:21,056 [WARN] PackLoader:240 - Cannot read IP mode file for STMicroelectronics.FP-SNS-MOTENVWB1.1.4.0
2025-09-15 17:55:21,072 [WARN] PackLoader:240 - Cannot read IP mode file for STMicroelectronics.FP-ATR-ASTRA1.2.0.2
2025-09-15 17:55:21,082 [WARN] PackLoader:240 - Cannot read IP mode file for STMicroelectronics.X-CUBE-SMBUS.2.1.0
2025-09-15 17:55:21,088 [WARN] PackLoader:240 - Cannot read IP mode file for STMicroelectronics.X-CUBE-ST60.1.0.0
2025-09-15 17:55:21,151 [WARN] PackLoader:240 - Cannot read IP mode file for STMicroelectronics.X-CUBE-AZRTOS-F7.1.1.0
2025-09-15 17:55:21,247 [WARN] PackLoader:240 - Cannot read IP mode file for Infineon.AIROC-Wi-Fi-Bluetooth-STM32.1.7.1
2025-09-15 17:55:21,336 [WARN] PackLoader:240 - Cannot read IP mode file for STMicroelectronics.X-CUBE-AZRTOS-H7.3.4.0
2025-09-15 17:55:21,383 [WARN] PackLoader:240 - Cannot read IP mode file for STMicroelectronics.X-CUBE-DISPLAY.3.0.0
2025-09-15 17:55:21,408 [WARN] PackLoader:240 - Cannot read IP mode file for STMicroelectronics.X-CUBE-NFC10.1.0.0
2025-09-15 17:55:21,431 [WARN] PackLoader:240 - Cannot read IP mode file for emotas.I-CUBE-CANOPEN.1.3.0
2025-09-15 17:55:21,445 [WARN] PackLoader:240 - Cannot read IP mode file for STMicroelectronics.FP-SNS-STBOX1.2.1.0
2025-09-15 17:55:21,455 [WARN] PackLoader:240 - Cannot read IP mode file for STMicroelectronics.FP-SNS-SMARTAG2.1.2.0
2025-09-15 17:55:21,461 [WARN] PackLoader:240 - Cannot read IP mode file for STMicroelectronics.FP-SNS-FLIGHT1.5.1.0
2025-09-15 17:55:21,469 [INFO] LogOutputStream:77 - [STDOUT_REDIRECT] 1 : Invalid condition id : UX_CORESTACK_Condition cause : null
2025-09-15 17:55:21,469 [INFO] LogOutputStream:77 - [STDOUT_REDIRECT] 1 : Invalid condition id : UX_CORESTACK_Condition cause : null
2025-09-15 17:55:21,470 [INFO] LogOutputStream:77 - [STDOUT_REDIRECT] 1 : Invalid condition id : UX_CORESTACK_Condition cause : null
2025-09-15 17:55:21,470 [INFO] LogOutputStream:77 - [STDOUT_REDIRECT] 1 : Invalid condition id : UX_CORESTACK_Condition cause : null
2025-09-15 17:55:21,470 [INFO] LogOutputStream:77 - [STDOUT_REDIRECT] 1 : Invalid condition id : UX_CORESTACK_Condition cause : null
2025-09-15 17:55:21,477 [WARN] PackLoader:240 - Cannot read IP mode file for STMicroelectronics.X-CUBE-AZRTOS-WL.2.0.0
2025-09-15 17:55:21,482 [WARN] PackLoader:240 - Cannot read IP mode file for STMicroelectronics.FP-SNS-MOTENV1.5.0.0
2025-09-15 17:55:21,492 [WARN] PackLoader:240 - Cannot read IP mode file for WES.I-CUBE-Cesium.1.3.0
2025-09-15 17:55:21,518 [WARN] PackLoader:240 - Cannot read IP mode file for STMicroelectronics.X-CUBE-BLE2.3.3.0
2025-09-15 17:55:21,544 [WARN] PackLoader:240 - Cannot read IP mode file for STMicroelectronics.X-CUBE-NFC9.1.0.0
2025-09-15 17:55:21,555 [WARN] PackLoader:240 - Cannot read IP mode file for wolfSSL.I-CUBE-wolfSSL.5.8.2
2025-09-15 17:55:21,578 [WARN] PackLoader:240 - Cannot read IP mode file for STMicroelectronics.X-CUBE-BLE1.7.1.0
2025-09-15 17:55:21,586 [WARN] PackLoader:240 - Cannot read IP mode file for wolfSSL.I-CUBE-wolfMQTT.1.19.2
2025-09-15 17:55:21,591 [WARN] PackLoader:240 - Cannot read IP mode file for STMicroelectronics.X-CUBE-EEPRMA1.5.2.0
2025-09-15 17:55:21,596 [WARN] PackLoader:240 - Cannot read IP mode file for STMicroelectronics.X-CUBE-AI.10.1.0
2025-09-15 17:55:21,616 [WARN] PackLoader:240 - Cannot read IP mode file for STMicroelectronics.X-CUBE-AZRTOS-G0.1.1.0
2025-09-15 17:55:21,627 [WARN] PackLoader:240 - Cannot read IP mode file for STMicroelectronics.X-CUBE-SAFEA1.1.2.2
2025-09-15 17:55:21,633 [WARN] PackLoader:240 - Cannot read IP mode file for STMicroelectronics.X-CUBE-NFC4.3.0.0
2025-09-15 17:55:21,650 [WARN] PackLoader:240 - Cannot read IP mode file for EmbeddedOffice.I-CUBE-FS-RTOS.1.0.1
2025-09-15 17:55:21,661 [WARN] PackLoader:240 - Cannot read IP mode file for STMicroelectronics.X-CUBE-WB05N.2.0.0
2025-09-15 17:55:21,670 [WARN] PackLoader:240 - Cannot read IP mode file for wolfSSL.I-CUBE-wolfTPM.3.8.0
2025-09-15 17:55:21,676 [WARN] PackLoader:240 - Cannot read IP mode file for STMicroelectronics.X-CUBE-TCPP.4.2.0
2025-09-15 17:55:21,684 [WARN] PackLoader:240 - Cannot read IP mode file for RealThread.X-CUBE-RT-Thread_Nano.4.1.1
2025-09-15 17:55:21,686 [WARN] PackLoader:240 - Cannot read IP mode file for STMicroelectronics.FP-ATR-SIGFOX1.3.2.0
2025-09-15 17:55:21,690 [WARN] PackLoader:240 - Cannot read IP mode file for ITTIA_DB.I-CUBE-ITTIADB.8.9.0
2025-09-15 17:55:21,696 [WARN] PackLoader:240 - Cannot read IP mode file for STMicroelectronics.X-CUBE-ST67W61.1.0.0
2025-09-15 17:55:21,700 [WARN] PackLoader:240 - Cannot read IP mode file for STMicroelectronics.X-CUBE-AI.10.2.0
2025-09-15 17:55:21,751 [WARN] PackLoader:240 - Cannot read IP mode file for SEGGER.I-CUBE-embOS.1.3.1
2025-09-15 17:55:21,802 [WARN] PackLoader:240 - Cannot read IP mode file for STMicroelectronics.X-CUBE-ALGOBUILD.1.4.0
2025-09-15 17:55:21,987 [WARN] PackLoader:240 - Cannot read IP mode file for STMicroelectronics.X-CUBE-MEMS1.11.3.0
2025-09-15 17:55:22,229 [WARN] PackLoader:240 - Cannot read IP mode file for STMicroelectronics.X-CUBE-PM33A1.1.0.0
2025-09-15 17:55:22,271 [WARN] PackLoader:240 - Cannot read IP mode file for STMicroelectronics.X-CUBE-AZRTOS-F4.1.1.0
2025-09-15 17:55:22,278 [WARN] PackLoader:240 - Cannot read IP mode file for Avnet-IotConnect.X-CUBE-IoTC-DA16k-PMOD.1.0.0
2025-09-15 17:55:22,286 [WARN] PackLoader:240 - Cannot read IP mode file for STMicroelectronics.X-CUBE-ISPU.2.1.0
2025-09-15 17:55:22,321 [WARN] PackLoader:240 - Cannot read IP mode file for STMicroelectronics.X-CUBE-NFC12.1.0.0
2025-09-15 17:55:22,360 [WARN] PackLoader:240 - Cannot read IP mode file for STMicroelectronics.X-CUBE-AZRTOS-L5.2.0.0
2025-09-15 17:55:22,379 [WARN] PackLoader:240 - Cannot read IP mode file for STMicroelectronics.X-CUBE-NFC6.3.1.0
2025-09-15 17:55:22,398 [WARN] PackLoader:240 - Cannot read IP mode file for STMicroelectronics.X-CUBE-FREERTOS.1.3.1
2025-09-15 17:55:22,409 [WARN] PackLoader:240 - Cannot read IP mode file for STMicroelectronics.FP-SNS-STAIOTCFT.1.0.0
2025-09-15 17:55:22,415 [WARN] PackLoader:240 - Cannot read IP mode file for STMicroelectronics.X-CUBE-DPower.1.3.0
2025-09-15 17:55:22,434 [WARN] ConditionMgr:438 - getConditionDescription Invalid condition id : LAN8742 Phy interface Condition cause : null
2025-09-15 17:55:22,436 [WARN] PackLoader:240 - Cannot read IP mode file for STMicroelectronics.X-CUBE-AZRTOS-L4.2.0.0
2025-09-15 17:55:22,440 [WARN] ConditionMgr:1044 - genDependencies : Invalid condition id : LAN8742 Phy interface Condition cause : null
2025-09-15 17:55:22,442 [WARN] ConditionMgr:1044 - genDependencies : Invalid condition id : LAN8742 Phy interface Condition cause : null
2025-09-15 17:55:22,444 [WARN] ConditionMgr:1044 - genDependencies : Invalid condition id : LAN8742 Phy interface Condition cause : null
2025-09-15 17:55:22,451 [WARN] PackLoader:240 - Cannot read IP mode file for STMicroelectronics.X-CUBE-SFXS2LP1.4.0.0
2025-09-15 17:55:22,471 [WARN] PackLoader:240 - Cannot read IP mode file for STMicroelectronics.X-CUBE-BLEMGR.4.1.0
2025-09-15 17:55:22,491 [WARN] ConditionMgr:438 - getConditionDescription Invalid condition id : UX DEVICE CLASS RTOS Condition cause : null
2025-09-15 17:55:22,492 [WARN] ConditionMgr:438 - getConditionDescription Invalid condition id : UX DEVICE CLASS RTOS Condition cause : null
2025-09-15 17:55:22,495 [WARN] PackLoader:240 - Cannot read IP mode file for STMicroelectronics.X-CUBE-AZRTOS-WB.2.0.0
2025-09-15 17:55:22,512 [WARN] ConditionMgr:1044 - genDependencies : Invalid condition id : UX DEVICE CLASS RTOS Condition cause : null
2025-09-15 17:55:22,512 [WARN] ConditionMgr:1044 - genDependencies : Invalid condition id : UX DEVICE CLASS RTOS Condition cause : null
2025-09-15 17:55:22,513 [WARN] ConditionMgr:1044 - genDependencies : Invalid condition id : UX DEVICE CLASS RTOS Condition cause : null
2025-09-15 17:55:22,513 [WARN] ConditionMgr:1044 - genDependencies : Invalid condition id : UX DEVICE CLASS RTOS Condition cause : null
2025-09-15 17:55:22,513 [WARN] ConditionMgr:1044 - genDependencies : Invalid condition id : UX DEVICE CLASS RTOS Condition cause : null
2025-09-15 17:55:22,520 [WARN] PackLoader:240 - Cannot read IP mode file for STMicroelectronics.X-CUBE-GNSS1.7.0.1
2025-09-15 17:55:22,538 [WARN] PackLoader:240 - Cannot read IP mode file for STMicroelectronics.X-CUBE-TOUCHGFX.4.25.0
2025-09-15 17:55:22,544 [WARN] PackLoader:240 - Cannot read IP mode file for STMicroelectronics.FP-SNS-STBOX1.2.0.0
2025-09-15 17:55:22,548 [WARN] ConditionMgr:438 - getConditionDescription Invalid condition id : Cortex-A Device cause : null
2025-09-15 17:55:22,606 [WARN] ConditionMgr:1044 - genDependencies : Invalid condition id : Cortex-A Device cause : null
2025-09-15 17:55:22,606 [WARN] ConditionMgr:1044 - genDependencies : Invalid condition id : Cortex-A Device cause : null
2025-09-15 17:55:22,607 [WARN] ConditionMgr:1044 - genDependencies : Invalid condition id : Cortex-A Device cause : null
2025-09-15 17:55:22,624 [WARN] PackLoader:240 - Cannot read IP mode file for STMicroelectronics.X-CUBE-SUBG2.5.0.0
2025-09-15 17:55:22,657 [WARN] PackLoader:240 - Cannot read IP mode file for STMicroelectronics.X-CUBE-AZRTOS-H7RS.1.1.0
2025-09-15 17:55:22,664 [WARN] PackLoader:240 - Cannot read IP mode file for Cesanta.I-CUBE-Mongoose.7.13.0
2025-09-15 17:55:22,679 [WARN] PackLoader:240 - Cannot read IP mode file for STMicroelectronics.X-CUBE-AZRTOS-G4.2.0.0
2025-09-15 17:55:22,683 [WARN] PackLoader:240 - Cannot read IP mode file for wolfSSL.I-CUBE-wolfSSH.1.4.20
2025-09-15 17:55:22,687 [WARN] PackLoader:240 - Cannot read IP mode file for STMicroelectronics.X-CUBE-NFC7.2.0.0
2025-09-15 17:55:22,700 [WARN] PackLoader:240 - Cannot read IP mode file for STMicroelectronics.X-CUBE-IPS.3.1.0
2025-09-15 17:55:22,707 [WARN] PackLoader:240 - Cannot read IP mode file for STMicroelectronics.X-CUBE-ALS.1.0.2
2025-09-15 17:55:22,714 [WARN] PackLoader:240 - Cannot read IP mode file for STMicroelectronics.X-CUBE-STSE01.1.0.0
2025-09-15 17:55:22,752 [WARN] PackLoader:240 - Cannot read IP mode file for portGmbH.I-Cube-SoM-uGOAL.1.1.0
2025-09-15 17:55:22,767 [WARN] PackLoader:240 - Cannot read IP mode file for STMicroelectronics.X-CUBE-TOF1.3.4.3
2025-09-15 17:55:22,785 [INFO] ThirdParty:978 - Integrity check success = true
2025-09-15 17:55:22,785 [INFO] IntegrityCheckThread:100 - exiting critical section [integrity check]
2025-09-15 17:55:22,785 [INFO] IntegrityCheckThread:103 - End integrity checks thread
2025-09-15 17:55:24,917 [INFO] WebApp:169 - Instantiating new browser for Auth
2025-09-15 17:55:26,365 [INFO] WebApp:463 - Apply proxy settings
2025-09-15 17:55:26,380 [INFO] WebApp:508 - Chromium authenticates against Manually configured proxy
2025-09-15 17:55:26,392 [INFO] WebApp:516 - Username used for proxy authentication: 
2025-09-15 17:55:26,435 [INFO] WebApp:900 - Register for checkConnection events
2025-09-15 17:55:26,436 [INFO] WebApp:463 - Apply proxy settings
2025-09-15 17:55:26,439 [INFO] WebApp:508 - Chromium authenticates against Manually configured proxy
2025-09-15 17:55:26,440 [INFO] WebApp:516 - Username used for proxy authentication: 
2025-09-15 17:55:26,586 [INFO] WebApp:225 - Starting web application
2025-09-15 17:55:26,586 [INFO] WebApp:593 - Web application path used /Applications/STM32CubeIDE.app/Contents/Eclipse/plugins/com.st.stm32cube.common.mx_6.15.0.202507011659/db/plugins/mcufinder/reactClient1/index.html
2025-09-15 17:55:27,157 [INFO] WebApp:191 - Connection restablished
2025-09-15 17:56:00,844 [INFO] McuFinderGlobals:63 - Set McuFinder mode to 2 (CubeIDE integrated)
2025-09-15 17:56:00,874 [INFO] MainUpdater:2872 - connection check result : 10
2025-09-15 17:56:00,896 [INFO] McuFinderGlobals:76 - Set McuFinderConnectedMode to true
2025-09-15 17:56:01,723 [INFO] ServerAccessManage:452 - Complete download http(s) 200
2025-09-15 17:56:01,735 [INFO] ServerAccessManage:509 - Download File mcusAds.json._tmp_
2025-09-15 17:56:01,855 [INFO] LoadUrlFilesThread:156 - End of LoadUrlFiles Thread
2025-09-15 17:56:02,081 [INFO] ServerAccessManage:452 - Complete download http(s) 200
2025-09-15 17:56:02,082 [INFO] ServerAccessManage:509 - Download File cube-finder-db.zip
2025-09-15 17:56:03,329 [INFO] FileExtend:248 - Unzip File : cube-finder-db.zip
2025-09-15 17:56:03,331 [INFO] FileExtend:263 - Standard Zip Deflate
2025-09-15 17:56:04,251 [INFO] LoadUrlFilesThread:156 - End of LoadUrlFiles Thread
2025-09-15 17:56:05,566 [INFO] ServerAccessManage:452 - Complete download http(s) 200
2025-09-15 17:56:05,576 [INFO] ServerAccessManage:509 - Download File crdb.zip
2025-09-15 17:56:06,486 [INFO] FileExtend:248 - Unzip File : crdb.zip
2025-09-15 17:56:06,487 [INFO] FileExtend:263 - Standard Zip Deflate
2025-09-15 17:56:06,962 [INFO] LoadUrlFilesThread:156 - End of LoadUrlFiles Thread
2025-09-15 17:56:07,357 [INFO] ServerAccessManage:452 - Complete download http(s) 200
2025-09-15 17:56:07,367 [INFO] ServerAccessManage:509 - Download File tutoVideoDB.zip
2025-09-15 17:56:07,382 [INFO] FileExtend:248 - Unzip File : tutoVideoDB.zip
2025-09-15 17:56:07,382 [INFO] FileExtend:263 - Standard Zip Deflate
2025-09-15 17:56:07,500 [INFO] LoadUrlFilesThread:156 - End of LoadUrlFiles Thread
2025-09-15 17:56:07,517 [WARN] DbFile:41 - Overriding database path with different value: /Users/sheen/.stmcufinder/plugins/mcufinder/ => /Users/sheen/.stmcufinder/plugins/mcufinder
2025-09-15 17:56:07,681 [INFO] ServerAccessManage:452 - Complete download http(s) 200
2025-09-15 17:56:07,682 [INFO] ServerAccessManage:509 - Download File api_config.json
2025-09-15 17:56:07,791 [INFO] LoadUrlFilesThread:156 - End of LoadUrlFiles Thread
2025-09-15 17:56:07,796 [INFO] DbMcusAds:53 - JSON generation date=Tue Jul 08 01:14:23 PDT 2025 (1751962463582)
2025-09-15 17:56:07,958 [INFO] LoadUrlFilesThread:185 - End of LoadServerUrlFiles without Thread
2025-09-15 17:56:07,964 [INFO] TargetSelectorAdapter:259 - Refresh data is successful
2025-09-15 17:56:09,679 [INFO] ApiDb:581 - Connected to CubeFinder SQLite database (/Users/sheen/.stmcufinder/plugins/mcufinder/mcu/cube-finder-db.db)
2025-09-15 17:56:09,722 [INFO] ApiDb:668 - CubeFinder database Data Model version=2.1
2025-09-15 17:56:09,722 [INFO] ApiDb:669 - CubeFinder database Configuration version=3.0.39
2025-09-15 17:56:09,723 [INFO] ApiDb:670 - CubeFinder database generation date=2025-08-25 (1756130511)
2025-09-15 17:56:09,723 [INFO] ApiDb:671 - CubeFinder database FW Pack versions=[FP-ATR-ASTRA1_V2.0.0, FP-SNS-FLIGHT1_V5.1.0, FP-SNS-MOTENV1_V5.0.0, FP-SNS-MOTENVWB1_V1.4.0, FP-SNS-SMARTAG2_V1.2.0, FP-SNS-STBOX1_V2.1.0, STM32Cube_FW_C0_V1.4.0, STM32Cube_FW_F4_V1.28.3, STM32Cube_FW_F7_V1.17.4, STM32Cube_FW_G0_V1.6.2, STM32Cube_FW_G4_V1.6.1, STM32Cube_FW_H5_V1.5.0, STM32Cube_FW_H7RS_V1.2.0, STM32Cube_FW_H7_V1.12.1, STM32Cube_FW_L0_V1.12.2, STM32Cube_FW_L4_V1.18.1, STM32Cube_FW_L5_V1.5.1, STM32Cube_FW_N6_V1.2.0, STM32Cube_FW_U0_V1.3.0, STM32Cube_FW_U3_V1.2.0, STM32Cube_FW_U5_V1.8.0, STM32Cube_FW_WB0_V1.3.0, STM32Cube_FW_WBA_V1.7.0, STM32Cube_FW_WB_V1.23.0, STM32Cube_FW_WL3_V1.2.0, STM32Cube_FW_WL_V1.3.1, X-CUBE-ALGOBUILD_V1.4.0, X-CUBE-ALS_V1.0.2, X-CUBE-AZRTOS-F4_V1.1.0, X-CUBE-AZRTOS-F7_V1.1.0, X-CUBE-AZRTOS-G0_V1.1.0, X-CUBE-AZRTOS-G4_V2.0.0, X-CUBE-AZRTOS-H7RS_V1.1.0, X-CUBE-AZRTOS-H7_V3.4.0, X-CUBE-AZRTOS-L4_V2.0.0, X-CUBE-AZRTOS-L5_V2.0.0, X-CUBE-AZRTOS-WB_V2.0.0, X-CUBE-AZRTOS-WL_V2.0.0, X-CUBE-BLE1_V7.1.0, X-CUBE-BLE2_V3.3.0, X-CUBE-BLEMGR_V4.1.0, X-CUBE-EEPRMA1_V5.2.0, X-CUBE-FREERTOS_V1.3.1, X-CUBE-GNSS1_V6.0.0, X-CUBE-MEMS1_V11.3.0, X-CUBE-NFC4_V3.0.0, X-CUBE-NFC7_V2.0.0, X-CUBE-SFXS2LP1_V4.0.0, X-CUBE-ST67W61_V1.0.0, X-CUBE-SUBG2_V5.0.0, X-CUBE-TOF1_V3.4.3]
2025-09-15 17:56:10,951 [INFO] ApiDb:240 - Found 880 in-development CPN: [B-G473E-ZEST1S, B-WB1M-WPAN1, B-WBA5M-WPAN, B-WL5M-SUBG1, NUCLEO-C031C6, NUCLEO-C051C8, NUCLEO-C071RB, NUCLEO-C092RC, NUCLEO-H503RB, NUCLEO-H533RE, NUCLEO-H563ZI, NUCLEO-H7S3L8, NUCLEO-N657X0-Q, NUCLEO-U031R8, NUCLEO-U083RC, NUCLEO-U385RG-Q, NUCLEO-U545RE-Q, NUCLEO-U5A5ZJ-Q, NUCLEO-WB05KZ, NUCLEO-WB07CC, NUCLEO-WB09KE, NUCLEO-WBA52CG, NUCLEO-WBA55CG, NUCLEO-WL33CC1, NUCLEO-WL33CC2, STEVAL-PROTEUS1, STEVAL-SMARTAG2, STEVAL-STWINBX1, STM320518-EVAL, STM32C0116-DK, STM32C011D6Y3TR, STM32C011D6Y6TR, STM32C011F4P3, STM32C011F4P6, STM32C011F4U3, STM32C011F4U6TR, STM32C011F6P3, STM32C011F6P6, STM32C011F6U3, STM32C011F6U6TR, STM32C011J4M3, STM32C011J4M6, STM32C011J6M3, STM32C011J6M6, STM32C0316-DK, STM32C031C4T3, STM32C031C4T6, STM32C031C4U3, STM32C031C4U6, STM32C031C6T3, STM32C031C6T6, STM32C031C6U3, STM32C031C6U6, STM32C031F4P3, STM32C031F4P6, STM32C031F6P3, STM32C031F6P6, STM32C031G4U3, STM32C031G4U6, STM32C031G6U3, STM32C031G6U6, STM32C031K4T3, STM32C031K4T6, STM32C031K4U3, STM32C031K4U6, STM32C031K6T3, STM32C031K6T6, STM32C031K6U3, STM32C031K6U6, STM32C051C6T6, STM32C051C6U6, STM32C051C8T6, STM32C051C8U6, STM32C051D8Y6TR, STM32C051F6P6, STM32C051F8P6, STM32C051G6U6, STM32C051G8U6, STM32C051K6T6, STM32C051K6U6, STM32C051K8T6, STM32C071C8T6, STM32C071C8T6N, STM32C071C8U6, STM32C071C8U6N, STM32C071CBT6, STM32C071CBT6N, STM32C071CBU6, STM32C071CBU6N, STM32C071F8P6, STM32C071F8P6N, STM32C071FBP6, STM32C071FBP6N, STM32C071FBY6TR, STM32C071G8U6, STM32C071G8U6N, STM32C071GBU6, STM32C071GBU6N, STM32C071K8T6, STM32C071K8T6N, STM32C071K8U6, STM32C071K8U6N, STM32C071KBT6, STM32C071KBT6N, STM32C071KBU6, STM32C071KBU6N, STM32C071R8T6, STM32C071R8T6N, STM32C071RBI6N, STM32C071RBT6, STM32C071RBT6N, STM32C091CBT6, STM32C091CBU6, STM32C091CCT6, STM32C091CCU6, STM32C091ECY6TR, STM32C091FBP6, STM32C091FCP6, STM32C091GBU6, STM32C091GCU6, STM32C091KBT6, STM32C091KBU6, STM32C091KCT6, STM32C091KCU6, STM32C091RBT6, STM32C091RCI6, STM32C091RCT6, STM32C092CBT6, STM32C092CBU6, STM32C092CCT6, STM32C092CCU6, STM32C092ECY6TR, STM32C092FBP6, STM32C092FCP6, STM32C092GBU6, STM32C092GCU6, STM32C092KBT6, STM32C092KBU6, STM32C092KCT6, STM32C092KCU6, STM32C092RBT6, STM32C092RCI6, STM32C092RCT6, STM32G071K8TXN, STM32G071K8UXN, STM32G081GBU6N, STM32G081KBT6N, STM32G081KBUXN, STM32G0B1CCT6N, STM32G0B1KCT6, STM32G0B1NEY6TR, STM32G0B1RCT6N, STM32G0C1CCT6, STM32G0C1CCT6N, STM32G0C1CCU6N, STM32G0C1CET6N, STM32G0C1CEU6N, STM32G0C1KCT6, STM32G0C1NEY6TR, STM32G0C1RCI6N, STM32G0C1RCT6N, STM32G0C1REI6N, STM32G0C1RET6N, STM32G0C1VCI6, STM32G0C1VEI6, STM32G411C6T3, STM32G411C6T6, STM32G411C6U3, STM32G411C6U6, STM32G411C8T3, STM32G411C8T6, STM32G411C8U3, STM32G411C8U6, STM32G411CBT3, STM32G411CBT6, STM32G411CBU3, STM32G411CBU6, STM32G411K6T3, STM32G411K6T6, STM32G411K6U3, STM32G411K6U6, STM32G411K8T3, STM32G411K8T6, STM32G411K8U3, STM32G411K8U6, STM32G411KBT3, STM32G411KBT6, STM32G411KBU3, STM32G411KBU6, STM32G411M6T3, STM32G411M6T6, STM32G411M8T3, STM32G411M8T6, STM32G411MBT3, STM32G411MBT6, STM32G411R6T3, STM32G411R6T6, STM32G411R8T3, STM32G411R8T6, STM32G411RBT3, STM32G411RBT6, STM32G414CBT3, STM32G414CBT6, STM32G414CBU3, STM32G414CBU6, STM32G414CCT3, STM32G414CCT6, STM32G414CCU3, STM32G414CCU6, STM32G414MBT3, STM32G414MBT6, STM32G414MCT3, STM32G414MCT6, STM32G414RBT3, STM32G414RBT6, STM32G414RCT3, STM32G414RCT6, STM32G414VBT3, STM32G414VBT6, STM32G414VCT3, STM32G414VCT6, STM32G431CBT3Z, STM32G431RBT3Z, STM32G471CCT6, STM32G471CCU6, STM32G471CET3, STM32G471CET6, STM32G471CEU3, STM32G471CEU6, STM32G471MCT6, STM32G471MET3, STM32G471MET6, STM32G471MEY6TR, STM32G471QCT6, STM32G471QET3, STM32G471RCT6, STM32G471RET3, STM32G471RET6, STM32G471VCH6, STM32G471VCI6, STM32G471VCT6, STM32G471VEH3, STM32G471VEH6, STM32G471VEI3, STM32G471VEI6, STM32G471VET3, STM32G471VET6, STM32G473QET3Z, STM32G473RET3Z, STM32G474CCT6, STM32G491RET3Z, STM32H503CBT6, STM32H503CBU6, STM32H503EBY6TR, STM32H503KBU6, STM32H503RBT6, STM32H523CCT6, STM32H523CCU6, STM32H523CET6, STM32H523CEU6, STM32H523HEY6TR, STM32H523RCT6, STM32H523RET6, STM32H523VCI6, STM32H523VCT6, STM32H523VEI6, STM32H523VET6, STM32H523ZCJ6, STM32H523ZCT6, STM32H523ZEJ6, STM32H523ZET6, STM32H533CET6, STM32H533CEU6, STM32H533HEY6TR, STM32H533RET6, STM32H533VEI6, STM32H533VET6, STM32H533ZEJ6, STM32H533ZET6, STM32H562AGI6, STM32H562AII6, STM32H562IGK6, STM32H562IGT6, STM32H562IIK6, STM32H562IIT6, STM32H562RGT6, STM32H562RGV6, STM32H562RIT6, STM32H562RIV6, STM32H562VGT6, STM32H562VIT6, STM32H562ZGT6, STM32H562ZIT6, STM32H563AGI6, STM32H563AII3Q, STM32H563AII6, STM32H563IGK6, STM32H563IGT6, STM32H563IIK3Q, STM32H563IIK6, STM32H563IIT3Q, STM32H563IIT6, STM32H563MIY3QTR, STM32H563RGT6, STM32H563RGV6, STM32H563RIT6, STM32H563RIV6, STM32H563VGT6, STM32H563VIT3Q, STM32H563VIT6, STM32H563ZGT6, STM32H563ZIT3Q, STM32H563ZIT6, STM32H573AII3Q, STM32H573AII6, STM32H573I-DK, STM32H573IIK3Q, STM32H573IIK6, STM32H573IIT3Q, STM32H573IIT6, STM32H573MIY3QTR, STM32H573RIT6, STM32H573RIV6, STM32H573VIT3Q, STM32H573VIT6, STM32H573ZIT3Q, STM32H573ZIT6, STM32H7R3A8I6, STM32H7R3I8K6, STM32H7R3I8T6, STM32H7R3L8H6, STM32H7R3L8H6H, STM32H7R3R8V6, STM32H7R3V8H6, STM32H7R3V8T6, STM32H7R3V8Y6TR, STM32H7R3Z8J6, STM32H7R3Z8T6, STM32H7R7A8I6, STM32H7R7I8K6, STM32H7R7I8T6, STM32H7R7L8H6, STM32H7R7L8H6H, STM32H7R7Z8J6, STM32H7S3A8I6, STM32H7S3I8K6, STM32H7S3I8T6, STM32H7S3L8H6, STM32H7S3L8H6H, STM32H7S3R8V6, STM32H7S3V8H6, STM32H7S3V8T6, STM32H7S3V8Y6TR, STM32H7S3Z8J6, STM32H7S3Z8T6, STM32H7S78-DK, STM32H7S7A8I6, STM32H7S7I8K6, STM32H7S7I8T6, STM32H7S7L8H6, STM32H7S7L8H6H, STM32H7S7Z8J6, STM32L4R5QGI6STR, STM32MP131AAE3, STM32MP131AAF3, STM32MP131AAG3, STM32MP131CAE3, STM32MP131CAF3, STM32MP131CAG3, STM32MP131DAE7, STM32MP131DAF7, STM32MP131DAG7, STM32MP131FAE7, STM32MP131FAF7, STM32MP131FAG7, STM32MP133AAE3, STM32MP133AAF3, STM32MP133AAG3, STM32MP133CAE3, STM32MP133CAF3, STM32MP133CAG3, STM32MP133DAE7, STM32MP133DAF7, STM32MP133DAG7, STM32MP133FAE7, STM32MP133FAF7, STM32MP133FAG7, STM32MP135AAE3, STM32MP135AAF3, STM32MP135AAG3, STM32MP135CAE3, STM32MP135CAF3, STM32MP135CAG3, STM32MP135DAE7, STM32MP135DAF7, STM32MP135DAG7, STM32MP135F-DK, STM32MP135FAE7, STM32MP135FAF7, STM32MP135FAF7T, STM32MP135FAF7U, STM32MP135FAG7, STM32MP211AAL3, STM32MP211AAM3, STM32MP211AAN3, STM32MP211AAO3, STM32MP211CAL3, STM32MP211CAM3, STM32MP211CAN3, STM32MP211CAO3, STM32MP211DAL3, STM32MP211DAM3, STM32MP211DAN3, STM32MP211DAO3, STM32MP211FAL3, STM32MP211FAM3, STM32MP211FAN3, STM32MP211FAO3, STM32MP213AAL3, STM32MP213AAM3, STM32MP213AAN3, STM32MP213AAO3, STM32MP213CAL3, STM32MP213CAM3, STM32MP213CAN3, STM32MP213CAO3, STM32MP213DAL3, STM32MP213DAM3, STM32MP213DAN3, STM32MP213DAO3, STM32MP213FAL3, STM32MP213FAM3, STM32MP213FAN3, STM32MP213FAO3, STM32MP215AAL3, STM32MP215AAM3, STM32MP215AAN3, STM32MP215AAO3, STM32MP215CAL3, STM32MP215CAM3, STM32MP215CAN3, STM32MP215CAO3, STM32MP215DAL3, STM32MP215DAM3, STM32MP215DAN3, STM32MP215DAO3, STM32MP215F-DK, STM32MP215FAL3, STM32MP215FAM3, STM32MP215FAN3, STM32MP215FAO3, STM32MP231AAJ3, STM32MP231AAK3, STM32MP231AAL3, STM32MP231CAJ3, STM32MP231CAK3, STM32MP231CAL3, STM32MP231DAJ3, STM32MP231DAK3, STM32MP231DAL3, STM32MP231FAJ3, STM32MP231FAK3, STM32MP231FAL3, STM32MP233AAJ3, STM32MP233AAK3, STM32MP233AAL3, STM32MP233CAJ3, STM32MP233CAK3, STM32MP233CAL3, STM32MP233DAJ3, STM32MP233DAK3, STM32MP233DAL3, STM32MP233FAJ3, STM32MP233FAK3, STM32MP233FAL3, STM32MP235AAJ3, STM32MP235AAK3, STM32MP235AAL3, STM32MP235CAJ3, STM32MP235CAK3, STM32MP235CAL3, STM32MP235DAJ3, STM32MP235DAK3, STM32MP235DAL3, STM32MP235FAJ3, STM32MP235FAK3, STM32MP235FAL3, STM32MP251AAI3, STM32MP251AAK3, STM32MP251AAL3, STM32MP251CAI3, STM32MP251CAK3, STM32MP251CAL3, STM32MP251DAI3, STM32MP251DAK3, STM32MP251DAL3, STM32MP251FAI3, STM32MP251FAK3, STM32MP251FAL3, STM32MP253AAI3, STM32MP253AAK3, STM32MP253AAL3, STM32MP253CAI3, STM32MP253CAK3, STM32MP253CAL3, STM32MP253DAI3, STM32MP253DAK3, STM32MP253DAL3, STM32MP253FAI3, STM32MP253FAK3, STM32MP253FAL3, STM32MP255AAI3, STM32MP255AAK3, STM32MP255AAL3, STM32MP255CAI3, STM32MP255CAK3, STM32MP255CAL3, STM32MP255DAI3, STM32MP255DAK3, STM32MP255DAL3, STM32MP255FAI3, STM32MP255FAK3, STM32MP255FAL3, STM32MP257AAI3, STM32MP257AAK3, STM32MP257AAL3, STM32MP257CAI3, STM32MP257CAK3, STM32MP257CAL3, STM32MP257DAI3, STM32MP257DAK3, STM32MP257DAL3, STM32MP257F-DK, STM32MP257F-EV1, STM32MP257FAI3, STM32MP257FAK3, STM32MP257FAL3, STM32N645A0H3Q, STM32N645B0H3Q, STM32N645I0H3Q, STM32N645L0H3Q, STM32N645X0H3Q, STM32N645Z0H3Q, STM32N647A0H3Q, STM32N647B0H3Q, STM32N647I0H3Q, STM32N647L0H3Q, STM32N647X0H3Q, STM32N647Z0H3Q, STM32N655A0H3Q, STM32N655B0H3Q, STM32N655I0H3Q, STM32N655L0H3Q, STM32N655X0H3Q, STM32N655Z0H3Q, STM32N6570-DK, STM32N657A0H3Q, STM32N657B0H3Q, STM32N657I0H3Q, STM32N657L0H3Q, STM32N657X0H3Q, STM32N657Z0H3Q, STM32U031C6T6, STM32U031C6U6, STM32U031C8T6, STM32U031C8U6, STM32U031F4P6, STM32U031F6P6, STM32U031F8P6, STM32U031G6Y6TR, STM32U031G8Y6TR, STM32U031K4U6, STM32U031K6U6, STM32U031K8U6, STM32U031R6I6, STM32U031R6T6, STM32U031R8I6, STM32U031R8T6, STM32U073C8T6, STM32U073C8U6, STM32U073CBT6, STM32U073CBU6, STM32U073CCT6, STM32U073CCU6, STM32U073H8Y6TR, STM32U073HBY6TR, STM32U073HCY6TR, STM32U073K8U6, STM32U073KBU6, STM32U073KCU6, STM32U073M8I6, STM32U073M8T6, STM32U073MBI6, STM32U073MBT6, STM32U073MCI6, STM32U073MCT6, STM32U073R8I6, STM32U073R8T6, STM32U073RBI6, STM32U073RBT6, STM32U073RCI6, STM32U073RCT6, STM32U083C-DK, STM32U083CCT6, STM32U083CCU6, STM32U083HCY6TR, STM32U083KCU6, STM32U083MCI6, STM32U083MCT6, STM32U083RCI6, STM32U083RCT6, STM32U375CET6, STM32U375CET6Q, STM32U375CEU6, STM32U375CEU6Q, STM32U375CEY6QTR, STM32U375CGT6, STM32U375CGT6Q, STM32U375CGU6, STM32U375CGU6Q, STM32U375CGY6QTR, STM32U375KEU6, STM32U375KGU6, STM32U375REI6, STM32U375REI6Q, STM32U375RET6, STM32U375RET6Q, STM32U375REY6GTR, STM32U375REY6QTR, STM32U375RGI6, STM32U375RGI6Q, STM32U375RGT6, STM32U375RGT6Q, STM32U375RGY6GTR, STM32U375RGY6QTR, STM32U375VEI6, STM32U375VEI6Q, STM32U375VET6, STM32U375VET6Q, STM32U375VGI6, STM32U375VGI6Q, STM32U375VGT6, STM32U375VGT6Q, STM32U385CGT6, STM32U385CGT6Q, STM32U385CGU6, STM32U385CGU6Q, STM32U385CGY6QTR, STM32U385KGU6, STM32U385RGI6, STM32U385RGI6Q, STM32U385RGT6, STM32U385RGT6Q, STM32U385RGY6GTR, STM32U385RGY6QTR, STM32U385VGI6, STM32U385VGI6Q, STM32U385VGT6, STM32U385VGT6Q, STM32U535CBT6, STM32U535CBT6Q, STM32U535CBU6, STM32U535CBU6Q, STM32U535CCT6, STM32U535CCT6Q, STM32U535CCU6, STM32U535CCU6Q, STM32U535CET6, STM32U535CET6Q, STM32U535CEU6, STM32U535CEU6Q, STM32U535JEY6QTR, STM32U535NCY6QTR, STM32U535NEY6QTR, STM32U535RBI6, STM32U535RBI6Q, STM32U535RBT6, STM32U535RBT6Q, STM32U535RCI6, STM32U535RCI6Q, STM32U535RCT6, STM32U535RCT6Q, STM32U535REI6, STM32U535REI6Q, STM32U535RET6, STM32U535RET6Q, STM32U535VCI6, STM32U535VCI6Q, STM32U535VCT6, STM32U535VCT6Q, STM32U535VEI6, STM32U535VEI6Q, STM32U535VET6, STM32U535VET6Q, STM32U545CET6, STM32U545CET6Q, STM32U545CEU6, STM32U545CEU6Q, STM32U545JEY6QTR, STM32U545NEY6QTR, STM32U545REI6, STM32U545REI6Q, STM32U545RET6, STM32U545RET6Q, STM32U545VEI6, STM32U545VEI6Q, STM32U545VET6, STM32U545VET6Q, STM32U595AIH6, STM32U595AIH6Q, STM32U595AJH6, STM32U595AJH6Q, STM32U595QII6, STM32U595QII6Q, STM32U595QJI6, STM32U595QJI6Q, STM32U595RIT6, STM32U595RIT6Q, STM32U595RJT6, STM32U595RJT6Q, STM32U595VIT6, STM32U595VIT6Q, STM32U595VJT6, STM32U595VJT6Q, STM32U595ZIT6, STM32U595ZIT6Q, STM32U595ZIY6QTR, STM32U595ZJT6, STM32U595ZJT6Q, STM32U595ZJY6QTR, STM32U599BJY6QTR, STM32U599NIH6Q, STM32U599NJH6Q, STM32U599VIT6Q, STM32U599VJT6, STM32U599VJT6Q, STM32U599ZIT6Q, STM32U599ZIY6QTR, STM32U599ZJT6Q, STM32U599ZJY6QTR, STM32U5A5AJH6, STM32U5A5AJH6Q, STM32U5A5QII3Q , STM32U5A5QJI6, STM32U5A5QJI6Q, STM32U5A5RJT6, STM32U5A5RJT6Q, STM32U5A5VJT6, STM32U5A5VJT6Q, STM32U5A5ZJT6, STM32U5A5ZJT6Q, STM32U5A5ZJY6QTR, STM32U5A9BJY6QTR, STM32U5A9J-DK, STM32U5A9NJH6Q, STM32U5A9VJT6Q, STM32U5A9ZJT6Q, STM32U5A9ZJY6QTR, STM32U5F7VIT6, STM32U5F7VIT6Q, STM32U5F7VJT6, STM32U5F7VJT6Q, STM32U5F9BJY6QTR, STM32U5F9NJH6Q, STM32U5F9VIT6Q, STM32U5F9VJT6Q, STM32U5F9ZIJ6QTR, STM32U5F9ZIT6Q, STM32U5F9ZJJ6QTR, STM32U5F9ZJT6Q, STM32U5G7VJT6, STM32U5G7VJT6Q, STM32U5G9BJY6QTR, STM32U5G9J-DK1, STM32U5G9J-DK2, STM32U5G9NJH6Q, STM32U5G9VJT6Q, STM32U5G9ZJJ6QTR, STM32U5G9ZJT6Q, STM32WB05KZV6TR, STM32WB05KZV7TR, STM32WB05TZF6TR, STM32WB05TZF7TR, STM32WB06CCF6TR, STM32WB06CCF7TR, STM32WB06CCV6TR, STM32WB06CCV7TR, STM32WB06KCV6TR, STM32WB06KCV7TR, STM32WB07CCF6TR, STM32WB07CCF7TR, STM32WB07CCV6TR, STM32WB07CCV7TR, STM32WB07KCV6TR, STM32WB07KCV7TR, STM32WB09KEV6TR, STM32WB09KEV7TR, STM32WB09TEF6TR, STM32WB09TEF7TR, STM32WB1MMCH6, STM32WBA50KGU6, STM32WBA50KGU6TR, STM32WBA52CEU6, STM32WBA52CEU6TR, STM32WBA52CEU7, STM32WBA52CEU7TR, STM32WBA52CGU6, STM32WBA52CGU6TR, STM32WBA52CGU6U, STM32WBA52CGU7, STM32WBA52CGU7TR, STM32WBA52KEU6, STM32WBA52KEU6TR, STM32WBA52KGU6, STM32WBA52KGU6TR, STM32WBA54CEU6, STM32WBA54CEU6TR, STM32WBA54CEU7, STM32WBA54CEU7TR, STM32WBA54CGU6, STM32WBA54CGU6TR, STM32WBA54CGU7, STM32WBA54CGU7TR, STM32WBA54KEU6, STM32WBA54KEU6TR, STM32WBA54KEU7, STM32WBA54KEU7TR, STM32WBA54KGU6, STM32WBA54KGU6TR, STM32WBA54KGU7, STM32WBA54KGU7TR, STM32WBA55CEU6, STM32WBA55CEU6TR, STM32WBA55CEU7, STM32WBA55CEU7TR, STM32WBA55CGU6, STM32WBA55CGU6TR, STM32WBA55CGU6U, STM32WBA55CGU7, STM32WBA55CGU7TR, STM32WBA55G-DK1, STM32WBA55HEF6, STM32WBA55HEF7, STM32WBA55HGF6, STM32WBA55HGF7, STM32WBA55UEI6, STM32WBA55UEI6TR, STM32WBA55UEI7, STM32WBA55UEI7TR, STM32WBA55UGI6, STM32WBA55UGI6TR, STM32WBA55UGI7, STM32WBA55UGI7TR, STM32WBA5MMGH6TR, STM32WBA62MGF6, STM32WBA62MIF6, STM32WBA65MGF7, STM32WBA65MIF6, STM32WBA65MIF7, STM32WL30K8V6, STM32WL30KBV6, STM32WL31C8V6, STM32WL31CBV6, STM32WL31K8V6, STM32WL31KBV6, STM32WL33C8V6, STM32WL33C8V6X, STM32WL33CBV6, STM32WL33CBV6X, STM32WL33CCV6, STM32WL33CCV6A, STM32WL33CCV6X, STM32WL33K8V7, STM32WL33K8V7X, STM32WL33KBV7 , STM32WL33KBV7X, STM32WL33KCV7, STM32WL33KCV7X, STM32WL5MOCH6, STM32WL5MOCH6TR]
2025-09-15 17:56:10,963 [INFO] DbMcus:218 - Found 4801 MCUs, 4801 are supported
2025-09-15 17:56:10,964 [INFO] ApiDb:423 - Load user favorites file /Users/sheen/.stm32cubeide/favorites.mcus.txt: 0 item(s)
2025-09-15 17:56:10,964 [INFO] ApiDb:427 - User favorites MCUs=[]
2025-09-15 17:56:10,964 [INFO] DbMcus:224 - Set 0 / 0 favorites MCUs
2025-09-15 17:56:11,472 [INFO] ApiDb:668 - CubeFinder database Data Model version=2.1
2025-09-15 17:56:11,515 [INFO] ApiDb:669 - CubeFinder database Configuration version=3.0.39
2025-09-15 17:56:11,535 [INFO] ApiDb:670 - CubeFinder database generation date=2025-08-25 (1756130511)
2025-09-15 17:56:11,537 [INFO] ApiDb:671 - CubeFinder database FW Pack versions=[FP-ATR-ASTRA1_V2.0.0, FP-SNS-FLIGHT1_V5.1.0, FP-SNS-MOTENV1_V5.0.0, FP-SNS-MOTENVWB1_V1.4.0, FP-SNS-SMARTAG2_V1.2.0, FP-SNS-STBOX1_V2.1.0, STM32Cube_FW_C0_V1.4.0, STM32Cube_FW_F4_V1.28.3, STM32Cube_FW_F7_V1.17.4, STM32Cube_FW_G0_V1.6.2, STM32Cube_FW_G4_V1.6.1, STM32Cube_FW_H5_V1.5.0, STM32Cube_FW_H7RS_V1.2.0, STM32Cube_FW_H7_V1.12.1, STM32Cube_FW_L0_V1.12.2, STM32Cube_FW_L4_V1.18.1, STM32Cube_FW_L5_V1.5.1, STM32Cube_FW_N6_V1.2.0, STM32Cube_FW_U0_V1.3.0, STM32Cube_FW_U3_V1.2.0, STM32Cube_FW_U5_V1.8.0, STM32Cube_FW_WB0_V1.3.0, STM32Cube_FW_WBA_V1.7.0, STM32Cube_FW_WB_V1.23.0, STM32Cube_FW_WL3_V1.2.0, STM32Cube_FW_WL_V1.3.1, X-CUBE-ALGOBUILD_V1.4.0, X-CUBE-ALS_V1.0.2, X-CUBE-AZRTOS-F4_V1.1.0, X-CUBE-AZRTOS-F7_V1.1.0, X-CUBE-AZRTOS-G0_V1.1.0, X-CUBE-AZRTOS-G4_V2.0.0, X-CUBE-AZRTOS-H7RS_V1.1.0, X-CUBE-AZRTOS-H7_V3.4.0, X-CUBE-AZRTOS-L4_V2.0.0, X-CUBE-AZRTOS-L5_V2.0.0, X-CUBE-AZRTOS-WB_V2.0.0, X-CUBE-AZRTOS-WL_V2.0.0, X-CUBE-BLE1_V7.1.0, X-CUBE-BLE2_V3.3.0, X-CUBE-BLEMGR_V4.1.0, X-CUBE-EEPRMA1_V5.2.0, X-CUBE-FREERTOS_V1.3.1, X-CUBE-GNSS1_V6.0.0, X-CUBE-MEMS1_V11.3.0, X-CUBE-NFC4_V3.0.0, X-CUBE-NFC7_V2.0.0, X-CUBE-SFXS2LP1_V4.0.0, X-CUBE-ST67W61_V1.0.0, X-CUBE-SUBG2_V5.0.0, X-CUBE-TOF1_V3.4.3]
2025-09-15 17:56:11,715 [INFO] DbBoardsSqlite:226 - include board P-NUCLEO-WB55-NUCLEO as a kit item of type 'Nucleo-64'
2025-09-15 17:56:11,716 [INFO] DbBoardsSqlite:226 - include board P-NUCLEO-WB55-USBDONGLE as a kit item of type 'Nucleo USB Dongle'
2025-09-15 17:56:11,716 [INFO] DbBoardsSqlite:226 - include board STEVAL-IDP005V1 as a kit item of type 'Evaluation Board'
2025-09-15 17:56:11,717 [INFO] DbBoardsSqlite:226 - include board STEVAL-IDP005V2 as a kit item of type 'Evaluation Board'
2025-09-15 17:56:11,796 [INFO] ApiDb:240 - Found 880 in-development CPN: [B-G473E-ZEST1S, B-WB1M-WPAN1, B-WBA5M-WPAN, B-WL5M-SUBG1, NUCLEO-C031C6, NUCLEO-C051C8, NUCLEO-C071RB, NUCLEO-C092RC, NUCLEO-H503RB, NUCLEO-H533RE, NUCLEO-H563ZI, NUCLEO-H7S3L8, NUCLEO-N657X0-Q, NUCLEO-U031R8, NUCLEO-U083RC, NUCLEO-U385RG-Q, NUCLEO-U545RE-Q, NUCLEO-U5A5ZJ-Q, NUCLEO-WB05KZ, NUCLEO-WB07CC, NUCLEO-WB09KE, NUCLEO-WBA52CG, NUCLEO-WBA55CG, NUCLEO-WL33CC1, NUCLEO-WL33CC2, STEVAL-PROTEUS1, STEVAL-SMARTAG2, STEVAL-STWINBX1, STM320518-EVAL, STM32C0116-DK, STM32C011D6Y3TR, STM32C011D6Y6TR, STM32C011F4P3, STM32C011F4P6, STM32C011F4U3, STM32C011F4U6TR, STM32C011F6P3, STM32C011F6P6, STM32C011F6U3, STM32C011F6U6TR, STM32C011J4M3, STM32C011J4M6, STM32C011J6M3, STM32C011J6M6, STM32C0316-DK, STM32C031C4T3, STM32C031C4T6, STM32C031C4U3, STM32C031C4U6, STM32C031C6T3, STM32C031C6T6, STM32C031C6U3, STM32C031C6U6, STM32C031F4P3, STM32C031F4P6, STM32C031F6P3, STM32C031F6P6, STM32C031G4U3, STM32C031G4U6, STM32C031G6U3, STM32C031G6U6, STM32C031K4T3, STM32C031K4T6, STM32C031K4U3, STM32C031K4U6, STM32C031K6T3, STM32C031K6T6, STM32C031K6U3, STM32C031K6U6, STM32C051C6T6, STM32C051C6U6, STM32C051C8T6, STM32C051C8U6, STM32C051D8Y6TR, STM32C051F6P6, STM32C051F8P6, STM32C051G6U6, STM32C051G8U6, STM32C051K6T6, STM32C051K6U6, STM32C051K8T6, STM32C071C8T6, STM32C071C8T6N, STM32C071C8U6, STM32C071C8U6N, STM32C071CBT6, STM32C071CBT6N, STM32C071CBU6, STM32C071CBU6N, STM32C071F8P6, STM32C071F8P6N, STM32C071FBP6, STM32C071FBP6N, STM32C071FBY6TR, STM32C071G8U6, STM32C071G8U6N, STM32C071GBU6, STM32C071GBU6N, STM32C071K8T6, STM32C071K8T6N, STM32C071K8U6, STM32C071K8U6N, STM32C071KBT6, STM32C071KBT6N, STM32C071KBU6, STM32C071KBU6N, STM32C071R8T6, STM32C071R8T6N, STM32C071RBI6N, STM32C071RBT6, STM32C071RBT6N, STM32C091CBT6, STM32C091CBU6, STM32C091CCT6, STM32C091CCU6, STM32C091ECY6TR, STM32C091FBP6, STM32C091FCP6, STM32C091GBU6, STM32C091GCU6, STM32C091KBT6, STM32C091KBU6, STM32C091KCT6, STM32C091KCU6, STM32C091RBT6, STM32C091RCI6, STM32C091RCT6, STM32C092CBT6, STM32C092CBU6, STM32C092CCT6, STM32C092CCU6, STM32C092ECY6TR, STM32C092FBP6, STM32C092FCP6, STM32C092GBU6, STM32C092GCU6, STM32C092KBT6, STM32C092KBU6, STM32C092KCT6, STM32C092KCU6, STM32C092RBT6, STM32C092RCI6, STM32C092RCT6, STM32G071K8TXN, STM32G071K8UXN, STM32G081GBU6N, STM32G081KBT6N, STM32G081KBUXN, STM32G0B1CCT6N, STM32G0B1KCT6, STM32G0B1NEY6TR, STM32G0B1RCT6N, STM32G0C1CCT6, STM32G0C1CCT6N, STM32G0C1CCU6N, STM32G0C1CET6N, STM32G0C1CEU6N, STM32G0C1KCT6, STM32G0C1NEY6TR, STM32G0C1RCI6N, STM32G0C1RCT6N, STM32G0C1REI6N, STM32G0C1RET6N, STM32G0C1VCI6, STM32G0C1VEI6, STM32G411C6T3, STM32G411C6T6, STM32G411C6U3, STM32G411C6U6, STM32G411C8T3, STM32G411C8T6, STM32G411C8U3, STM32G411C8U6, STM32G411CBT3, STM32G411CBT6, STM32G411CBU3, STM32G411CBU6, STM32G411K6T3, STM32G411K6T6, STM32G411K6U3, STM32G411K6U6, STM32G411K8T3, STM32G411K8T6, STM32G411K8U3, STM32G411K8U6, STM32G411KBT3, STM32G411KBT6, STM32G411KBU3, STM32G411KBU6, STM32G411M6T3, STM32G411M6T6, STM32G411M8T3, STM32G411M8T6, STM32G411MBT3, STM32G411MBT6, STM32G411R6T3, STM32G411R6T6, STM32G411R8T3, STM32G411R8T6, STM32G411RBT3, STM32G411RBT6, STM32G414CBT3, STM32G414CBT6, STM32G414CBU3, STM32G414CBU6, STM32G414CCT3, STM32G414CCT6, STM32G414CCU3, STM32G414CCU6, STM32G414MBT3, STM32G414MBT6, STM32G414MCT3, STM32G414MCT6, STM32G414RBT3, STM32G414RBT6, STM32G414RCT3, STM32G414RCT6, STM32G414VBT3, STM32G414VBT6, STM32G414VCT3, STM32G414VCT6, STM32G431CBT3Z, STM32G431RBT3Z, STM32G471CCT6, STM32G471CCU6, STM32G471CET3, STM32G471CET6, STM32G471CEU3, STM32G471CEU6, STM32G471MCT6, STM32G471MET3, STM32G471MET6, STM32G471MEY6TR, STM32G471QCT6, STM32G471QET3, STM32G471RCT6, STM32G471RET3, STM32G471RET6, STM32G471VCH6, STM32G471VCI6, STM32G471VCT6, STM32G471VEH3, STM32G471VEH6, STM32G471VEI3, STM32G471VEI6, STM32G471VET3, STM32G471VET6, STM32G473QET3Z, STM32G473RET3Z, STM32G474CCT6, STM32G491RET3Z, STM32H503CBT6, STM32H503CBU6, STM32H503EBY6TR, STM32H503KBU6, STM32H503RBT6, STM32H523CCT6, STM32H523CCU6, STM32H523CET6, STM32H523CEU6, STM32H523HEY6TR, STM32H523RCT6, STM32H523RET6, STM32H523VCI6, STM32H523VCT6, STM32H523VEI6, STM32H523VET6, STM32H523ZCJ6, STM32H523ZCT6, STM32H523ZEJ6, STM32H523ZET6, STM32H533CET6, STM32H533CEU6, STM32H533HEY6TR, STM32H533RET6, STM32H533VEI6, STM32H533VET6, STM32H533ZEJ6, STM32H533ZET6, STM32H562AGI6, STM32H562AII6, STM32H562IGK6, STM32H562IGT6, STM32H562IIK6, STM32H562IIT6, STM32H562RGT6, STM32H562RGV6, STM32H562RIT6, STM32H562RIV6, STM32H562VGT6, STM32H562VIT6, STM32H562ZGT6, STM32H562ZIT6, STM32H563AGI6, STM32H563AII3Q, STM32H563AII6, STM32H563IGK6, STM32H563IGT6, STM32H563IIK3Q, STM32H563IIK6, STM32H563IIT3Q, STM32H563IIT6, STM32H563MIY3QTR, STM32H563RGT6, STM32H563RGV6, STM32H563RIT6, STM32H563RIV6, STM32H563VGT6, STM32H563VIT3Q, STM32H563VIT6, STM32H563ZGT6, STM32H563ZIT3Q, STM32H563ZIT6, STM32H573AII3Q, STM32H573AII6, STM32H573I-DK, STM32H573IIK3Q, STM32H573IIK6, STM32H573IIT3Q, STM32H573IIT6, STM32H573MIY3QTR, STM32H573RIT6, STM32H573RIV6, STM32H573VIT3Q, STM32H573VIT6, STM32H573ZIT3Q, STM32H573ZIT6, STM32H7R3A8I6, STM32H7R3I8K6, STM32H7R3I8T6, STM32H7R3L8H6, STM32H7R3L8H6H, STM32H7R3R8V6, STM32H7R3V8H6, STM32H7R3V8T6, STM32H7R3V8Y6TR, STM32H7R3Z8J6, STM32H7R3Z8T6, STM32H7R7A8I6, STM32H7R7I8K6, STM32H7R7I8T6, STM32H7R7L8H6, STM32H7R7L8H6H, STM32H7R7Z8J6, STM32H7S3A8I6, STM32H7S3I8K6, STM32H7S3I8T6, STM32H7S3L8H6, STM32H7S3L8H6H, STM32H7S3R8V6, STM32H7S3V8H6, STM32H7S3V8T6, STM32H7S3V8Y6TR, STM32H7S3Z8J6, STM32H7S3Z8T6, STM32H7S78-DK, STM32H7S7A8I6, STM32H7S7I8K6, STM32H7S7I8T6, STM32H7S7L8H6, STM32H7S7L8H6H, STM32H7S7Z8J6, STM32L4R5QGI6STR, STM32MP131AAE3, STM32MP131AAF3, STM32MP131AAG3, STM32MP131CAE3, STM32MP131CAF3, STM32MP131CAG3, STM32MP131DAE7, STM32MP131DAF7, STM32MP131DAG7, STM32MP131FAE7, STM32MP131FAF7, STM32MP131FAG7, STM32MP133AAE3, STM32MP133AAF3, STM32MP133AAG3, STM32MP133CAE3, STM32MP133CAF3, STM32MP133CAG3, STM32MP133DAE7, STM32MP133DAF7, STM32MP133DAG7, STM32MP133FAE7, STM32MP133FAF7, STM32MP133FAG7, STM32MP135AAE3, STM32MP135AAF3, STM32MP135AAG3, STM32MP135CAE3, STM32MP135CAF3, STM32MP135CAG3, STM32MP135DAE7, STM32MP135DAF7, STM32MP135DAG7, STM32MP135F-DK, STM32MP135FAE7, STM32MP135FAF7, STM32MP135FAF7T, STM32MP135FAF7U, STM32MP135FAG7, STM32MP211AAL3, STM32MP211AAM3, STM32MP211AAN3, STM32MP211AAO3, STM32MP211CAL3, STM32MP211CAM3, STM32MP211CAN3, STM32MP211CAO3, STM32MP211DAL3, STM32MP211DAM3, STM32MP211DAN3, STM32MP211DAO3, STM32MP211FAL3, STM32MP211FAM3, STM32MP211FAN3, STM32MP211FAO3, STM32MP213AAL3, STM32MP213AAM3, STM32MP213AAN3, STM32MP213AAO3, STM32MP213CAL3, STM32MP213CAM3, STM32MP213CAN3, STM32MP213CAO3, STM32MP213DAL3, STM32MP213DAM3, STM32MP213DAN3, STM32MP213DAO3, STM32MP213FAL3, STM32MP213FAM3, STM32MP213FAN3, STM32MP213FAO3, STM32MP215AAL3, STM32MP215AAM3, STM32MP215AAN3, STM32MP215AAO3, STM32MP215CAL3, STM32MP215CAM3, STM32MP215CAN3, STM32MP215CAO3, STM32MP215DAL3, STM32MP215DAM3, STM32MP215DAN3, STM32MP215DAO3, STM32MP215F-DK, STM32MP215FAL3, STM32MP215FAM3, STM32MP215FAN3, STM32MP215FAO3, STM32MP231AAJ3, STM32MP231AAK3, STM32MP231AAL3, STM32MP231CAJ3, STM32MP231CAK3, STM32MP231CAL3, STM32MP231DAJ3, STM32MP231DAK3, STM32MP231DAL3, STM32MP231FAJ3, STM32MP231FAK3, STM32MP231FAL3, STM32MP233AAJ3, STM32MP233AAK3, STM32MP233AAL3, STM32MP233CAJ3, STM32MP233CAK3, STM32MP233CAL3, STM32MP233DAJ3, STM32MP233DAK3, STM32MP233DAL3, STM32MP233FAJ3, STM32MP233FAK3, STM32MP233FAL3, STM32MP235AAJ3, STM32MP235AAK3, STM32MP235AAL3, STM32MP235CAJ3, STM32MP235CAK3, STM32MP235CAL3, STM32MP235DAJ3, STM32MP235DAK3, STM32MP235DAL3, STM32MP235FAJ3, STM32MP235FAK3, STM32MP235FAL3, STM32MP251AAI3, STM32MP251AAK3, STM32MP251AAL3, STM32MP251CAI3, STM32MP251CAK3, STM32MP251CAL3, STM32MP251DAI3, STM32MP251DAK3, STM32MP251DAL3, STM32MP251FAI3, STM32MP251FAK3, STM32MP251FAL3, STM32MP253AAI3, STM32MP253AAK3, STM32MP253AAL3, STM32MP253CAI3, STM32MP253CAK3, STM32MP253CAL3, STM32MP253DAI3, STM32MP253DAK3, STM32MP253DAL3, STM32MP253FAI3, STM32MP253FAK3, STM32MP253FAL3, STM32MP255AAI3, STM32MP255AAK3, STM32MP255AAL3, STM32MP255CAI3, STM32MP255CAK3, STM32MP255CAL3, STM32MP255DAI3, STM32MP255DAK3, STM32MP255DAL3, STM32MP255FAI3, STM32MP255FAK3, STM32MP255FAL3, STM32MP257AAI3, STM32MP257AAK3, STM32MP257AAL3, STM32MP257CAI3, STM32MP257CAK3, STM32MP257CAL3, STM32MP257DAI3, STM32MP257DAK3, STM32MP257DAL3, STM32MP257F-DK, STM32MP257F-EV1, STM32MP257FAI3, STM32MP257FAK3, STM32MP257FAL3, STM32N645A0H3Q, STM32N645B0H3Q, STM32N645I0H3Q, STM32N645L0H3Q, STM32N645X0H3Q, STM32N645Z0H3Q, STM32N647A0H3Q, STM32N647B0H3Q, STM32N647I0H3Q, STM32N647L0H3Q, STM32N647X0H3Q, STM32N647Z0H3Q, STM32N655A0H3Q, STM32N655B0H3Q, STM32N655I0H3Q, STM32N655L0H3Q, STM32N655X0H3Q, STM32N655Z0H3Q, STM32N6570-DK, STM32N657A0H3Q, STM32N657B0H3Q, STM32N657I0H3Q, STM32N657L0H3Q, STM32N657X0H3Q, STM32N657Z0H3Q, STM32U031C6T6, STM32U031C6U6, STM32U031C8T6, STM32U031C8U6, STM32U031F4P6, STM32U031F6P6, STM32U031F8P6, STM32U031G6Y6TR, STM32U031G8Y6TR, STM32U031K4U6, STM32U031K6U6, STM32U031K8U6, STM32U031R6I6, STM32U031R6T6, STM32U031R8I6, STM32U031R8T6, STM32U073C8T6, STM32U073C8U6, STM32U073CBT6, STM32U073CBU6, STM32U073CCT6, STM32U073CCU6, STM32U073H8Y6TR, STM32U073HBY6TR, STM32U073HCY6TR, STM32U073K8U6, STM32U073KBU6, STM32U073KCU6, STM32U073M8I6, STM32U073M8T6, STM32U073MBI6, STM32U073MBT6, STM32U073MCI6, STM32U073MCT6, STM32U073R8I6, STM32U073R8T6, STM32U073RBI6, STM32U073RBT6, STM32U073RCI6, STM32U073RCT6, STM32U083C-DK, STM32U083CCT6, STM32U083CCU6, STM32U083HCY6TR, STM32U083KCU6, STM32U083MCI6, STM32U083MCT6, STM32U083RCI6, STM32U083RCT6, STM32U375CET6, STM32U375CET6Q, STM32U375CEU6, STM32U375CEU6Q, STM32U375CEY6QTR, STM32U375CGT6, STM32U375CGT6Q, STM32U375CGU6, STM32U375CGU6Q, STM32U375CGY6QTR, STM32U375KEU6, STM32U375KGU6, STM32U375REI6, STM32U375REI6Q, STM32U375RET6, STM32U375RET6Q, STM32U375REY6GTR, STM32U375REY6QTR, STM32U375RGI6, STM32U375RGI6Q, STM32U375RGT6, STM32U375RGT6Q, STM32U375RGY6GTR, STM32U375RGY6QTR, STM32U375VEI6, STM32U375VEI6Q, STM32U375VET6, STM32U375VET6Q, STM32U375VGI6, STM32U375VGI6Q, STM32U375VGT6, STM32U375VGT6Q, STM32U385CGT6, STM32U385CGT6Q, STM32U385CGU6, STM32U385CGU6Q, STM32U385CGY6QTR, STM32U385KGU6, STM32U385RGI6, STM32U385RGI6Q, STM32U385RGT6, STM32U385RGT6Q, STM32U385RGY6GTR, STM32U385RGY6QTR, STM32U385VGI6, STM32U385VGI6Q, STM32U385VGT6, STM32U385VGT6Q, STM32U535CBT6, STM32U535CBT6Q, STM32U535CBU6, STM32U535CBU6Q, STM32U535CCT6, STM32U535CCT6Q, STM32U535CCU6, STM32U535CCU6Q, STM32U535CET6, STM32U535CET6Q, STM32U535CEU6, STM32U535CEU6Q, STM32U535JEY6QTR, STM32U535NCY6QTR, STM32U535NEY6QTR, STM32U535RBI6, STM32U535RBI6Q, STM32U535RBT6, STM32U535RBT6Q, STM32U535RCI6, STM32U535RCI6Q, STM32U535RCT6, STM32U535RCT6Q, STM32U535REI6, STM32U535REI6Q, STM32U535RET6, STM32U535RET6Q, STM32U535VCI6, STM32U535VCI6Q, STM32U535VCT6, STM32U535VCT6Q, STM32U535VEI6, STM32U535VEI6Q, STM32U535VET6, STM32U535VET6Q, STM32U545CET6, STM32U545CET6Q, STM32U545CEU6, STM32U545CEU6Q, STM32U545JEY6QTR, STM32U545NEY6QTR, STM32U545REI6, STM32U545REI6Q, STM32U545RET6, STM32U545RET6Q, STM32U545VEI6, STM32U545VEI6Q, STM32U545VET6, STM32U545VET6Q, STM32U595AIH6, STM32U595AIH6Q, STM32U595AJH6, STM32U595AJH6Q, STM32U595QII6, STM32U595QII6Q, STM32U595QJI6, STM32U595QJI6Q, STM32U595RIT6, STM32U595RIT6Q, STM32U595RJT6, STM32U595RJT6Q, STM32U595VIT6, STM32U595VIT6Q, STM32U595VJT6, STM32U595VJT6Q, STM32U595ZIT6, STM32U595ZIT6Q, STM32U595ZIY6QTR, STM32U595ZJT6, STM32U595ZJT6Q, STM32U595ZJY6QTR, STM32U599BJY6QTR, STM32U599NIH6Q, STM32U599NJH6Q, STM32U599VIT6Q, STM32U599VJT6, STM32U599VJT6Q, STM32U599ZIT6Q, STM32U599ZIY6QTR, STM32U599ZJT6Q, STM32U599ZJY6QTR, STM32U5A5AJH6, STM32U5A5AJH6Q, STM32U5A5QII3Q , STM32U5A5QJI6, STM32U5A5QJI6Q, STM32U5A5RJT6, STM32U5A5RJT6Q, STM32U5A5VJT6, STM32U5A5VJT6Q, STM32U5A5ZJT6, STM32U5A5ZJT6Q, STM32U5A5ZJY6QTR, STM32U5A9BJY6QTR, STM32U5A9J-DK, STM32U5A9NJH6Q, STM32U5A9VJT6Q, STM32U5A9ZJT6Q, STM32U5A9ZJY6QTR, STM32U5F7VIT6, STM32U5F7VIT6Q, STM32U5F7VJT6, STM32U5F7VJT6Q, STM32U5F9BJY6QTR, STM32U5F9NJH6Q, STM32U5F9VIT6Q, STM32U5F9VJT6Q, STM32U5F9ZIJ6QTR, STM32U5F9ZIT6Q, STM32U5F9ZJJ6QTR, STM32U5F9ZJT6Q, STM32U5G7VJT6, STM32U5G7VJT6Q, STM32U5G9BJY6QTR, STM32U5G9J-DK1, STM32U5G9J-DK2, STM32U5G9NJH6Q, STM32U5G9VJT6Q, STM32U5G9ZJJ6QTR, STM32U5G9ZJT6Q, STM32WB05KZV6TR, STM32WB05KZV7TR, STM32WB05TZF6TR, STM32WB05TZF7TR, STM32WB06CCF6TR, STM32WB06CCF7TR, STM32WB06CCV6TR, STM32WB06CCV7TR, STM32WB06KCV6TR, STM32WB06KCV7TR, STM32WB07CCF6TR, STM32WB07CCF7TR, STM32WB07CCV6TR, STM32WB07CCV7TR, STM32WB07KCV6TR, STM32WB07KCV7TR, STM32WB09KEV6TR, STM32WB09KEV7TR, STM32WB09TEF6TR, STM32WB09TEF7TR, STM32WB1MMCH6, STM32WBA50KGU6, STM32WBA50KGU6TR, STM32WBA52CEU6, STM32WBA52CEU6TR, STM32WBA52CEU7, STM32WBA52CEU7TR, STM32WBA52CGU6, STM32WBA52CGU6TR, STM32WBA52CGU6U, STM32WBA52CGU7, STM32WBA52CGU7TR, STM32WBA52KEU6, STM32WBA52KEU6TR, STM32WBA52KGU6, STM32WBA52KGU6TR, STM32WBA54CEU6, STM32WBA54CEU6TR, STM32WBA54CEU7, STM32WBA54CEU7TR, STM32WBA54CGU6, STM32WBA54CGU6TR, STM32WBA54CGU7, STM32WBA54CGU7TR, STM32WBA54KEU6, STM32WBA54KEU6TR, STM32WBA54KEU7, STM32WBA54KEU7TR, STM32WBA54KGU6, STM32WBA54KGU6TR, STM32WBA54KGU7, STM32WBA54KGU7TR, STM32WBA55CEU6, STM32WBA55CEU6TR, STM32WBA55CEU7, STM32WBA55CEU7TR, STM32WBA55CGU6, STM32WBA55CGU6TR, STM32WBA55CGU6U, STM32WBA55CGU7, STM32WBA55CGU7TR, STM32WBA55G-DK1, STM32WBA55HEF6, STM32WBA55HEF7, STM32WBA55HGF6, STM32WBA55HGF7, STM32WBA55UEI6, STM32WBA55UEI6TR, STM32WBA55UEI7, STM32WBA55UEI7TR, STM32WBA55UGI6, STM32WBA55UGI6TR, STM32WBA55UGI7, STM32WBA55UGI7TR, STM32WBA5MMGH6TR, STM32WBA62MGF6, STM32WBA62MIF6, STM32WBA65MGF7, STM32WBA65MIF6, STM32WBA65MIF7, STM32WL30K8V6, STM32WL30KBV6, STM32WL31C8V6, STM32WL31CBV6, STM32WL31K8V6, STM32WL31KBV6, STM32WL33C8V6, STM32WL33C8V6X, STM32WL33CBV6, STM32WL33CBV6X, STM32WL33CCV6, STM32WL33CCV6A, STM32WL33CCV6X, STM32WL33K8V7, STM32WL33K8V7X, STM32WL33KBV7 , STM32WL33KBV7X, STM32WL33KCV7, STM32WL33KCV7X, STM32WL5MOCH6, STM32WL5MOCH6TR]
2025-09-15 17:56:11,987 [INFO] BoardInfo:889 - No configuration file found for board P-NUCLEO-WB55
2025-09-15 17:56:11,990 [INFO] DbBoards:161 - Kit is not supported: P-NUCLEO-WB55
2025-09-15 17:56:11,995 [INFO] BoardInfo:889 - No configuration file found for board STEVAL-BFA001V1B
2025-09-15 17:56:11,995 [INFO] DbBoards:161 - Kit is not supported: STEVAL-BFA001V1B
2025-09-15 17:56:11,996 [INFO] BoardInfo:889 - No configuration file found for board STEVAL-BFA001V2B
2025-09-15 17:56:11,997 [INFO] DbBoards:161 - Kit is not supported: STEVAL-BFA001V2B
2025-09-15 17:56:12,120 [INFO] DbBoards:168 - Found 212 boards, 209 are supported
2025-09-15 17:56:12,121 [INFO] DbBoards:169 - Found 212 boards, 43 of them is supported for  Bsp
2025-09-15 17:56:12,126 [INFO] ApiDb:423 - Load user favorites file /Users/sheen/.stm32cubeide/favorites.boards.txt: 0 item(s)
2025-09-15 17:56:12,126 [INFO] ApiDb:427 - User favorites Boards=[]
2025-09-15 17:56:12,126 [INFO] DbBoards:198 - Set 0 / 0 favorites Boards
2025-09-15 17:56:12,129 [INFO] ApiDb:668 - CubeFinder database Data Model version=2.1
2025-09-15 17:56:12,129 [INFO] ApiDb:669 - CubeFinder database Configuration version=3.0.39
2025-09-15 17:56:12,129 [INFO] ApiDb:670 - CubeFinder database generation date=2025-08-25 (1756130511)
2025-09-15 17:56:12,129 [INFO] ApiDb:671 - CubeFinder database FW Pack versions=[FP-ATR-ASTRA1_V2.0.0, FP-SNS-FLIGHT1_V5.1.0, FP-SNS-MOTENV1_V5.0.0, FP-SNS-MOTENVWB1_V1.4.0, FP-SNS-SMARTAG2_V1.2.0, FP-SNS-STBOX1_V2.1.0, STM32Cube_FW_C0_V1.4.0, STM32Cube_FW_F4_V1.28.3, STM32Cube_FW_F7_V1.17.4, STM32Cube_FW_G0_V1.6.2, STM32Cube_FW_G4_V1.6.1, STM32Cube_FW_H5_V1.5.0, STM32Cube_FW_H7RS_V1.2.0, STM32Cube_FW_H7_V1.12.1, STM32Cube_FW_L0_V1.12.2, STM32Cube_FW_L4_V1.18.1, STM32Cube_FW_L5_V1.5.1, STM32Cube_FW_N6_V1.2.0, STM32Cube_FW_U0_V1.3.0, STM32Cube_FW_U3_V1.2.0, STM32Cube_FW_U5_V1.8.0, STM32Cube_FW_WB0_V1.3.0, STM32Cube_FW_WBA_V1.7.0, STM32Cube_FW_WB_V1.23.0, STM32Cube_FW_WL3_V1.2.0, STM32Cube_FW_WL_V1.3.1, X-CUBE-ALGOBUILD_V1.4.0, X-CUBE-ALS_V1.0.2, X-CUBE-AZRTOS-F4_V1.1.0, X-CUBE-AZRTOS-F7_V1.1.0, X-CUBE-AZRTOS-G0_V1.1.0, X-CUBE-AZRTOS-G4_V2.0.0, X-CUBE-AZRTOS-H7RS_V1.1.0, X-CUBE-AZRTOS-H7_V3.4.0, X-CUBE-AZRTOS-L4_V2.0.0, X-CUBE-AZRTOS-L5_V2.0.0, X-CUBE-AZRTOS-WB_V2.0.0, X-CUBE-AZRTOS-WL_V2.0.0, X-CUBE-BLE1_V7.1.0, X-CUBE-BLE2_V3.3.0, X-CUBE-BLEMGR_V4.1.0, X-CUBE-EEPRMA1_V5.2.0, X-CUBE-FREERTOS_V1.3.1, X-CUBE-GNSS1_V6.0.0, X-CUBE-MEMS1_V11.3.0, X-CUBE-NFC4_V3.0.0, X-CUBE-NFC7_V2.0.0, X-CUBE-SFXS2LP1_V4.0.0, X-CUBE-ST67W61_V1.0.0, X-CUBE-SUBG2_V5.0.0, X-CUBE-TOF1_V3.4.3]
2025-09-15 17:56:12,779 [ERROR] DbExamplesSqlite:437 - Missing JSON key: board_cpn
2025-09-15 17:56:12,782 [ERROR] DbExamplesSqlite:437 - Missing JSON key: board_cpn
2025-09-15 17:56:12,782 [ERROR] DbExamplesSqlite:437 - Missing JSON key: board_cpn
2025-09-15 17:56:12,782 [ERROR] DbExamplesSqlite:437 - Missing JSON key: board_cpn
2025-09-15 17:56:13,355 [ERROR] DbExamplesSqlite:437 - Missing JSON key: board_cpn
2025-09-15 17:56:13,400 [ERROR] DbExamplesSqlite:437 - Missing JSON key: board_cpn
2025-09-15 17:56:13,431 [INFO] DbExamplesSqlite:395 - Ignored 33 examples not supported by CubeIDE
2025-09-15 17:56:13,436 [INFO] DbExamplesSqlite:396 - Found 10871 examples active
2025-09-15 17:56:13,436 [INFO] DbExamplesSqlite:397 - Found 0 examples obsolete
2025-09-15 17:56:13,436 [INFO] DbExamplesSqlite:398 - Found 0 examples under development
2025-09-15 17:56:13,436 [INFO] DbExamplesSqlite:399 - Found 65 examples not building
2025-09-15 17:56:13,449 [INFO] DbExamples:125 - Found 10903 examples
2025-09-15 17:56:13,477 [INFO] DbExamples:222 - Found 134 boards with related examples
2025-09-15 17:56:13,478 [INFO] DbExamples:235 - Found 111 MCUs with related examples
2025-09-15 17:56:13,504 [INFO] ApiDb:414 - User favorites file not found: /Users/sheen/.stm32cubeide/favorites.examples.txt
2025-09-15 17:56:13,506 [INFO] DbExamples:250 - Set 0 / 0 favorites Examples
2025-09-15 17:56:14,530 [INFO] McuFinderGlobals:76 - Set McuFinderConnectedMode to true
2025-09-15 17:56:14,547 [INFO] MultiScanPanel:200 - Auto-refresh data requested => check proxy status ongoing
2025-09-15 17:56:14,550 [INFO] FinderPluginLoader:96 - Searching for filters in installed packs
2025-09-15 17:56:16,090 [INFO] LoadUrlFilesThread:185 - End of LoadServerUrlFiles without Thread
2025-09-15 17:56:16,214 [INFO] DetailPanel:341 - Set advertising image to /Users/sheen/STM32Cube/Repository//en.2400x1350px.jpeg
2025-09-15 17:57:03,747 [INFO] MultiScanPanel:200 - Auto-refresh data requested => check proxy status ongoing
2025-09-15 17:57:03,990 [INFO] LoadUrlFilesThread:185 - End of LoadServerUrlFiles without Thread
2025-09-15 17:57:03,995 [INFO] DetailPanel:341 - Set advertising image to /Users/sheen/STM32Cube/Repository//en.2400x1350px.jpeg
2025-09-15 17:57:04,016 [INFO] DbBoards:642 - Loading board mini-images...
2025-09-15 17:57:05,756 [ERROR] DbBoards:659 - Image file not found for board STM32MP215F-DK: /Users/sheen/.stmcufinder/plugins/mcufinder//mcu//boards_images/STM32MP215F-DK.jpg
2025-09-15 17:57:06,038 [INFO] DbBoards:665 - Loaded 211 board mini-images
2025-09-15 17:58:53,725 [INFO] MainUpdater:2872 - connection check result : 10
2025-09-15 17:58:53,728 [INFO] MainUpdater:2872 - connection check result : 10
2025-09-15 17:58:53,783 [INFO] MicroXplorer:468 - Change Database Path : 
2025-09-15 17:58:53,784 [INFO] MicroXplorer:498 - Change Database Version : DB.6.0.150
2025-09-15 17:58:53,789 [WARN] ThirdParty:871 - waiting for thirdparty lock release [close project]
2025-09-15 17:58:53,789 [INFO] ThirdParty:873 - entering critical section [close project]
2025-09-15 17:58:53,797 [INFO] ThirdParty:883 - exiting critical section [close project]
2025-09-15 17:58:53,801 [INFO] PinOutPanel:1589 - setPackage(No Configuration,No Configuration)
2025-09-15 17:58:53,803 [INFO] UtilMem:75 - Begin LoadConfig() Used Memory: 1006942648 Bytes (1073741824)
2025-09-15 17:58:53,807 [INFO] OpenFileManager:355 - Change cursor
2025-09-15 17:58:53,954 [INFO] ProjectFactory:514 - No CPN specified for board NUCLEO-F446RE => set CPN to STM32F446RET6
2025-09-15 17:58:53,957 [INFO] Mcu:2029 - Initializing MCU STM32F446R(C-E)Tx STM32F446RETx STM32F446RET6
2025-09-15 17:58:56,274 [INFO] Context:786 - Trying to add GPIOservice into a context  which must be forbidden
2025-09-15 17:58:57,517 [INFO] Rule:233 - rule 117617 - U5Cobra4M][GTZC] default value MPCBB3 and MPCBB5 - Not Secured memory - MPCBB1 is applicable
2025-09-15 17:58:57,526 [INFO] Rule:233 - rule 117617 - U5Cobra4M][GTZC] default value MPCBB3 and MPCBB5 - Not Secured memory - MPCBB1 is applicable
2025-09-15 17:58:57,529 [INFO] Rule:233 - rule 117617 - U5Cobra4M][GTZC] default value MPCBB3 and MPCBB5 - Not Secured memory - MPCBB2 is applicable
2025-09-15 17:58:57,529 [INFO] Rule:233 - rule 117617 - U5Cobra4M][GTZC] default value MPCBB3 and MPCBB5 - Not Secured memory - MPCBB2 is applicable
2025-09-15 17:58:57,529 [INFO] Rule:233 - rule 117617 - U5Cobra4M][GTZC] default value MPCBB3 and MPCBB5 - Not Secured memory - MPCBB3 is applicable
2025-09-15 17:58:57,529 [INFO] Rule:233 - rule 117617 - U5Cobra4M][GTZC] default value MPCBB3 and MPCBB5 - Not Secured memory - MPCBB3 is applicable
2025-09-15 17:58:57,529 [INFO] Rule:233 - rule 117617 - U5Cobra4M][GTZC] default value MPCBB3 and MPCBB5 - Not Secured memory - MPCBB4 is applicable
2025-09-15 17:58:57,529 [INFO] Rule:233 - rule 117617 - U5Cobra4M][GTZC] default value MPCBB3 and MPCBB5 - Not Secured memory - MPCBB4 is applicable
2025-09-15 17:58:57,529 [INFO] Rule:233 - rule 117617 - U5Cobra4M][GTZC] default value MPCBB3 and MPCBB5 - Secured memory - MPCBB1 is applicable
2025-09-15 17:58:57,529 [INFO] Rule:233 - rule 117617 - U5Cobra4M][GTZC] default value MPCBB3 and MPCBB5 - Secured memory - MPCBB2 is applicable
2025-09-15 17:58:57,529 [INFO] Rule:233 - rule 117617 - U5Cobra4M][GTZC] default value MPCBB3 and MPCBB5 - Secured memory - MPCBB3 is applicable
2025-09-15 17:58:57,529 [INFO] Rule:233 - rule 117617 - U5Cobra4M][GTZC] default value MPCBB3 and MPCBB5 - Secured memory - MPCBB4 is applicable
2025-09-15 17:58:57,529 [INFO] Rule:233 - rule 117617 - U5Cobra4M][GTZC] default value MPCBB3 and MPCBB5 - Privileged memory - MPCBB1 is applicable
2025-09-15 17:58:57,529 [INFO] Rule:233 - rule 117617 - U5Cobra4M][GTZC] default value MPCBB3 and MPCBB5 - Privileged memory - MPCBB2 is applicable
2025-09-15 17:58:57,529 [INFO] Rule:233 - rule 117617 - U5Cobra4M][GTZC] default value MPCBB3 and MPCBB5 - Privileged memory - MPCBB3 is applicable
2025-09-15 17:58:57,529 [INFO] Rule:233 - rule 117617 - U5Cobra4M][GTZC] default value MPCBB3 and MPCBB5 - Privileged memory - MPCBB4 is applicable
2025-09-15 17:58:57,529 [INFO] Rule:233 - rule 117617 - U5Cobra4M][GTZC] default value MPCBB3 and MPCBB5 - Not Privileged memory - MPCBB1 is applicable
2025-09-15 17:58:57,529 [INFO] Rule:233 - rule 117617 - U5Cobra4M][GTZC] default value MPCBB3 and MPCBB5 - Not Privileged memory - MPCBB2 is applicable
2025-09-15 17:58:57,529 [INFO] Rule:233 - rule 117617 - U5Cobra4M][GTZC] default value MPCBB3 and MPCBB5 - Not Privileged memory - MPCBB3 is applicable
2025-09-15 17:58:57,529 [INFO] Rule:233 - rule 117617 - U5Cobra4M][GTZC] default value MPCBB3 and MPCBB5 - Not Privileged memory - MPCBB4 is applicable
2025-09-15 17:58:57,530 [INFO] Rule:233 - rule 117617 - U5Cobra4M][GTZC] default value MPCBB3 and MPCBB5 - Privileged memory - MPCBB1 is applicable
2025-09-15 17:58:57,530 [INFO] Rule:233 - rule 117617 - U5Cobra4M][GTZC] default value MPCBB3 and MPCBB5 - Privileged memory - MPCBB2 is applicable
2025-09-15 17:58:57,530 [INFO] Rule:233 - rule 117617 - U5Cobra4M][GTZC] default value MPCBB3 and MPCBB5 - Privileged memory - MPCBB3 is applicable
2025-09-15 17:58:57,530 [INFO] Rule:233 - rule 117617 - U5Cobra4M][GTZC] default value MPCBB3 and MPCBB5 - Privileged memory - MPCBB4 is applicable
2025-09-15 17:58:57,530 [INFO] Rule:233 - rule 117617 - U5Cobra4M][GTZC] default value MPCBB3 and MPCBB5 - Privileged memory - MPCBB1 is applicable
2025-09-15 17:58:57,530 [INFO] Rule:233 - rule 117617 - U5Cobra4M][GTZC] default value MPCBB3 and MPCBB5 - Privileged memory - MPCBB2 is applicable
2025-09-15 17:58:57,530 [INFO] Rule:233 - rule 117617 - U5Cobra4M][GTZC] default value MPCBB3 and MPCBB5 - Privileged memory - MPCBB3 is applicable
2025-09-15 17:58:57,530 [INFO] Rule:233 - rule 117617 - U5Cobra4M][GTZC] default value MPCBB3 and MPCBB5 - Privileged memory - MPCBB4 is applicable
2025-09-15 17:58:57,530 [INFO] Rule:233 - rule 117617 - U5Cobra4M][GTZC] default value MPCBB3 and MPCBB5 - Not Privileged memory - MPCBB1 is applicable
2025-09-15 17:58:57,530 [INFO] Rule:233 - rule 117617 - U5Cobra4M][GTZC] default value MPCBB3 and MPCBB5 - Not Privileged memory - MPCBB2 is applicable
2025-09-15 17:58:57,530 [INFO] Rule:233 - rule 117617 - U5Cobra4M][GTZC] default value MPCBB3 and MPCBB5 - Not Privileged memory - MPCBB3 is applicable
2025-09-15 17:58:57,530 [INFO] Rule:233 - rule 117617 - U5Cobra4M][GTZC] default value MPCBB3 and MPCBB5 - Not Privileged memory - MPCBB4 is applicable
2025-09-15 17:58:57,531 [INFO] Rule:233 - rule 117617 - U5Cobra4M][GTZC] default value MPCBB3 and MPCBB5 - Privileged memory - MPCBB1 is applicable
2025-09-15 17:58:57,531 [INFO] Rule:233 - rule 117617 - U5Cobra4M][GTZC] default value MPCBB3 and MPCBB5 - Privileged memory - MPCBB2 is applicable
2025-09-15 17:58:57,531 [INFO] Rule:233 - rule 117617 - U5Cobra4M][GTZC] default value MPCBB3 and MPCBB5 - Privileged memory - MPCBB3 is applicable
2025-09-15 17:58:57,531 [INFO] Rule:233 - rule 117617 - U5Cobra4M][GTZC] default value MPCBB3 and MPCBB5 - Privileged memory - MPCBB4 is applicable
2025-09-15 17:58:57,531 [INFO] Rule:233 - rule Rename SubGHz_Phy SUBGHZ_APPLICATION SUBGHZ_PINGPONG to SUBGHZ_ADV_APPLICATION is applicable
2025-09-15 17:58:57,531 [INFO] Rule:233 - rule Rename Enabled to IBEACON is applicable
2025-09-15 17:58:57,531 [INFO] Rule:233 - rule GTZC_S instance for project manager is applicable
2025-09-15 17:58:57,531 [INFO] Rule:233 - rule GTZC_S instance for context M33S is applicable
2025-09-15 17:58:57,531 [INFO] Rule:233 - rule GTZC_S instance value for IP GTZC is applicable
2025-09-15 17:58:57,531 [INFO] Rule:233 - rule GTZC_S instance for mcu.IP is applicable
2025-09-15 17:58:57,531 [INFO] Rule:233 - rule GTZC_S instance for VP is applicable
2025-09-15 17:58:57,531 [INFO] Rule:233 - rule GTZC_S instance for signal is applicable
2025-09-15 17:58:57,531 [INFO] Rule:233 - rule GTZC_S instance for mcu.Pin is applicable
2025-09-15 17:58:57,531 [INFO] Rule:233 - rule GTZC_S instance for VP is applicable
2025-09-15 17:58:57,531 [INFO] Rule:233 - rule GTZC_S instance for signal is applicable
2025-09-15 17:58:57,531 [INFO] Rule:233 - rule GTZC_S instance for mcu is applicable
2025-09-15 17:58:57,531 [INFO] Rule:233 - rule GTZC_S instance for mcu.Pin is applicable
2025-09-15 17:58:57,531 [INFO] Rule:233 - rule GTZC_S instance value for IP GTZC is applicable
2025-09-15 17:58:57,531 [INFO] Rule:233 - rule GTZC_S instance for project manager is applicable
2025-09-15 17:58:57,531 [INFO] Rule:233 - rule GTZC_S instance for context M33S is applicable
2025-09-15 17:58:57,531 [INFO] Rule:233 - rule GTZC_S instance for VP is applicable
2025-09-15 17:58:57,532 [INFO] Rule:233 - rule GTZC_S instance for signal is applicable
2025-09-15 17:58:57,532 [INFO] Rule:233 - rule SPDIFRX instance for mcu is applicable
2025-09-15 17:58:57,532 [INFO] Rule:233 - rule Rename Tracer Mode is applicable
2025-09-15 17:58:57,532 [INFO] Rule:233 - rule SPDIFRX instance value for IP SPDIFRX is applicable
2025-09-15 17:58:57,532 [INFO] Rule:233 - rule SPDIFRX instance for signal is applicable
2025-09-15 17:58:57,532 [INFO] Rule:233 - rule SPDIFRX instance for project manager is applicable
2025-09-15 17:58:57,532 [INFO] Rule:233 - rule SPDIFRX instance for project manager is applicable
2025-09-15 17:58:57,532 [INFO] Rule:233 - rule ADC Scan  fix with FW F7 is applicable
2025-09-15 17:58:57,532 [INFO] Rule:233 - rule ADC Scan  fix with FW F7 is applicable
2025-09-15 17:58:57,532 [INFO] Rule:233 - rule WakeUp0 Mode is applicable
2025-09-15 17:58:57,532 [INFO] Rule:233 - rule WakeUp0 SIGNAL is applicable
2025-09-15 17:58:57,532 [INFO] Rule:233 - rule WakeUp1 Mode is applicable
2025-09-15 17:58:57,532 [INFO] Rule:233 - rule WakeUp1 SIGNAL is applicable
2025-09-15 17:58:57,532 [INFO] Rule:233 - rule WakeUp2 Mode is applicable
2025-09-15 17:58:57,532 [INFO] Rule:233 - rule WakeUp2 SIGNAL is applicable
2025-09-15 17:58:57,532 [INFO] Rule:233 - rule WakeUp4 Mode is applicable
2025-09-15 17:58:57,532 [INFO] Rule:233 - rule WakeUp4 SIGNAL is applicable
2025-09-15 17:58:57,532 [INFO] Rule:233 - rule WakeUp5 Mode is applicable
2025-09-15 17:58:57,532 [INFO] Rule:233 - rule WakeUp5 SIGNAL is applicable
2025-09-15 17:58:57,532 [INFO] Rule:233 - rule Add RTC Activate Clock Source is applicable
2025-09-15 17:58:57,532 [INFO] Rule:233 - rule Add RTC Activate Calendar 1 is applicable
2025-09-15 17:58:57,532 [INFO] Rule:233 - rule Add RTC Activate Calendar 2 is applicable
2025-09-15 17:58:57,532 [INFO] Rule:233 - rule Add RTC Activate Calendar 3 is applicable
2025-09-15 17:58:57,533 [INFO] Rule:233 - rule UART/USART TX Mode is applicable
2025-09-15 17:58:57,533 [INFO] Rule:233 - rule UART/USART RX Mode is applicable
2025-09-15 17:58:57,533 [INFO] Rule:233 - rule UART/USART RX TX Mode is applicable
2025-09-15 17:58:57,533 [INFO] Rule:233 - rule UART/USART PARITY NONE is applicable
2025-09-15 17:58:57,533 [INFO] Rule:233 - rule UART/USART PARITY EVEN is applicable
2025-09-15 17:58:57,533 [INFO] Rule:233 - rule UART/USART PARITY ODD is applicable
2025-09-15 17:58:57,533 [INFO] Rule:233 - rule USART StopBits 1 is applicable
2025-09-15 17:58:57,533 [INFO] Rule:233 - rule USART StopBits 2 is applicable
2025-09-15 17:58:57,533 [INFO] Rule:233 - rule USART StopBits 1.5 is applicable
2025-09-15 17:58:57,533 [INFO] Rule:233 - rule USART StopBits 0.5 is applicable
2025-09-15 17:58:57,533 [INFO] Rule:233 - rule UART/USART WORD LENGTH 7 is applicable
2025-09-15 17:58:57,533 [INFO] Rule:233 - rule UART/USART WORD LENGTH 8 is applicable
2025-09-15 17:58:57,533 [INFO] Rule:233 - rule UART/USART WORD LENGTH 9 is applicable
2025-09-15 17:58:57,533 [INFO] Rule:233 - rule Rename FMC NAND NCE signal is applicable
2025-09-15 17:58:57,533 [INFO] Rule:233 - rule Rename FMC NAND INT signal is applicable
2025-09-15 17:58:57,533 [INFO] Rule:233 - rule Change Default Value for LSE Drive Capability for WB family is applicable
2025-09-15 17:58:57,533 [INFO] Rule:233 - rule Change Default Value for ADC Clock Prescaler G0 family is applicable
2025-09-15 17:58:57,533 [INFO] Rule:233 - rule Change Default Value for ADC ExternalTrigConv L4 family is applicable
2025-09-15 17:58:57,533 [INFO] Rule:233 - rule Change Default Value for ADC ExternalTrigInjecConv L4 family is applicable
2025-09-15 17:58:57,533 [INFO] Rule:233 - rule Change Default Value for ADC ExternalTrigConv F3 family is applicable
2025-09-15 17:58:57,533 [INFO] Rule:233 - rule Change Default Value for ADC ExternalTrigInjecConv F3 family is applicable
2025-09-15 17:58:57,533 [INFO] Rule:233 - rule Change Default Value for ADC ExternalTrigConv Goldfish serie is applicable
2025-09-15 17:58:57,533 [INFO] Rule:233 - rule Change Default Value for ADC ExternalTrigInjecConv Goldfish serie is applicable
2025-09-15 17:58:57,533 [INFO] Rule:233 - rule Change Default Value for ADC ExternalTrigConv L0 family is applicable
2025-09-15 17:58:57,533 [INFO] Rule:233 - rule Change Default Value for ADC ExternalTrigConv F0 family is applicable
2025-09-15 17:58:57,533 [INFO] Rule:233 - rule Change Default Value for ADC ExternalTrigConvn L1 family is applicable
2025-09-15 17:58:57,533 [INFO] Rule:233 - rule Change Default Value for ADC ExternalTrigInjecConv L1 family is applicable
2025-09-15 17:58:57,533 [INFO] Rule:233 - rule Change Default Value for ADC ExternalTrigConv F1 family is applicable
2025-09-15 17:58:57,533 [INFO] Rule:233 - rule Change Default Value for ADC ExternalTrigInjecConv F1 family is applicable
2025-09-15 17:58:57,533 [INFO] Rule:233 - rule Change Default Value for ADC ExternalTrigConv F7 family is applicable
2025-09-15 17:58:57,533 [INFO] Rule:233 - rule Change Default Value for ADC ExternalTrigInjecConv F7 family is applicable
2025-09-15 17:58:57,533 [INFO] Rule:233 - rule Change Default Value for ADC ExternalTrigConv F4 and F2 family is applicable
2025-09-15 17:58:57,533 [INFO] Rule:233 - rule Change Default Value for ADC ExternalTrigInjecConv F4 and F2 family is applicable
2025-09-15 17:58:57,533 [INFO] Rule:233 - rule ADC SamplingTime fix with FW L0  is applicable
2025-09-15 17:58:57,534 [INFO] Rule:233 - rule ADC SamplingTime fix with FW L0  is applicable
2025-09-15 17:58:57,534 [INFO] Rule:233 - rule ADC SamplingTime fix with FW L0 is applicable
2025-09-15 17:58:57,534 [INFO] Rule:233 - rule ADC SamplingTime fix with FW L0 is applicable
2025-09-15 17:58:57,534 [INFO] Rule:233 - rule ADC SamplingTime fix with FW L0  is applicable
2025-09-15 17:58:57,534 [INFO] Rule:233 - rule ADC SamplingTime fix with FW L0 is applicable
2025-09-15 17:58:57,535 [INFO] Rule:233 - rule Rename USB_OE Signal is applicable
2025-09-15 17:58:57,536 [INFO] Rule:233 - rule Rename Activate_OE Mode is applicable
2025-09-15 17:58:57,537 [INFO] Rule:233 - rule Rename DIE462/DIE415 pin PC14/OSC32_IN -> PC14-OSC32_IN (PC14) is applicable
2025-09-15 17:58:57,537 [INFO] Rule:233 - rule Rename DIE462/DIE415 pin PC15/OSC32_OUT -> PC15-OSC32_OUT (PC15) is applicable
2025-09-15 17:58:57,537 [INFO] Rule:233 - rule Rename DIE462/DIE415 pin PH0/OSC_IN -> PH0-OSC_IN (PH0) is applicable
2025-09-15 17:58:57,537 [INFO] Rule:233 - rule Rename DIE462/DIE415 pin PH1/OSC_OUT -> PH1-OSC_OUT (PH1) is applicable
2025-09-15 17:58:57,537 [INFO] Rule:233 - rule Rename DIE462 pin PA13 -> PA13 (JTMS/SWDIO) is applicable
2025-09-15 17:58:57,537 [INFO] Rule:233 - rule Rename DIE415 pin PA13 -> PA13 (JTMS/SWDIO) is applicable
2025-09-15 17:58:57,537 [INFO] Rule:233 - rule Rename DIE462 pin PA14 -> PA14 (JTCK/SWCLK) is applicable
2025-09-15 17:58:57,537 [INFO] Rule:233 - rule Rename DIE415 pin PA14 -> PA14 (JTCK/SWCLK) is applicable
2025-09-15 17:58:57,537 [INFO] Rule:233 - rule Rename DIE462/DIE415 pin PA15 -> PA15 (JTDI) is applicable
2025-09-15 17:58:57,537 [INFO] Rule:233 - rule Rename DIE462 pin PB3 -> PB3 (JTD0/TRACESWO) is applicable
2025-09-15 17:58:57,537 [INFO] Rule:233 - rule Rename DIE415 pin PB3 -> PB3 (JTD0-TRACESWO) is applicable
2025-09-15 17:58:57,537 [INFO] Rule:233 - rule Rename DIE462/DIE415 pin PB4 -> PB4 (NJTRST) is applicable
2025-09-15 17:58:57,537 [INFO] Rule:233 - rule Rename DIE462 pin PH3/BOOT0 -> PH3-BOOT0 (BOOT0) is applicable
2025-09-15 17:58:57,537 [INFO] Rule:233 - rule Rename CRYP DataEncryptionTypesList to Algorithm is applicable
2025-09-15 17:58:57,537 [INFO] Rule:233 - rule Rename AES DataEncryptionTypesList to Algorithm is applicable
2025-09-15 17:58:57,537 [INFO] Rule:233 - rule Rename TDESECB to CRYP_TDES_ECB is applicable
2025-09-15 17:58:57,537 [INFO] Rule:233 - rule Rename TDESCBC to CRYP_TDES_CBC is applicable
2025-09-15 17:58:57,537 [INFO] Rule:233 - rule Rename DESECB to CRYP_DES_ECB is applicable
2025-09-15 17:58:57,537 [INFO] Rule:233 - rule Rename DESCBC to CRYP_DES_CBC is applicable
2025-09-15 17:58:57,538 [INFO] Rule:233 - rule Rename AESECB to CRYP_AES_ECB is applicable
2025-09-15 17:58:57,538 [INFO] Rule:233 - rule Rename AESCBC to CRYP_AES_CBC is applicable
2025-09-15 17:58:57,538 [INFO] Rule:233 - rule Rename AESCTR to CRYP_AES_CTR is applicable
2025-09-15 17:58:57,538 [INFO] Rule:233 - rule Rename AESGCM to CRYP_AES_GCM is applicable
2025-09-15 17:58:57,538 [INFO] Rule:233 - rule Rename AESCCM to CRYP_AES_CCM is applicable
2025-09-15 17:58:57,538 [INFO] Rule:233 - rule Rename CAN TimeSeg1 to BS1 is applicable
2025-09-15 17:58:57,538 [INFO] Rule:233 - rule Rename CAN TimeSeg2 to BS2 is applicable
2025-09-15 17:58:57,538 [INFO] Rule:233 - rule Rename CAN SyncJumpWidth to SJW is applicable
2025-09-15 17:58:57,538 [INFO] Rule:233 - rule TimeTriggeredMode to TTCM is applicable
2025-09-15 17:58:57,538 [INFO] Rule:233 - rule Rename CAN AutoBusOff to ABOM is applicable
2025-09-15 17:58:57,538 [INFO] Rule:233 - rule Rename CAN AutoWakeUp to AWUM is applicable
2025-09-15 17:58:57,538 [INFO] Rule:233 - rule Rename CAN AutoRetransmission to NART is applicable
2025-09-15 17:58:57,538 [INFO] Rule:233 - rule Rename CAN ReceiveFifoLocked to RFLM is applicable
2025-09-15 17:58:57,538 [INFO] Rule:233 - rule Rename CAN TransmitFifoPriority to TXFP is applicable
2025-09-15 17:58:57,538 [INFO] Rule:233 - rule Rename HRTIMER HRTIM_OUTPUTFAULTLEVEL_HIGH in HRTIMER HRTIM_OUTPUTFAULTLEVEL_HIGHZ is applicable
2025-09-15 17:58:57,538 [INFO] Rule:233 - rule Rename TIMER TIM_CLEARINPUTSOURCE_OCREFCLR in  TIMER TIM_CLEARINPUTSOURCE_NONE for F7 family is applicable
2025-09-15 17:58:57,538 [INFO] Rule:233 - rule FDCAN_R1 - Rename FDCAN mode Master into Classic is applicable
2025-09-15 17:58:57,538 [INFO] Rule:233 - rule FDCAN_R2 - Rename FDCAN mode Slave into Classic is applicable
2025-09-15 17:58:57,538 [INFO] Rule:233 - rule FDCAN1_R3 - if PA10.Mode=FullDuplex, add Pin PA12 is applicable
2025-09-15 17:58:57,538 [INFO] Rule:233 - rule FDCAN1_R3 - if PA9.Mode=FullDuplex, add Pin PA11 is applicable
2025-09-15 17:58:57,538 [INFO] Rule:233 - rule FDCAN1_R3 - Alternatepin_1 - if PE1.Mode=FullDuplex, add Pin PB9 is applicable
2025-09-15 17:58:57,538 [INFO] Rule:233 - rule FDCAN1_R3 - Alternatepin_1 - if PE0.Mode=FullDuplex, add Pin PB8 is applicable
2025-09-15 17:58:57,538 [INFO] Rule:233 - rule FDCAN1_R3 - Alternatepin_2 - if PD5.Mode=FullDuplex, add Pin PD1 is applicable
2025-09-15 17:58:57,538 [INFO] Rule:233 - rule FDCAN1_R3 - Alternatepin_2 - if PD4.Mode=FullDuplex, add Pin PD0 is applicable
2025-09-15 17:58:57,538 [INFO] Rule:233 - rule FDCAN1_R4 - Rename Mode FullDuplex into Enable FDCAN_TXFD for pin PA10 is applicable
2025-09-15 17:58:57,538 [INFO] Rule:233 - rule FDCAN1_R4 - Rename Mode FullDuplex into Enable FDCAN_TXFD for pin PA9 is applicable
2025-09-15 17:58:57,538 [INFO] Rule:233 - rule FDCAN1_R4 - Alternatepin_1 - Rename Mode FullDuplex into Enable FDCAN_TXFD for pin PE1 is applicable
2025-09-15 17:58:57,538 [INFO] Rule:233 - rule FDCAN1_R4 - Alternatepin_1 - Rename Mode FullDuplex into Enable FDCAN_TXFD for pin PE0 is applicable
2025-09-15 17:58:57,538 [INFO] Rule:233 - rule FDCAN1_R4 - Alternatepin_2 - Rename Mode FullDuplex into Enable FDCAN_TXFD for pin PD5 is applicable
2025-09-15 17:58:57,538 [INFO] Rule:233 - rule FDCAN1_R4 - Alternatepin_2 - Rename Mode FullDuplex into Enable FDCAN_TXFD for pin PD4 is applicable
2025-09-15 17:58:57,538 [INFO] Rule:233 - rule FDCAN2_R3 - if PD10.Mode=FullDuplex, add Pin PB13 is applicable
2025-09-15 17:58:57,538 [INFO] Rule:233 - rule FDCAN2_R3 - if PD9.Mode=FullDuplex, add Pin PB12 is applicable
2025-09-15 17:58:57,538 [INFO] Rule:233 - rule FDCAN2_R3 - Alternatepin_1 - if PB7.Mode=FullDuplex, add Pin PB6 is applicable
2025-09-15 17:58:57,538 [INFO] Rule:233 - rule FDCAN2_R3 - Alternatepin_1 - if PD9.Mode=FullDuplex, add Pin PB12 is applicable
2025-09-15 17:58:57,538 [INFO] Rule:233 - rule FDCAN2_R4 - Rename Mode FullDuplex into Enable FDCAN_TXFD for pin PD10 is applicable
2025-09-15 17:58:57,538 [INFO] Rule:233 - rule FDCAN2_R4 - Rename Mode FullDuplex into Enable FDCAN_TXFD for pin PD9 is applicable
2025-09-15 17:58:57,538 [INFO] Rule:233 - rule FDCAN2_R4 - Alternatepin_1 - Rename Mode FullDuplex into Enable FDCAN_TXFD for pin PB7 is applicable
2025-09-15 17:58:57,538 [INFO] Rule:233 - rule FDCAN2_R4 - Alternatepin_1 - Rename Mode FullDuplex into Enable FDCAN_TXFD for pin PD6 is applicable
2025-09-15 17:58:57,538 [INFO] Rule:233 - rule USART TxPinLevelInvertParam Mode is applicable
2025-09-15 17:58:57,538 [INFO] Rule:233 - rule USART RxPinLevelInvertParam Mode is applicable
2025-09-15 17:58:57,538 [INFO] Rule:233 - rule USART DataInvertParam Mode is applicable
2025-09-15 17:58:57,538 [INFO] Rule:233 - rule USART SwapParam Mode is applicable
2025-09-15 17:58:57,538 [INFO] Rule:233 - rule USART OverrunDisableParam Mode is applicable
2025-09-15 17:58:57,538 [INFO] Rule:233 - rule USART DMADisableonRxErrorParam Mode is applicable
2025-09-15 17:58:57,538 [INFO] Rule:233 - rule USART MSBFirstParam Mode is applicable
2025-09-15 17:58:57,538 [INFO] Rule:233 - rule Update MwName for USB_DEVICE is applicable
2025-09-15 17:58:57,538 [INFO] Rule:233 - rule Change PWR_Regulator_Voltage_Scale Default Value for RCC  H7 family is applicable
2025-09-15 17:58:57,538 [INFO] Rule:233 - rule UART/USART IPParameter rename Prescaler parameter to ClockPrescaler is applicable
2025-09-15 17:58:57,538 [INFO] Rule:233 - rule UART/USART Prescaler rename Prescaler parameter to ClockPrescaler is applicable
2025-09-15 17:58:57,538 [INFO] Rule:233 - rule TIM1CLockSelection is applicable
2025-09-15 17:58:57,538 [INFO] Rule:233 - rule TIM15CLockSelection is applicable
2025-09-15 17:58:57,538 [INFO] Rule:233 - rule align RCC SDMMC3CLockSelection default value on MP1 is applicable
2025-09-15 17:58:57,538 [INFO] Rule:233 - rule align RCC SDMMC12CLockSelection default value on MP1 is applicable
2025-09-15 17:58:57,538 [INFO] Rule:233 - rule align RCC QSPICLockSelection default value on MP1 is applicable
2025-09-15 17:58:57,538 [INFO] Rule:233 - rule align RCC QSPICLockSelection default value on MP1 is applicable
2025-09-15 17:58:57,538 [INFO] Rule:233 - rule align RCC SPI6CLockSelection default value on MP1 is applicable
2025-09-15 17:58:57,538 [INFO] Rule:233 - rule align RCC LPTIM23CLockSelection default value on MP1 is applicable
2025-09-15 17:58:57,538 [INFO] Rule:233 - rule align RCC LPTIM1CLockSelection default value on MP1 is applicable
2025-09-15 17:58:57,539 [INFO] Rule:233 - rule align RCC USART1CLockSelection default value on MP1 is applicable
2025-09-15 17:58:57,539 [INFO] Rule:233 - rule align RCC USART24CLockSelection default value on MP1 is applicable
2025-09-15 17:58:57,539 [INFO] Rule:233 - rule align RCC USART6CLockSelection default value on MP1 is applicable
2025-09-15 17:58:57,539 [INFO] Rule:233 - rule align RCC UART78CLockSelection default value on MP1 is applicable
2025-09-15 17:58:57,539 [INFO] Rule:233 - rule align RCC USART35CLockSelection default value on MP1 is applicable
2025-09-15 17:58:57,539 [INFO] Rule:233 - rule align RCC SPI45CLockSelection default value on MP1 is applicable
2025-09-15 17:58:57,539 [INFO] Rule:233 - rule align RCC I2C46CLockSelection BCLK value on MP1 is applicable
2025-09-15 17:58:57,539 [INFO] Rule:233 - rule align RCC SPI45CLockSelection default value on MP1 is applicable
2025-09-15 17:58:57,539 [INFO] Rule:233 - rule align RCC I2C12CLockSelection default value on MP1 is applicable
2025-09-15 17:58:57,539 [INFO] Rule:233 - rule align RCC I2C35CLockSelection default value on MP1 is applicable
2025-09-15 17:58:57,539 [INFO] Rule:233 - rule align RCC LPTIM45CLockSelection default value on MP1 is applicable
2025-09-15 17:58:57,539 [INFO] Rule:233 - rule Rename DCMI PIXCK signal is applicable
2025-09-15 17:58:57,539 [INFO] Rule:233 - rule Change Default Value for I2C46CLockSelection MP1 family is applicable
2025-09-15 17:58:57,539 [INFO] Rule:233 - rule Change Default Value for UART for G4, G0 and WB families is applicable
2025-09-15 17:58:57,539 [INFO] Rule:233 - rule Change Default Value for USART for G4, G0 and WB families is applicable
2025-09-15 17:58:57,539 [INFO] Rule:233 - rule Change Default Value for USART for G4 family is applicable
2025-09-15 17:58:57,539 [INFO] Rule:233 - rule Change USART1CLockSelection refparam name for MP1 is applicable
2025-09-15 17:58:57,539 [INFO] Rule:233 - rule Change USART2CLockSelection refparam name for MP1 is applicable
2025-09-15 17:58:57,539 [INFO] Rule:233 - rule Change USART3CLockSelection refparam name for MP1 is applicable
2025-09-15 17:58:57,539 [INFO] Rule:233 - rule Change UART4CLockSelection refparam name for MP1 is applicable
2025-09-15 17:58:57,539 [INFO] Rule:233 - rule Change UART5CLockSelection refparam name for MP1 is applicable
2025-09-15 17:58:57,539 [INFO] Rule:233 - rule Change LPUART1CLockSelection refparam name for MP1 is applicable
2025-09-15 17:58:57,539 [INFO] Rule:233 - rule Change LPTIM1CLockSelection refparam name for MP1 is applicable
2025-09-15 17:58:57,539 [INFO] Rule:233 - rule Change LPTIM2CLockSelection refparam name for MP1 is applicable
2025-09-15 17:58:57,539 [INFO] Rule:233 - rule Change RCC_MCO1Source refparam name for MP1 is applicable
2025-09-15 17:58:57,539 [INFO] Rule:233 - rule Change LSCOSource1 refparam name for MP1 is applicable
2025-09-15 17:58:57,539 [INFO] Rule:233 - rule Change SMPSCLockSelection refparam name for MP1 is applicable
2025-09-15 17:58:57,539 [INFO] Rule:233 - rule Change LPTIM3CLockSelection refparam name for MP1 is applicable
2025-09-15 17:58:57,539 [INFO] Rule:233 - rule Change MPCBB* Default Template Mode to Parameters is applicable
2025-09-15 17:58:57,539 [INFO] Rule:233 - rule Change MPCWM* or MPCBB* Secure Mode to Parameters is applicable
2025-09-15 17:58:57,539 [INFO] Rule:233 - rule Change MPCWM* or MPCBB* No Secure Mode to Parameters is applicable
2025-09-15 17:58:57,539 [INFO] Rule:233 - rule Change TZSC IP Secure Mode to Parameters is applicable
2025-09-15 17:58:57,539 [INFO] Rule:233 - rule Change TZSC IP No Secure Mode to Parameters is applicable
2025-09-15 17:58:57,539 [INFO] Rule:233 - rule Change TZSC IP Privilege Mode to Parameters is applicable
2025-09-15 17:58:57,539 [INFO] Rule:233 - rule Change TZSC IP No Privilege Mode to Parameters is applicable
2025-09-15 17:58:57,539 [INFO] Rule:233 - rule Change TZIC IT Secure Mode to Parameters is applicable
2025-09-15 17:58:57,539 [INFO] Rule:233 - rule Change TZIC IT No Secure Mode to Parameters is applicable
2025-09-15 17:58:57,539 [INFO] Rule:233 - rule Add MPCBB1_NonSecureArea_Start_Address value with referenced to MPCBB1_NonSecureArea_Start value is applicable
2025-09-15 17:58:57,539 [INFO] Rule:233 - rule Add MPCBB2_NonSecureArea_Start_Address value with referenced to MPCBB2_NonSecureArea_Start value is applicable
2025-09-15 17:58:57,539 [INFO] Rule:233 - rule Add MPCWM1_NonSecureArea*_Start_Address value with referenced to MPCWM1_NonSecureArea*_Start value is applicable
2025-09-15 17:58:57,539 [INFO] Rule:233 - rule Add MPCWM2_NonSecureArea*_Start_Address value with referenced to MPCWM2_NonSecureArea*_Start value is applicable
2025-09-15 17:58:57,539 [INFO] Rule:233 - rule Add MPCWM3_NonSecureArea_Start_Address value with referenced to MPCWM3_NonSecureArea_Start value is applicable
2025-09-15 17:58:57,539 [INFO] Rule:233 - rule Change Default Value for PLL1UserDefinedConfig is applicable
2025-09-15 17:58:57,539 [INFO] Rule:233 - rule Change GPIO_PuPd Default Value for USART in async mode is applicable
2025-09-15 17:58:57,539 [INFO] Rule:233 - rule Change SMPSDivider Default Value is applicable
2025-09-15 17:58:57,539 [INFO] Rule:233 - rule OPAMP is applicable
2025-09-15 17:58:57,539 [INFO] Rule:233 - rule LPUART IPParameter rename Prescaler parameter to ClockPrescaler for STM32H7 is applicable
2025-09-15 17:58:57,540 [INFO] Rule:233 - rule LPUART IPParameter rename Prescaler parameter to ClockPrescaler for STM32H7 is applicable
2025-09-15 17:58:57,540 [INFO] Rule:233 - rule LPUART IPParameter rename Prescaler parameter to ClockPrescaler for STM32WB is applicable
2025-09-15 17:58:57,540 [INFO] Rule:233 - rule LPUART IPParameter rename Prescaler parameter to ClockPrescaler for STM32WB is applicable
2025-09-15 17:58:57,540 [INFO] Rule:233 - rule LPUART IPParameter rename Prescaler parameter to ClockPrescaler for STM32G4 is applicable
2025-09-15 17:58:57,541 [INFO] Rule:233 - rule LPUART IPParameter rename Prescaler parameter to ClockPrescaler for STM32G4 is applicable
2025-09-15 17:58:57,542 [INFO] Rule:233 - rule LPUART IPParameter rename Prescaler parameter to ClockPrescaler for STM32L5 is applicable
2025-09-15 17:58:57,543 [INFO] Rule:233 - rule LPUART IPParameter rename Prescaler parameter to ClockPrescaler for STM32L5 is applicable
2025-09-15 17:58:57,543 [INFO] Rule:233 - rule LPUART IPParameter rename Prescaler parameter to ClockPrescaler for STM32G4 is applicable
2025-09-15 17:58:57,543 [INFO] Rule:233 - rule LPUART IPParameter rename Prescaler parameter to ClockPrescaler for STM32G4 is applicable
2025-09-15 17:58:57,543 [INFO] Rule:233 - rule USB device lib V2.5.3 for L0 rename USBD_SUPPORT_USER_STRING parameter to USBD_SUPPORT_USER_STRING_DESC4 is applicable
2025-09-15 17:58:57,543 [INFO] Rule:233 - rule I2SCLockSelection clock entry align is applicable
2025-09-15 17:58:57,543 [INFO] Rule:233 - rule Assign TIMx context if used as SYS timebase is applicable
2025-09-15 17:58:57,543 [INFO] Rule:233 - rule Change GPIO_Pu Default Value for I2C is applicable
2025-09-15 17:58:57,543 [INFO] Rule:233 - rule Change GPIO_Pu Default Value for SMBus is applicable
2025-09-15 17:58:57,543 [INFO] Rule:233 - rule change FDCAN default value is applicable
2025-09-15 17:58:57,543 [INFO] Rule:233 - rule Change mode sai is applicable
2025-09-15 17:58:57,543 [INFO] Rule:233 - rule **Change sai mode is applicable
2025-09-15 17:58:57,543 [INFO] Rule:233 - rule Rename STM32WPAN CFG_BLE_IRK to CFG_BLE_IR is applicable
2025-09-15 17:58:57,543 [INFO] Rule:233 - rule Rename STM32WPAN CFG_BLE_ERK to CFG_BLE_ER is applicable
2025-09-15 17:58:57,543 [INFO] Rule:233 - rule Rename STM32WPAN CFG_BLE_IRK_HEX to CFG_BLE_IR_HEX is applicable
2025-09-15 17:58:57,544 [INFO] Rule:233 - rule Rename STM32WPAN CFG_BLE_ERK_HEX to CFG_BLE_ER_HEX is applicable
2025-09-15 17:58:57,544 [INFO] Rule:233 - rule Adapt Old IOC before rework replace old CORTEX_M33/CORTEX_M55 attributes by the new one. is applicable
2025-09-15 17:58:57,544 [INFO] Rule:233 - rule Rename parametre of RCC RCC_APBDBG_DIV2 to RCC_TIMPRES_DIV2 is applicable
2025-09-15 17:58:57,544 [INFO] Rule:233 - rule Rename DIE493 pin PA10 [PA12] -> PA10 is applicable
2025-09-15 17:58:57,544 [INFO] Rule:233 - rule Rename DIE493 pin PA9 [PA11] -> PA9 is applicable
2025-09-15 17:58:57,544 [INFO] Rule:233 - rule Rename DIE492 PartNumber CPN STM32WBA5MJGHx -> STM32WBA5MMGHx is applicable
2025-09-15 17:58:57,544 [INFO] Rule:233 - rule Rename DIE492 PartNumber  Name STM32WBA5MJGHx -> STM32WBA5MMGHx is applicable
2025-09-15 17:58:57,544 [INFO] Rule:233 - rule Rename DIE492 PartNumber UserName STM32WBA5MJGHx -> STM32WBA5MMGHx is applicable
2025-09-15 17:58:57,544 [INFO] Rule:233 - rule Rename DIE492 PartNumber DeviceId STM32WBA5MJGHx -> STM32WBA5MMGHx is applicable
2025-09-15 17:58:57,544 [INFO] Rule:233 - rule Adapt Old IOC CSI. is applicable
2025-09-15 17:58:57,544 [INFO] Rule:233 - rule Adapt Old IOC DCMIPP. is applicable
2025-09-15 17:58:57,544 [INFO] Rule:233 - rule Adapt Old IOC DCMIPP Mode Parallel. is applicable
2025-09-15 17:58:57,544 [INFO] Rule:233 - rule Adapt Old IOC LTDC. is applicable
2025-09-15 17:58:57,544 [INFO] Rule:233 - rule Rename STM32MP2 RIF Peripheral LTDC RIF.RISUP.LTDC_L0L1.Privilege -> RIF.RISUP.LTDC_L1L2.Privilege is applicable
2025-09-15 17:58:57,544 [INFO] Rule:233 - rule Rename STM32MP2 RIF Peripheral LTDC RIF.RISUP.LTDC_L0L1.Privilege -> RIF.RISUP.LTDC_L1L2.Privilege is applicable
2025-09-15 17:58:57,544 [INFO] Rule:233 - rule Rename STM32MP2 RIF Peripheral LTDC RIF.RISUP.LTDC_L0L1.Lock -> RIF.RISUP.LTDC_L1L2.Lock is applicable
2025-09-15 17:58:57,544 [INFO] Rule:233 - rule Rename STM32MP2 RIF Peripheral LTDC RIF.RISUP.LTDC_L2.Lock -> RIF.RISUP.LTDC_L3.Lock is applicable
2025-09-15 17:58:57,544 [INFO] Rule:233 - rule Adapt the old IOC example for updating the SYS when it is misconfigured. is applicable
2025-09-15 17:58:57,544 [INFO] Rule:233 - rule Rename STM32C09 Mcu.Package LQFP64 -> LQFP48 is applicable
2025-09-15 17:58:57,544 [INFO] Rule:233 - rule Adapt the old IOC example for updating the SYS when it is misconfigured. is applicable
2025-09-15 17:58:57,544 [INFO] Rule:233 - rule Adapt the old IOC example for updating the SYS when it is misconfigured. is applicable
2025-09-15 17:58:57,588 [INFO] DbConfProperties:307 - Apply Compatibility (53/282 Rules)
2025-09-15 17:58:57,624 [INFO] ImportTextPane:234 - (OptionalMessage_ERROR) Unable to find key (Mcu.ThirdPartyNb) in loaded IOC file
2025-09-15 17:58:57,637 [INFO] ImportTextPane:234 - (OptionalMessage_ERROR) Pin12 (VP_RIF_VS_RIF1) cannot be retrieved for this MCU
2025-09-15 17:58:57,840 [INFO] RtosManager:558 - Registered RTOS mode: class=CMSIS, group=RTOS, mode=CMSIS_V1, owner=FREERTOS
2025-09-15 17:58:57,841 [INFO] RtosManager:558 - Registered RTOS mode: class=CMSIS, group=RTOS2, mode=CMSIS_V2, owner=FREERTOS
2025-09-15 17:58:57,841 [INFO] RtosManager:558 - Registered RTOS mode: class=RTOS, group=Core, mode=CMSIS_V1, owner=FREERTOS
2025-09-15 17:58:57,841 [INFO] RtosManager:558 - Registered RTOS mode: class=RTOS, group=Core, mode=CMSIS_V2, owner=FREERTOS
2025-09-15 17:58:57,841 [WARN] ModelIntegratedComponent:184 - Missing modes for component STMicroelectronics:FreeRTOS:0.0.1:STMicroelectronics:RTOS:FreeRTOS:Core:::10.2.0:
2025-09-15 17:58:57,865 [WARN] ModelIntegratedComponent:63 - No mode defined for component null
2025-09-15 17:58:57,865 [WARN] ModelIntegratedComponent:63 - No mode defined for component null
2025-09-15 17:58:57,865 [WARN] ModelIntegratedComponent:63 - No mode defined for component null
2025-09-15 17:58:57,865 [WARN] ModelIntegratedComponent:63 - No mode defined for component null
2025-09-15 17:58:57,865 [WARN] ModelIntegratedComponent:63 - No mode defined for component null
2025-09-15 17:58:57,865 [WARN] ModelIntegratedComponent:63 - No mode defined for component null
2025-09-15 17:58:57,865 [WARN] ModelIntegratedComponent:63 - No mode defined for component null
2025-09-15 17:58:57,865 [WARN] ModelIntegratedComponent:63 - No mode defined for component null
2025-09-15 17:58:57,865 [WARN] ModelIntegratedComponent:63 - No mode defined for component null
2025-09-15 17:58:57,865 [WARN] ModelIntegratedComponent:63 - No mode defined for component null
2025-09-15 17:58:57,865 [WARN] ModelIntegratedComponent:63 - No mode defined for component null
2025-09-15 17:58:57,865 [WARN] ModelIntegratedComponent:63 - No mode defined for component null
2025-09-15 17:58:57,865 [WARN] ModelIntegratedComponent:63 - No mode defined for component null
2025-09-15 17:58:57,865 [WARN] ModelIntegratedComponent:63 - No mode defined for component null
2025-09-15 17:58:57,865 [WARN] ModelIntegratedComponent:63 - No mode defined for component null
2025-09-15 17:58:57,865 [WARN] ModelIntegratedComponent:63 - No mode defined for component null
2025-09-15 17:58:57,865 [WARN] ModelIntegratedComponent:63 - No mode defined for component null
2025-09-15 17:58:57,865 [WARN] ModelIntegratedComponent:63 - No mode defined for component null
2025-09-15 17:58:57,865 [WARN] ModelIntegratedComponent:63 - No mode defined for component null
2025-09-15 17:58:57,865 [WARN] ModelIntegratedComponent:63 - No mode defined for component null
2025-09-15 17:58:57,865 [WARN] ModelIntegratedComponent:63 - No mode defined for component null
2025-09-15 17:58:57,865 [WARN] ModelIntegratedComponent:63 - No mode defined for component null
2025-09-15 17:58:57,865 [WARN] ModelIntegratedComponent:63 - No mode defined for component null
2025-09-15 17:58:57,866 [WARN] ModelIntegratedComponent:63 - No mode defined for component null
2025-09-15 17:58:57,866 [WARN] ModelIntegratedComponent:63 - No mode defined for component null
2025-09-15 17:58:57,866 [WARN] ModelIntegratedComponent:63 - No mode defined for component null
2025-09-15 17:58:57,866 [WARN] ModelIntegratedComponent:63 - No mode defined for component null
2025-09-15 17:58:57,866 [WARN] ModelIntegratedComponent:63 - No mode defined for component null
2025-09-15 17:58:57,866 [WARN] ModelIntegratedComponent:63 - No mode defined for component null
2025-09-15 17:58:57,866 [WARN] ModelIntegratedComponent:63 - No mode defined for component null
2025-09-15 17:58:57,866 [WARN] ModelIntegratedComponent:63 - No mode defined for component null
2025-09-15 17:58:57,866 [WARN] ModelIntegratedComponent:63 - No mode defined for component null
2025-09-15 17:58:57,866 [WARN] ModelIntegratedComponent:63 - No mode defined for component null
2025-09-15 17:58:57,866 [WARN] ModelIntegratedComponent:63 - No mode defined for component null
2025-09-15 17:58:57,866 [WARN] ModelIntegratedComponent:63 - No mode defined for component null
2025-09-15 17:58:57,866 [WARN] ModelPack:524 - Component already loaded: STMicroelectronics:HAL Drivers:0.0.0:STMicroelectronics:Device:STMicro_Driver:XSPI:HAL::0.0.1:HAL_XSPI
2025-09-15 17:58:57,978 [INFO] ThirdPartyModel:298 - Start build external matchings
2025-09-15 17:58:58,542 [INFO] ThirdPartyModel:316 - End build external matchings
2025-09-15 17:58:58,735 [INFO] ImportTextPane:234 - (OptionalMessage_ERROR) IP (RCC) : Invalid parameter (48MHZClocksFreq_Value)
2025-09-15 17:58:58,746 [INFO] ImportTextPane:234 - (OptionalMessage_ERROR) IP (RCC) : Invalid parameter (EthernetFreq_Value)
2025-09-15 17:58:58,753 [INFO] ImportTextPane:234 - (OptionalMessage_ERROR) IP (RCC) : Parameter (FLatency) has Id (AdvancedSettings) currently not set
2025-09-15 17:58:58,754 [INFO] ImportTextPane:234 - (OptionalMessage_ERROR) IP (RCC) : Invalid parameter (FamilyName)
2025-09-15 17:58:58,754 [INFO] ImportTextPane:234 - (OptionalMessage_ERROR) IP (RCC) : Invalid parameter (I2SClocksFreq_Value)
2025-09-15 17:58:58,762 [INFO] ImportTextPane:234 - (OptionalMessage_ERROR) IP (RCC) : Parameter (SDIOFreq_Value) has invalid value (168000000)
2025-09-15 17:58:58,762 [INFO] ImportTextPane:234 - (OptionalMessage_ERROR) IP (RCC) : Parameter (USBFreq_Value) has invalid value (168000000)
2025-09-15 17:58:58,765 [INFO] ImportTextPane:234 - (OptionalMessage_ERROR) IP (RCC) : Invalid parameter (VCOInputMFreq_Value)
2025-09-15 17:58:58,765 [INFO] ImportTextPane:234 - (OptionalMessage_ERROR) IP (RCC) : Invalid parameter (VcooutputI2S)
2025-09-15 17:58:59,149 [INFO] UtilMem:75 - End LoadConfig() Used Memory: 876182976 Bytes (1073741824)
2025-09-15 17:58:59,304 [WARN] ThirdParty:833 - waiting for thirdparty lock release [change project]
2025-09-15 17:58:59,321 [INFO] ThirdParty:835 - entering critical section [change project]
2025-09-15 17:58:59,322 [INFO] ThirdParty:1030 - CMSIS Pack Vendor :STMicroelectronics X-CUBE-PM33A1 1.0.0
2025-09-15 17:58:59,322 [INFO] ThirdParty:1030 - CMSIS Pack Vendor :STMicroelectronics USBPD 4.1
2025-09-15 17:58:59,322 [INFO] ThirdParty:1030 - CMSIS Pack Vendor :STMicroelectronics X-CUBE-NFC9 1.0.0
2025-09-15 17:58:59,322 [INFO] ThirdParty:1030 - CMSIS Pack Vendor :STMicroelectronics USB_HOST 2.0.0
2025-09-15 17:58:59,322 [INFO] ThirdParty:1030 - CMSIS Pack Vendor :STMicroelectronics FP-SNS-MOTENVWB1 1.4.0
2025-09-15 17:58:59,323 [INFO] ThirdParty:1030 - CMSIS Pack Vendor :STMicroelectronics X-CUBE-AZRTOS-F4 1.1.0
2025-09-15 17:58:59,323 [INFO] ThirdParty:1030 - CMSIS Pack Vendor :STMicroelectronics LIBJPEG 8.0.0
2025-09-15 17:58:59,323 [INFO] ThirdParty:1030 - CMSIS Pack Vendor :STMicroelectronics FP-ATR-ASTRA1 2.0.2
2025-09-15 17:58:59,323 [INFO] ThirdParty:1030 - CMSIS Pack Vendor :wolfSSL I-CUBE-wolfSSL 5.8.2
2025-09-15 17:58:59,323 [INFO] ThirdParty:1030 - CMSIS Pack Vendor :STMicroelectronics X-CUBE-BLE1 7.1.0
2025-09-15 17:58:59,323 [INFO] ThirdParty:1030 - CMSIS Pack Vendor :Avnet-IotConnect X-CUBE-IoTC-DA16k-PMOD 1.0.0
2025-09-15 17:58:59,323 [INFO] ThirdParty:1030 - CMSIS Pack Vendor :STMicroelectronics X-CUBE-SMBUS 2.1.0
2025-09-15 17:58:59,323 [INFO] ThirdParty:1030 - CMSIS Pack Vendor :wolfSSL I-CUBE-wolfMQTT 1.19.2
2025-09-15 17:58:59,323 [INFO] ThirdParty:1030 - CMSIS Pack Vendor :STMicroelectronics USB_DEVICE 3.0.0
2025-09-15 17:58:59,323 [INFO] ThirdParty:1030 - CMSIS Pack Vendor :STMicroelectronics X-CUBE-ISPU 2.1.0
2025-09-15 17:58:59,323 [INFO] ThirdParty:1030 - CMSIS Pack Vendor :STMicroelectronics X-CUBE-EEPRMA1 5.2.0
2025-09-15 17:58:59,323 [INFO] ThirdParty:1030 - CMSIS Pack Vendor :STMicroelectronics X-CUBE-BLEMGR 4.1.0
2025-09-15 17:58:59,323 [INFO] ThirdParty:1030 - CMSIS Pack Vendor :STMicroelectronics X-CUBE-AZRTOS-WB 2.0.0
2025-09-15 17:58:59,323 [INFO] ThirdParty:1030 - CMSIS Pack Vendor :STMicroelectronics X-CUBE-ST60 1.0.0
2025-09-15 17:58:59,323 [INFO] ThirdParty:1030 - CMSIS Pack Vendor :STMicroelectronics X-CUBE-GNSS1 7.0.1
2025-09-15 17:58:59,323 [INFO] ThirdParty:1030 - CMSIS Pack Vendor :STMicroelectronics X-CUBE-NFC12 1.0.0
2025-09-15 17:58:59,323 [INFO] ThirdParty:1030 - CMSIS Pack Vendor :STMicroelectronics X-CUBE-AZRTOS-F7 1.1.0
2025-09-15 17:58:59,323 [INFO] ThirdParty:1030 - CMSIS Pack Vendor :STMicroelectronics X-CUBE-AZRTOS-L5 2.0.0
2025-09-15 17:58:59,323 [INFO] ThirdParty:1030 - CMSIS Pack Vendor :STMicroelectronics X-CUBE-TOUCHGFX 4.25.0
2025-09-15 17:58:59,323 [INFO] ThirdParty:1030 - CMSIS Pack Vendor :STMicroelectronics USB_DEVICE 2.0.0
2025-09-15 17:58:59,323 [INFO] ThirdParty:1030 - CMSIS Pack Vendor :STMicroelectronics X-CUBE-NFC6 3.1.0
2025-09-15 17:58:59,323 [INFO] ThirdParty:1030 - CMSIS Pack Vendor :STMicroelectronics X-CUBE-AI 10.1.0
2025-09-15 17:58:59,323 [INFO] ThirdParty:1030 - CMSIS Pack Vendor :STMicroelectronics FP-SNS-STBOX1 2.0.0
2025-09-15 17:58:59,323 [INFO] ThirdParty:1030 - CMSIS Pack Vendor :quantropi X-CUBE-qispace-sdk-base 2.1.0
2025-09-15 17:58:59,323 [INFO] ThirdParty:1030 - CMSIS Pack Vendor :STMicroelectronics FreeRTOS 0.0.1
2025-09-15 17:58:59,323 [INFO] ThirdParty:1030 - CMSIS Pack Vendor :STMicroelectronics X-CUBE-AZRTOS-G0 1.1.0
2025-09-15 17:58:59,323 [INFO] ThirdParty:1030 - CMSIS Pack Vendor :STMicroelectronics X-CUBE-SAFEA1 1.2.2
2025-09-15 17:58:59,323 [INFO] ThirdParty:1030 - CMSIS Pack Vendor :STMicroelectronics X-CUBE-NFC4 3.0.0
2025-09-15 17:58:59,323 [INFO] ThirdParty:1030 - CMSIS Pack Vendor :STMicroelectronics X-CUBE-SUBG2 5.0.0
2025-09-15 17:58:59,323 [INFO] ThirdParty:1030 - CMSIS Pack Vendor :STMicroelectronics X-CUBE-AZRTOS-H7RS 1.1.0
2025-09-15 17:58:59,323 [INFO] ThirdParty:1030 - CMSIS Pack Vendor :STMicroelectronics STM32_WPAN 1.0.0
2025-09-15 17:58:59,323 [INFO] ThirdParty:1030 - CMSIS Pack Vendor :EmbeddedOffice I-CUBE-FS-RTOS 1.0.1
2025-09-15 17:58:59,323 [INFO] ThirdParty:1030 - CMSIS Pack Vendor :STMicroelectronics lwIP 2.0.3
2025-09-15 17:58:59,323 [INFO] ThirdParty:1030 - CMSIS Pack Vendor :Cesanta I-CUBE-Mongoose 7.13.0
2025-09-15 17:58:59,323 [INFO] ThirdParty:1030 - CMSIS Pack Vendor :STMicroelectronics USB_HOST 1.0.0
2025-09-15 17:58:59,323 [INFO] ThirdParty:1030 - CMSIS Pack Vendor :Infineon AIROC-Wi-Fi-Bluetooth-STM32 1.7.1
2025-09-15 17:58:59,323 [INFO] ThirdParty:1030 - CMSIS Pack Vendor :STMicroelectronics X-CUBE-AZRTOS-G4 2.0.0
2025-09-15 17:58:59,323 [INFO] ThirdParty:1030 - CMSIS Pack Vendor :STMicroelectronics X-CUBE-WB05N 2.0.0
2025-09-15 17:58:59,323 [INFO] ThirdParty:1030 - CMSIS Pack Vendor :STMicroelectronics PDM2PCM 3.1.0
2025-09-15 17:58:59,323 [INFO] ThirdParty:1030 - CMSIS Pack Vendor :STMicroelectronics PDM2PCM 3.3.0
2025-09-15 17:58:59,323 [INFO] ThirdParty:1030 - CMSIS Pack Vendor :wolfSSL I-CUBE-wolfTPM 3.8.0
2025-09-15 17:58:59,323 [INFO] ThirdParty:1030 - CMSIS Pack Vendor :STMicroelectronics X-CUBE-AZRTOS-H7 3.4.0
2025-09-15 17:58:59,323 [INFO] ThirdParty:1030 - CMSIS Pack Vendor :STMicroelectronics X-CUBE-DISPLAY 3.0.0
2025-09-15 17:58:59,323 [INFO] ThirdParty:1030 - CMSIS Pack Vendor :wolfSSL I-CUBE-wolfSSH 1.4.20
2025-09-15 17:58:59,323 [INFO] ThirdParty:1030 - CMSIS Pack Vendor :STMicroelectronics X-CUBE-NFC7 2.0.0
2025-09-15 17:58:59,324 [INFO] ThirdParty:1030 - CMSIS Pack Vendor :STMicroelectronics X-CUBE-TCPP 4.2.0
2025-09-15 17:58:59,324 [INFO] ThirdParty:1030 - CMSIS Pack Vendor :RealThread X-CUBE-RT-Thread_Nano 4.1.1
2025-09-15 17:58:59,324 [INFO] ThirdParty:1030 - CMSIS Pack Vendor :STMicroelectronics FP-ATR-SIGFOX1 3.2.0
2025-09-15 17:58:59,324 [INFO] ThirdParty:1030 - CMSIS Pack Vendor :STMicroelectronics X-CUBE-NFC10 1.0.0
2025-09-15 17:58:59,327 [INFO] ThirdParty:1030 - CMSIS Pack Vendor :STMicroelectronics X-CUBE-FREERTOS 1.3.1
2025-09-15 17:58:59,331 [INFO] ThirdParty:1030 - CMSIS Pack Vendor :STMicroelectronics HAL Drivers 0.0.0
2025-09-15 17:58:59,333 [INFO] ThirdParty:1030 - CMSIS Pack Vendor :STMicroelectronics MBEDTLS 2.16.2
2025-09-15 17:58:59,333 [INFO] ThirdParty:1030 - CMSIS Pack Vendor :STMicroelectronics X-CUBE-IPS 3.1.0
2025-09-15 17:58:59,333 [INFO] ThirdParty:1030 - CMSIS Pack Vendor :STMicroelectronics X-CUBE-ALS 1.0.2
2025-09-15 17:58:59,333 [INFO] ThirdParty:1030 - CMSIS Pack Vendor :emotas I-CUBE-CANOPEN 1.3.0
2025-09-15 17:58:59,333 [INFO] ThirdParty:1030 - CMSIS Pack Vendor :STMicroelectronics MBEDTLS 2.14.1
2025-09-15 17:58:59,333 [INFO] ThirdParty:1030 - CMSIS Pack Vendor :ITTIA_DB I-CUBE-ITTIADB 8.9.0
2025-09-15 17:58:59,333 [INFO] ThirdParty:1030 - CMSIS Pack Vendor :STMicroelectronics X-CUBE-STSE01 1.0.0
2025-09-15 17:58:59,333 [INFO] ThirdParty:1030 - CMSIS Pack Vendor :portGmbH I-Cube-SoM-uGOAL 1.1.0
2025-09-15 17:58:59,333 [INFO] ThirdParty:1030 - CMSIS Pack Vendor :STMicroelectronics X-CUBE-ST67W61 1.0.0
2025-09-15 17:58:59,334 [INFO] ThirdParty:1030 - CMSIS Pack Vendor :STMicroelectronics FP-SNS-STBOX1 2.1.0
2025-09-15 17:58:59,334 [INFO] ThirdParty:1030 - CMSIS Pack Vendor :STMicroelectronics X-CUBE-AI 10.2.0
2025-09-15 17:58:59,334 [INFO] ThirdParty:1030 - CMSIS Pack Vendor :STMicroelectronics FP-SNS-STAIOTCFT 1.0.0
2025-09-15 17:58:59,334 [INFO] ThirdParty:1030 - CMSIS Pack Vendor :STMicroelectronics ThreadX 1.0.0
2025-09-15 17:58:59,334 [INFO] ThirdParty:1030 - CMSIS Pack Vendor :STMicroelectronics FP-SNS-SMARTAG2 1.2.0
2025-09-15 17:58:59,334 [INFO] ThirdParty:1030 - CMSIS Pack Vendor :STMicroelectronics FP-SNS-FLIGHT1 5.1.0
2025-09-15 17:58:59,334 [INFO] ThirdParty:1030 - CMSIS Pack Vendor :STMicroelectronics X-CUBE-AZRTOS-WL 2.0.0
2025-09-15 17:58:59,334 [INFO] ThirdParty:1030 - CMSIS Pack Vendor :SEGGER I-CUBE-embOS 1.3.1
2025-09-15 17:58:59,334 [INFO] ThirdParty:1030 - CMSIS Pack Vendor :STMicroelectronics X-CUBE-ALGOBUILD 1.4.0
2025-09-15 17:58:59,334 [INFO] ThirdParty:1030 - CMSIS Pack Vendor :STMicroelectronics X-CUBE-DPower 1.3.0
2025-09-15 17:58:59,334 [INFO] ThirdParty:1030 - CMSIS Pack Vendor :STMicroelectronics X-CUBE-MEMS1 11.3.0
2025-09-15 17:58:59,334 [INFO] ThirdParty:1030 - CMSIS Pack Vendor :STMicroelectronics FP-SNS-MOTENV1 5.0.0
2025-09-15 17:58:59,334 [INFO] ThirdParty:1030 - CMSIS Pack Vendor :STMicroelectronics USB_DEVICE 1.0.0
2025-09-15 17:58:59,334 [INFO] ThirdParty:1030 - CMSIS Pack Vendor :STMicroelectronics X-CUBE-AZRTOS-L4 2.0.0
2025-09-15 17:58:59,334 [INFO] ThirdParty:1030 - CMSIS Pack Vendor :STMicroelectronics ThreadX 0.0.2
2025-09-15 17:58:59,334 [INFO] ThirdParty:1030 - CMSIS Pack Vendor :WES I-CUBE-Cesium 1.3.0
2025-09-15 17:58:59,334 [INFO] ThirdParty:1030 - CMSIS Pack Vendor :STMicroelectronics lwIP 2.1.2
2025-09-15 17:58:59,334 [INFO] ThirdParty:1030 - CMSIS Pack Vendor :STMicroelectronics X-CUBE-SFXS2LP1 4.0.0
2025-09-15 17:58:59,334 [INFO] ThirdParty:1030 - CMSIS Pack Vendor :STMicroelectronics X-CUBE-BLE2 3.3.0
2025-09-15 17:58:59,334 [INFO] ThirdParty:1030 - CMSIS Pack Vendor :STMicroelectronics X-CUBE-TOF1 3.4.3
2025-09-15 17:58:59,334 [INFO] ThirdParty:1030 - CMSIS Pack Vendor :STMicroelectronics PDM2PCM 3.2.0
2025-09-15 17:58:59,336 [INFO] ThirdParty:841 - exiting critical section [change project]
2025-09-15 17:59:00,101 [INFO] PinOutPanel:1589 - setPackage(No Configuration,No Configuration)
2025-09-15 17:59:00,111 [INFO] PinOutPanel:1589 - setPackage(STM32F446RETx,LQFP64)
2025-09-15 17:59:01,876 [INFO] UtilMem:75 - Before build in PCC Used Memory: 840419632 Bytes (1073741824)
2025-09-15 17:59:03,813 [INFO] UtilMem:75 - After build in PCC Used Memory: 920153184 Bytes (1073741824)
2025-09-15 17:59:03,970 [INFO] IPUIPlugin:80 - create IPUIPlugin
2025-09-15 17:59:03,973 [INFO] IPUIPlugin:80 - create IPUIPlugin
2025-09-15 17:59:03,973 [INFO] IPUIPlugin:80 - create IPUIPlugin
2025-09-15 17:59:03,974 [INFO] IPUIPlugin:80 - create IPUIPlugin
2025-09-15 17:59:03,975 [INFO] IPUIPlugin:80 - create IPUIPlugin
2025-09-15 17:59:03,976 [INFO] IPUIPlugin:80 - create IPUIPlugin
2025-09-15 17:59:03,976 [INFO] IPUIPlugin:80 - create IPUIPlugin
2025-09-15 17:59:03,976 [INFO] IPUIPlugin:80 - create IPUIPlugin
2025-09-15 17:59:03,977 [INFO] IPUIPlugin:80 - create IPUIPlugin
2025-09-15 17:59:03,977 [INFO] IPUIPlugin:80 - create IPUIPlugin
2025-09-15 17:59:03,978 [INFO] IPUIPlugin:80 - create IPUIPlugin
2025-09-15 17:59:03,978 [INFO] IPUIPlugin:80 - create IPUIPlugin
2025-09-15 17:59:03,978 [INFO] IPUIPlugin:80 - create IPUIPlugin
2025-09-15 17:59:03,978 [INFO] IPUIPlugin:80 - create IPUIPlugin
2025-09-15 17:59:03,978 [INFO] IPUIPlugin:80 - create IPUIPlugin
2025-09-15 17:59:03,978 [INFO] IPUIPlugin:80 - create IPUIPlugin
2025-09-15 17:59:03,978 [INFO] IPUIPlugin:80 - create IPUIPlugin
2025-09-15 17:59:03,984 [INFO] IPUIPlugin:80 - create IPUIPlugin
2025-09-15 17:59:03,985 [INFO] IPUIPlugin:80 - create IPUIPlugin
2025-09-15 17:59:03,985 [INFO] IPUIPlugin:80 - create IPUIPlugin
2025-09-15 17:59:03,985 [INFO] IPUIPlugin:80 - create IPUIPlugin
2025-09-15 17:59:03,985 [INFO] IPUIPlugin:80 - create IPUIPlugin
2025-09-15 17:59:03,985 [INFO] IPUIPlugin:80 - create IPUIPlugin
2025-09-15 17:59:03,986 [INFO] IPUIPlugin:80 - create IPUIPlugin
2025-09-15 17:59:03,986 [INFO] IPUIPlugin:80 - create IPUIPlugin
2025-09-15 17:59:03,986 [INFO] IPUIPlugin:80 - create IPUIPlugin
2025-09-15 17:59:03,986 [INFO] IPUIPlugin:80 - create IPUIPlugin
2025-09-15 17:59:03,987 [INFO] IPUIPlugin:80 - create IPUIPlugin
2025-09-15 17:59:03,987 [INFO] IPUIPlugin:80 - create IPUIPlugin
2025-09-15 17:59:03,989 [INFO] IPUIPlugin:80 - create IPUIPlugin
2025-09-15 17:59:03,990 [INFO] IPUIPlugin:80 - create IPUIPlugin
2025-09-15 17:59:03,990 [INFO] IPUIPlugin:80 - create IPUIPlugin
2025-09-15 17:59:03,990 [INFO] IPUIPlugin:80 - create IPUIPlugin
2025-09-15 17:59:03,990 [INFO] IPUIPlugin:80 - create IPUIPlugin
2025-09-15 17:59:03,991 [INFO] IPUIPlugin:80 - create IPUIPlugin
2025-09-15 17:59:03,991 [INFO] IPUIPlugin:80 - create IPUIPlugin
2025-09-15 17:59:03,991 [INFO] IPUIPlugin:80 - create IPUIPlugin
2025-09-15 17:59:03,991 [INFO] IPUIPlugin:80 - create IPUIPlugin
2025-09-15 17:59:03,991 [INFO] IPUIPlugin:80 - create IPUIPlugin
2025-09-15 17:59:03,991 [INFO] IPUIPlugin:80 - create IPUIPlugin
2025-09-15 17:59:03,991 [INFO] IPUIPlugin:80 - create IPUIPlugin
2025-09-15 17:59:03,991 [INFO] IPUIPlugin:80 - create IPUIPlugin
2025-09-15 17:59:03,991 [INFO] IPUIPlugin:80 - create IPUIPlugin
2025-09-15 17:59:03,991 [INFO] IPUIPlugin:80 - create IPUIPlugin
2025-09-15 17:59:03,991 [INFO] IPUIPlugin:80 - create IPUIPlugin
2025-09-15 17:59:03,991 [INFO] IPUIPlugin:80 - create IPUIPlugin
2025-09-15 17:59:03,991 [INFO] IPUIPlugin:80 - create IPUIPlugin
2025-09-15 17:59:03,991 [INFO] IPUIPlugin:80 - create IPUIPlugin
2025-09-15 17:59:03,991 [INFO] IPUIPlugin:80 - create IPUIPlugin
2025-09-15 17:59:03,992 [INFO] IPUIPlugin:80 - create IPUIPlugin
2025-09-15 17:59:03,992 [INFO] IPUIPlugin:80 - create IPUIPlugin
2025-09-15 17:59:03,992 [INFO] IPUIPlugin:80 - create IPUIPlugin
2025-09-15 17:59:03,992 [INFO] IPUIPlugin:80 - create IPUIPlugin
2025-09-15 17:59:03,992 [INFO] IPUIPlugin:80 - create IPUIPlugin
2025-09-15 17:59:03,992 [INFO] IPUIPlugin:80 - create IPUIPlugin
2025-09-15 17:59:03,993 [INFO] IPUIPlugin:80 - create IPUIPlugin
2025-09-15 17:59:03,993 [INFO] IPUIPlugin:80 - create IPUIPlugin
2025-09-15 17:59:03,994 [INFO] IPUIPlugin:80 - create IPUIPlugin
2025-09-15 17:59:03,994 [INFO] IPUIPlugin:80 - create IPUIPlugin
2025-09-15 17:59:03,994 [INFO] IPUIPlugin:80 - create IPUIPlugin
2025-09-15 17:59:04,067 [INFO] ApiDbMcu:532 - Load IP Config File for PDM2PCM
2025-09-15 17:59:04,492 [INFO] CADModel:165 - CPN selected for project levelSTM32F446RET6
2025-09-15 17:59:04,493 [INFO] CADModel:114 - Register for checkConnection events
2025-09-15 17:59:04,551 [INFO] OpenFileManager:386 - Restore cursor
2025-09-15 17:59:06,818 [INFO] UtilMem:75 - End SaveConfig() Used Memory: 866389744 Bytes (1073741824)
2025-09-15 17:59:13,618 [INFO] McuFinderGlobals:76 - Set McuFinderConnectedMode to true
2025-09-15 17:59:13,628 [INFO] ApiDb:448 - Save user favorites file /Users/sheen/.stm32cubeide/favorites.mcus.txt: 0 item(s)
2025-09-15 17:59:13,628 [INFO] ApiDb:452 - User favorites MCUs=[]
2025-09-15 17:59:13,642 [INFO] ApiDb:448 - Save user favorites file /Users/sheen/.stm32cubeide/favorites.boards.txt: 0 item(s)
2025-09-15 17:59:13,642 [INFO] ApiDb:452 - User favorites Boards=[]
2025-09-15 17:59:26,995 [INFO] MainUpdater:2872 - connection check result : 10
2025-09-15 17:59:27,438 [INFO] McuFinderGlobals:76 - Set McuFinderConnectedMode to true
2025-09-15 17:59:27,442 [INFO] MultiScanPanel:200 - Auto-refresh data requested => check proxy status ongoing
2025-09-15 17:59:27,444 [INFO] FinderPluginLoader:96 - Searching for filters in installed packs
2025-09-15 17:59:28,254 [INFO] LoadUrlFilesThread:185 - End of LoadServerUrlFiles without Thread
2025-09-15 17:59:28,266 [INFO] DetailPanel:341 - Set advertising image to /Users/sheen/STM32Cube/Repository//en.2400x1350px.jpeg
2025-09-15 17:59:33,518 [INFO] ApiDb:581 - Connected to CubeFinder SQLite database (/Users/sheen/.stmcufinder/plugins/mcufinder/mcu/cube-finder-db.db)
2025-09-15 17:59:38,707 [INFO] MultiScanPanel:200 - Auto-refresh data requested => check proxy status ongoing
2025-09-15 17:59:38,821 [INFO] LoadUrlFilesThread:185 - End of LoadServerUrlFiles without Thread
2025-09-15 17:59:38,821 [INFO] DetailPanel:341 - Set advertising image to /Users/sheen/STM32Cube/Repository//en.2400x1350px.jpeg
2025-09-15 18:00:10,581 [INFO] McuFinderGlobals:76 - Set McuFinderConnectedMode to true
2025-09-15 18:00:10,621 [INFO] ApiDb:448 - Save user favorites file /Users/sheen/.stm32cubeide/favorites.mcus.txt: 0 item(s)
2025-09-15 18:00:10,627 [INFO] ApiDb:452 - User favorites MCUs=[]
2025-09-15 18:00:10,646 [INFO] ApiDb:448 - Save user favorites file /Users/sheen/.stm32cubeide/favorites.boards.txt: 0 item(s)
2025-09-15 18:00:10,647 [INFO] ApiDb:452 - User favorites Boards=[]
2025-09-15 18:02:01,369 [INFO] Activator:176 - 


2025-09-15 18:02:01,370 [INFO] Activator:177 - !SESSION log4j initialized
2025-09-15 18:02:05,235 [INFO] LogOutputStream:77 - [STDOUT_REDIRECT] 
2025-09-15 18:02:06,167 [ERROR] LogOutputStream:75 - [STDERR_REDIRECT] 
2025-09-15 18:02:07,926 [INFO] LogOutputStream:77 - [STDOUT_REDIRECT] 
2025-09-15 18:02:09,058 [INFO] ApplicationProperties:184 - Using Application install path: /Applications/STM32CubeIDE.app/Contents/Eclipse/plugins/com.st.stm32cube.common.mx_6.15.0.202507011659
2025-09-15 18:02:09,070 [INFO] DbMcusXml:78 - Set database path to: /Applications/STM32CubeIDE.app/Contents/Eclipse/plugins/com.st.stm32cube.common.mx_6.15.0.202507011659//db//mcu/
2025-09-15 18:02:09,071 [INFO] ApiDb:274 - Set plugin database path to: /Applications/STM32CubeIDE.app/Contents/Eclipse/plugins/com.st.stm32cube.common.mx_6.15.0.202507011659//db//plugins/boardmanager/
2025-09-15 18:02:09,072 [WARN] ApiDb:259 - Overriding images path with different value:  => /Applications/STM32CubeIDE.app/Contents/Eclipse/plugins/com.st.stm32cube.common.mx_6.15.0.202507011659//db//plugins/mcufinder/images/
2025-09-15 18:02:09,079 [INFO] ApiDb:250 - Set database path to: /Users/sheen/.stmcufinder/plugins/mcufinder//mcu/
2025-09-15 18:02:09,081 [INFO] DbMcusAds:125 - Set database path to: /Users/sheen/.stmcufinder/plugins/mcufinder//mcu/
2025-09-15 18:02:09,083 [INFO] CrossReferenceDbSqlite:203 - Set database path to: /Users/sheen/.stmcufinder/plugins/mcufinder//mcu/cs/
2025-09-15 18:02:09,218 [INFO] RulesReader:64 - Compatibility file has been processed (317 Rules)
2025-09-15 18:02:09,270 [INFO] DbMcusXml:78 - Set database path to: /Applications/STM32CubeIDE.app/Contents/Eclipse/plugins/com.st.stm32cube.common.mx_6.15.0.202507011659//db//mcu/
2025-09-15 18:02:09,270 [INFO] ApiDb:274 - Set plugin database path to: /Applications/STM32CubeIDE.app/Contents/Eclipse/plugins/com.st.stm32cube.common.mx_6.15.0.202507011659//db//plugins/boardmanager/
2025-09-15 18:02:09,271 [INFO] ApiDb:261 - Set plugin images path to: /Applications/STM32CubeIDE.app/Contents/Eclipse/plugins/com.st.stm32cube.common.mx_6.15.0.202507011659//db//plugins/mcufinder/images/
2025-09-15 18:02:09,272 [WARN] DbFile:41 - Overriding database path with different value: /Users/sheen/.stmcufinder/plugins/mcufinder/ => /Users/sheen/.stmcufinder/plugins/mcufinder
2025-09-15 18:02:09,272 [INFO] ApiDb:250 - Set database path to: /Users/sheen/.stmcufinder/plugins/mcufinder//mcu/
2025-09-15 18:02:09,272 [WARN] DbFile:41 - Overriding database path with different value: /Users/sheen/.stmcufinder/plugins/mcufinder/ => /Users/sheen/.stmcufinder/plugins/mcufinder
2025-09-15 18:02:09,272 [INFO] DbMcusAds:125 - Set database path to: /Users/sheen/.stmcufinder/plugins/mcufinder//mcu/
2025-09-15 18:02:09,272 [WARN] DbFile:41 - Overriding database path with different value: /Users/sheen/.stmcufinder/plugins/mcufinder/ => /Users/sheen/.stmcufinder/plugins/mcufinder
2025-09-15 18:02:09,272 [WARN] DbFile:41 - Overriding database path with different value: /Users/sheen/.stmcufinder/plugins/mcufinder/ => /Users/sheen/.stmcufinder/plugins/mcufinder
2025-09-15 18:02:09,272 [INFO] CrossReferenceDbSqlite:203 - Set database path to: /Users/sheen/.stmcufinder/plugins/mcufinder//mcu/cs/
2025-09-15 18:02:09,339 [INFO] MainPanel:274 - HeapMemory: 268435456
2025-09-15 18:02:09,657 [INFO] DbMcusXml:78 - Set database path to: /Applications/STM32CubeIDE.app/Contents/Eclipse/plugins/com.st.stm32cube.common.mx_6.15.0.202507011659//db//mcu/
2025-09-15 18:02:09,658 [INFO] ApiDb:274 - Set plugin database path to: /Applications/STM32CubeIDE.app/Contents/Eclipse/plugins/com.st.stm32cube.common.mx_6.15.0.202507011659//db//plugins/boardmanager/
2025-09-15 18:02:09,658 [INFO] ApiDb:261 - Set plugin images path to: /Applications/STM32CubeIDE.app/Contents/Eclipse/plugins/com.st.stm32cube.common.mx_6.15.0.202507011659//db//plugins/mcufinder/images/
2025-09-15 18:02:09,658 [WARN] DbFile:41 - Overriding database path with different value: /Users/sheen/.stmcufinder/plugins/mcufinder/ => /Users/sheen/.stmcufinder/plugins/mcufinder
2025-09-15 18:02:09,658 [INFO] ApiDb:250 - Set database path to: /Users/sheen/.stmcufinder/plugins/mcufinder//mcu/
2025-09-15 18:02:09,658 [WARN] DbFile:41 - Overriding database path with different value: /Users/sheen/.stmcufinder/plugins/mcufinder/ => /Users/sheen/.stmcufinder/plugins/mcufinder
2025-09-15 18:02:09,658 [INFO] DbMcusAds:125 - Set database path to: /Users/sheen/.stmcufinder/plugins/mcufinder//mcu/
2025-09-15 18:02:09,658 [WARN] DbFile:41 - Overriding database path with different value: /Users/sheen/.stmcufinder/plugins/mcufinder/ => /Users/sheen/.stmcufinder/plugins/mcufinder
2025-09-15 18:02:09,659 [WARN] DbFile:41 - Overriding database path with different value: /Users/sheen/.stmcufinder/plugins/mcufinder/ => /Users/sheen/.stmcufinder/plugins/mcufinder
2025-09-15 18:02:09,659 [INFO] CrossReferenceDbSqlite:203 - Set database path to: /Users/sheen/.stmcufinder/plugins/mcufinder//mcu/cs/
2025-09-15 18:02:09,675 [INFO] ApplicationProperties:184 - Using Application install path: /Applications/STM32CubeIDE.app/Contents/Eclipse/plugins/com.st.stm32cube.common.mx_6.15.0.202507011659
2025-09-15 18:02:09,676 [INFO] PluginManage:196 - Search for loadable plugins [exclusion list=, ]
2025-09-15 18:02:09,677 [INFO] PluginManage:310 - Check plugin analytics
2025-09-15 18:02:09,850 [INFO] AnalyticsPlugin:253 - Accepted Software Licenses: 
2025-09-15 18:02:09,850 [INFO] AnalyticsPlugin:255 - Accepted CMSIS Pack Licenses: 
2025-09-15 18:02:09,850 [INFO] AnalyticsPlugin:257 - Accepted Firmware Licenses: 
2025-09-15 18:02:09,856 [INFO] PluginManage:359 - Loaded plugin analytics (category:tool,tabindex:-1)
2025-09-15 18:02:09,858 [INFO] PluginManage:310 - Check plugin cadmodel
2025-09-15 18:02:09,874 [INFO] CADModel:105 - Init CAD model plugin
2025-09-15 18:02:09,874 [INFO] PluginManage:359 - Loaded plugin cadmodel (category:power,tabindex:5)
2025-09-15 18:02:09,875 [INFO] PluginManage:310 - Check plugin clock
2025-09-15 18:02:09,883 [INFO] PluginManage:359 - Loaded plugin clock (category:base,tabindex:2)
2025-09-15 18:02:09,883 [INFO] PluginManage:310 - Check plugin ddr
2025-09-15 18:02:09,885 [INFO] PluginManage:359 - Loaded plugin ddr (category:tool,tabindex:6)
2025-09-15 18:02:09,885 [INFO] PluginManage:310 - Check plugin filemanager
2025-09-15 18:02:10,026 [INFO] PluginManage:359 - Loaded plugin filemanager (category:base,tabindex:10)
2025-09-15 18:02:10,026 [INFO] PluginManage:310 - Check plugin ipmanager
2025-09-15 18:02:10,033 [INFO] PluginManage:359 - Loaded plugin ipmanager (category:base,tabindex:5)
2025-09-15 18:02:10,033 [INFO] PluginManage:310 - Check plugin lpbam
2025-09-15 18:02:10,044 [INFO] PluginManage:359 - Loaded plugin lpbam (category:base,tabindex:0)
2025-09-15 18:02:10,044 [INFO] PluginManage:310 - Check plugin memorymap
2025-09-15 18:02:10,051 [INFO] PluginManage:359 - Loaded plugin memorymap (category:base,tabindex:4)
2025-09-15 18:02:10,052 [INFO] PluginManage:310 - Check plugin pinoutandconfiguration
2025-09-15 18:02:10,056 [INFO] PluginManage:359 - Loaded plugin pinoutandconfiguration (category:base,tabindex:1)
2025-09-15 18:02:10,057 [INFO] PluginManage:310 - Check plugin pinoutconfig
2025-09-15 18:02:10,138 [WARN] SupportedApi:132 - Cannot load RTOS API schema: s4s-elt-must-match.1: The content of 'definitions' must match (annotation?, (simpleType | complexType)?, (unique | key | keyref)*)). A problem was found starting at: attribute.
2025-09-15 18:02:10,261 [INFO] PluginManage:359 - Loaded plugin pinoutconfig (category:base,tabindex:0)
2025-09-15 18:02:10,261 [INFO] PluginManage:310 - Check plugin power
2025-09-15 18:02:10,272 [INFO] PluginManage:359 - Loaded plugin power (category:power,tabindex:4)
2025-09-15 18:02:10,272 [INFO] PluginManage:310 - Check plugin projectmanager
2025-09-15 18:02:10,296 [INFO] PluginManage:359 - Loaded plugin projectmanager (category:projectmanager,tabindex:4)
2025-09-15 18:02:10,296 [INFO] PluginManage:310 - Check plugin rif
2025-09-15 18:02:10,302 [INFO] PluginManage:359 - Loaded plugin rif (category:base,tabindex:3)
2025-09-15 18:02:10,302 [INFO] PluginManage:310 - Check plugin thirdparty
2025-09-15 18:02:10,444 [INFO] PluginManage:359 - Loaded plugin thirdparty (category:base,tabindex:-1)
2025-09-15 18:02:10,444 [INFO] PluginManage:310 - Check plugin tools
2025-09-15 18:02:10,444 [WARN] IntegrityCheckThread:84 - waiting for thirdparty lock release [integrity check]
2025-09-15 18:02:10,444 [INFO] IntegrityCheckThread:86 - entering critical section [integrity check]
2025-09-15 18:02:10,445 [INFO] ThirdPartyUpdaterWithRetryManager:70 - Updater plugin not ready yet. [1/15]
2025-09-15 18:02:10,447 [INFO] PluginManage:359 - Loaded plugin tools (category:base,tabindex:7)
2025-09-15 18:02:10,447 [INFO] PluginManage:310 - Check plugin tutovideos
2025-09-15 18:02:10,624 [INFO] PluginManage:359 - Loaded plugin tutovideos (category:base,tabindex:-1)
2025-09-15 18:02:10,624 [INFO] PluginManage:310 - Check plugin updater
2025-09-15 18:02:10,651 [INFO] PluginManage:359 - Loaded plugin updater (category:base,tabindex:12)
2025-09-15 18:02:10,651 [INFO] PluginManage:310 - Check plugin userauth
2025-09-15 18:02:10,654 [INFO] UserAuth:118 - Init User Auth plugin
2025-09-15 18:02:10,655 [INFO] PluginManage:359 - Loaded plugin userauth (category:base,tabindex:14)
2025-09-15 18:02:10,655 [INFO] PluginManage:283 - PluginManage : Loaded plugins [18]
2025-09-15 18:02:10,859 [INFO] PinOutPanel:1589 - setPackage(No Configuration,No Configuration)
2025-09-15 18:02:10,923 [INFO] CADModel:165 - CPN selected for project level
2025-09-15 18:02:10,923 [INFO] CADModel:114 - Register for checkConnection events
2025-09-15 18:02:10,931 [INFO] IPUIPlugin:80 - create IPUIPlugin
2025-09-15 18:02:10,931 [INFO] PluginManager:220 - loadIPPluginJar : add mdma
2025-09-15 18:02:10,936 [INFO] IPUIPlugin:80 - create IPUIPlugin
2025-09-15 18:02:10,936 [INFO] PluginManager:220 - loadIPPluginJar : add freertos
2025-09-15 18:02:10,939 [INFO] IPUIPlugin:80 - create IPUIPlugin
2025-09-15 18:02:10,939 [INFO] PluginManager:220 - loadIPPluginJar : add gic
2025-09-15 18:02:10,945 [INFO] IPUIPlugin:80 - create IPUIPlugin
2025-09-15 18:02:10,945 [INFO] PluginManager:220 - loadIPPluginJar : add adc
2025-09-15 18:02:10,946 [INFO] IPUIPlugin:80 - create IPUIPlugin
2025-09-15 18:02:10,947 [INFO] PluginManager:220 - loadIPPluginJar : add gtzc
2025-09-15 18:02:10,947 [INFO] IPUIPlugin:80 - create IPUIPlugin
2025-09-15 18:02:10,947 [INFO] PluginManager:220 - loadIPPluginJar : add quadspi
2025-09-15 18:02:10,948 [INFO] IPUIPlugin:80 - create IPUIPlugin
2025-09-15 18:02:10,948 [INFO] PluginManager:220 - loadIPPluginJar : add aes
2025-09-15 18:02:10,949 [INFO] IPUIPlugin:80 - create IPUIPlugin
2025-09-15 18:02:10,949 [INFO] PluginManager:220 - loadIPPluginJar : add pdm2pcm
2025-09-15 18:02:10,950 [INFO] IPUIPlugin:80 - create IPUIPlugin
2025-09-15 18:02:10,950 [INFO] PluginManager:220 - loadIPPluginJar : add hash
2025-09-15 18:02:10,951 [INFO] IPUIPlugin:80 - create IPUIPlugin
2025-09-15 18:02:10,951 [INFO] PluginManager:220 - loadIPPluginJar : add tim
2025-09-15 18:02:10,951 [INFO] IPUIPlugin:80 - create IPUIPlugin
2025-09-15 18:02:10,951 [INFO] PluginManager:220 - loadIPPluginJar : add tsc
2025-09-15 18:02:10,953 [INFO] IPUIPlugin:80 - create IPUIPlugin
2025-09-15 18:02:10,953 [INFO] PluginManager:220 - loadIPPluginJar : add extmemmanager
2025-09-15 18:02:10,954 [INFO] IPUIPlugin:80 - create IPUIPlugin
2025-09-15 18:02:10,954 [INFO] PluginManager:220 - loadIPPluginJar : add ts
2025-09-15 18:02:10,955 [INFO] IPUIPlugin:80 - create IPUIPlugin
2025-09-15 18:02:10,955 [INFO] PluginManager:220 - loadIPPluginJar : add radio
2025-09-15 18:02:10,956 [INFO] IPUIPlugin:80 - create IPUIPlugin
2025-09-15 18:02:10,956 [INFO] PluginManager:220 - loadIPPluginJar : add can
2025-09-15 18:02:10,958 [INFO] IPUIPlugin:80 - create IPUIPlugin
2025-09-15 18:02:10,958 [INFO] PluginManager:220 - loadIPPluginJar : add dma3
2025-09-15 18:02:10,959 [INFO] IPUIPlugin:80 - create IPUIPlugin
2025-09-15 18:02:10,959 [INFO] PluginManager:220 - loadIPPluginJar : add dfsdm
2025-09-15 18:02:10,960 [INFO] IPUIPlugin:80 - create IPUIPlugin
2025-09-15 18:02:10,960 [INFO] PluginManager:220 - loadIPPluginJar : add spi
2025-09-15 18:02:10,961 [INFO] IPUIPlugin:80 - create IPUIPlugin
2025-09-15 18:02:10,961 [INFO] PluginManager:220 - loadIPPluginJar : add gfxmmu
2025-09-15 18:02:10,962 [INFO] IPUIPlugin:80 - create IPUIPlugin
2025-09-15 18:02:10,962 [INFO] PluginManager:220 - loadIPPluginJar : add genericplugin
2025-09-15 18:02:10,963 [INFO] IPUIPlugin:80 - create IPUIPlugin
2025-09-15 18:02:10,963 [INFO] PluginManager:220 - loadIPPluginJar : add cryp
2025-09-15 18:02:10,965 [INFO] IPUIPlugin:80 - create IPUIPlugin
2025-09-15 18:02:10,966 [INFO] PluginManager:220 - loadIPPluginJar : add gpio
2025-09-15 18:02:10,968 [INFO] IPUIPlugin:80 - create IPUIPlugin
2025-09-15 18:02:10,968 [INFO] PluginManager:220 - loadIPPluginJar : add ddr_ctrl_phy
2025-09-15 18:02:10,969 [INFO] IPUIPlugin:80 - create IPUIPlugin
2025-09-15 18:02:10,969 [INFO] PluginManager:220 - loadIPPluginJar : add comp
2025-09-15 18:02:10,971 [INFO] IPUIPlugin:80 - create IPUIPlugin
2025-09-15 18:02:10,972 [INFO] PluginManager:220 - loadIPPluginJar : add tracer_emb
2025-09-15 18:02:10,974 [INFO] IPUIPlugin:80 - create IPUIPlugin
2025-09-15 18:02:10,974 [INFO] PluginManager:220 - loadIPPluginJar : add openamp
2025-09-15 18:02:10,977 [INFO] IPUIPlugin:80 - create IPUIPlugin
2025-09-15 18:02:10,977 [INFO] PluginManager:220 - loadIPPluginJar : add stm32_wpan
2025-09-15 18:02:10,981 [INFO] IPUIPlugin:80 - create IPUIPlugin
2025-09-15 18:02:10,983 [INFO] PluginManager:220 - loadIPPluginJar : add plateformsettings
2025-09-15 18:02:10,985 [INFO] IPUIPlugin:80 - create IPUIPlugin
2025-09-15 18:02:10,986 [INFO] PluginManager:220 - loadIPPluginJar : add ipddr
2025-09-15 18:02:10,987 [INFO] IPUIPlugin:80 - create IPUIPlugin
2025-09-15 18:02:10,987 [INFO] PluginManager:220 - loadIPPluginJar : add usart
2025-09-15 18:02:10,988 [INFO] IPUIPlugin:80 - create IPUIPlugin
2025-09-15 18:02:10,988 [INFO] PluginManager:220 - loadIPPluginJar : add ltdc
2025-09-15 18:02:10,989 [INFO] IPUIPlugin:80 - create IPUIPlugin
2025-09-15 18:02:10,989 [INFO] PluginManager:220 - loadIPPluginJar : add nvic
2025-09-15 18:02:10,990 [INFO] IPUIPlugin:80 - create IPUIPlugin
2025-09-15 18:02:10,990 [INFO] PluginManager:220 - loadIPPluginJar : add fatfs
2025-09-15 18:02:10,994 [INFO] IPUIPlugin:80 - create IPUIPlugin
2025-09-15 18:02:10,994 [INFO] PluginManager:220 - loadIPPluginJar : add linkedlist
2025-09-15 18:02:10,997 [INFO] IPUIPlugin:80 - create IPUIPlugin
2025-09-15 18:02:10,997 [INFO] PluginManager:220 - loadIPPluginJar : add dma
2025-09-15 18:02:10,999 [INFO] IPUIPlugin:80 - create IPUIPlugin
2025-09-15 18:02:10,999 [INFO] PluginManager:220 - loadIPPluginJar : add fmc
2025-09-15 18:02:11,000 [INFO] IPUIPlugin:80 - create IPUIPlugin
2025-09-15 18:02:11,000 [INFO] PluginManager:220 - loadIPPluginJar : add i2s
2025-09-15 18:02:11,001 [INFO] IPUIPlugin:80 - create IPUIPlugin
2025-09-15 18:02:11,001 [INFO] PluginManager:220 - loadIPPluginJar : add ucpd
2025-09-15 18:02:11,002 [INFO] IPUIPlugin:80 - create IPUIPlugin
2025-09-15 18:02:11,002 [INFO] PluginManager:220 - loadIPPluginJar : add lorawan
2025-09-15 18:02:11,003 [INFO] IPUIPlugin:80 - create IPUIPlugin
2025-09-15 18:02:11,003 [INFO] PluginManager:220 - loadIPPluginJar : add opamp
2025-09-15 18:02:11,005 [INFO] IPUIPlugin:80 - create IPUIPlugin
2025-09-15 18:02:11,005 [INFO] PluginManager:220 - loadIPPluginJar : add i3c
2025-09-15 18:02:11,007 [INFO] IPUIPlugin:80 - create IPUIPlugin
2025-09-15 18:02:11,007 [INFO] PluginManager:220 - loadIPPluginJar : add touchsensing
2025-09-15 18:02:11,009 [INFO] IPUIPlugin:80 - create IPUIPlugin
2025-09-15 18:02:11,009 [INFO] PluginManager:220 - loadIPPluginJar : add i2c
2025-09-15 18:02:11,011 [INFO] IPUIPlugin:80 - create IPUIPlugin
2025-09-15 18:02:11,011 [INFO] PluginManager:220 - loadIPPluginJar : add resmgrutility
2025-09-15 18:02:11,013 [INFO] IPUIPlugin:80 - create IPUIPlugin
2025-09-15 18:02:11,013 [INFO] PluginManager:220 - loadIPPluginJar : add sai
2025-09-15 18:02:11,015 [INFO] IPUIPlugin:80 - create IPUIPlugin
2025-09-15 18:02:11,015 [INFO] PluginManager:220 - loadIPPluginJar : add usbx
2025-09-15 18:02:11,136 [FATAL] Updater:351 - Updater called before beeing initialized
2025-09-15 18:02:11,177 [INFO] RulesReader:64 - Compatibility file has been processed (317 Rules)
2025-09-15 18:02:11,188 [INFO] RulesReader:64 - Compatibility file has been processed (317 Rules)
2025-09-15 18:02:11,193 [INFO] CADModel:165 - CPN selected for project level
2025-09-15 18:02:11,193 [INFO] CADModel:114 - Register for checkConnection events
2025-09-15 18:02:11,193 [FATAL] Updater:351 - Updater called before beeing initialized
2025-09-15 18:02:11,193 [ERROR] CADModel:125 - Updater not yet initialized, retry later 
2025-09-15 18:02:11,386 [FATAL] Updater:351 - Updater called before beeing initialized
2025-09-15 18:02:11,387 [INFO] CADModel:165 - CPN selected for project level
2025-09-15 18:02:11,388 [INFO] CADModel:114 - Register for checkConnection events
2025-09-15 18:02:11,388 [FATAL] Updater:351 - Updater called before beeing initialized
2025-09-15 18:02:11,388 [ERROR] CADModel:125 - Updater not yet initialized, retry later 
2025-09-15 18:02:11,390 [FATAL] Updater:351 - Updater called before beeing initialized
2025-09-15 18:02:11,536 [FATAL] Updater:351 - Updater called before beeing initialized
2025-09-15 18:02:11,540 [INFO] DbMcusAds:53 - JSON generation date=Tue Jul 08 01:14:23 PDT 2025 (1751962463582)
2025-09-15 18:02:11,540 [FATAL] Updater:351 - Updater called before beeing initialized
2025-09-15 18:02:11,584 [WARN] DetailPanel:346 - Failed to get advertising image, set to default
2025-09-15 18:02:11,669 [FATAL] Updater:351 - Updater called before beeing initialized
2025-09-15 18:02:11,673 [FATAL] Updater:351 - Updater called before beeing initialized
2025-09-15 18:02:11,674 [FATAL] Updater:351 - Updater called before beeing initialized
2025-09-15 18:02:11,674 [WARN] DetailPanel:346 - Failed to get advertising image, set to default
2025-09-15 18:02:11,680 [FATAL] Updater:351 - Updater called before beeing initialized
2025-09-15 18:02:11,762 [ERROR] Updater:1198 - MainUpdater not yet initialized. External WinMGr cannot be set.
2025-09-15 18:02:11,775 [INFO] Updater:1134 - Updater Version found : 6.15.0
2025-09-15 18:02:11,791 [INFO] ApplicationProperties:184 - Using Application install path: /Applications/STM32CubeIDE.app/Contents/Eclipse/plugins/com.st.stm32cube.common.mx_6.15.0.202507011659
2025-09-15 18:02:12,094 [INFO] MainUpdater:2872 - connection check result : 10
2025-09-15 18:02:12,094 [INFO] MainUpdater:289 - Updater Check For Update Now.
2025-09-15 18:02:12,094 [INFO] MicroXplorer:498 - Change Database Version : DB.6.0.150
2025-09-15 18:02:12,103 [INFO] McuFinderGlobals:63 - Set McuFinder mode to 2 (CubeIDE integrated)
2025-09-15 18:02:12,103 [INFO] UserAuth:171 - activating auth plugin
2025-09-15 18:02:12,123 [INFO] UserAuth:487 - Internet connection configuration mode: 1
2025-09-15 18:02:12,136 [INFO] JxBrowserEngine:152 - Initiate JxBrowser Engine with user profile folder
2025-09-15 18:02:12,367 [INFO] CheckServerUpdateThread:120 - End of CheckServer Thread
2025-09-15 18:02:13,647 [WARN] PackLoader:240 - Cannot read IP mode file for STMicroelectronics.FP-SNS-MOTENVWB1.1.4.0
2025-09-15 18:02:13,671 [WARN] PackLoader:240 - Cannot read IP mode file for STMicroelectronics.FP-ATR-ASTRA1.2.0.2
2025-09-15 18:02:13,684 [WARN] PackLoader:240 - Cannot read IP mode file for STMicroelectronics.X-CUBE-SMBUS.2.1.0
2025-09-15 18:02:13,690 [WARN] PackLoader:240 - Cannot read IP mode file for STMicroelectronics.X-CUBE-ST60.1.0.0
2025-09-15 18:02:13,736 [WARN] PackLoader:240 - Cannot read IP mode file for STMicroelectronics.X-CUBE-AZRTOS-F7.1.1.0
2025-09-15 18:02:13,816 [WARN] PackLoader:240 - Cannot read IP mode file for Infineon.AIROC-Wi-Fi-Bluetooth-STM32.1.7.1
2025-09-15 18:02:13,885 [WARN] PackLoader:240 - Cannot read IP mode file for STMicroelectronics.X-CUBE-AZRTOS-H7.3.4.0
2025-09-15 18:02:13,944 [WARN] PackLoader:240 - Cannot read IP mode file for STMicroelectronics.X-CUBE-DISPLAY.3.0.0
2025-09-15 18:02:13,970 [WARN] PackLoader:240 - Cannot read IP mode file for STMicroelectronics.X-CUBE-NFC10.1.0.0
2025-09-15 18:02:13,984 [WARN] PackLoader:240 - Cannot read IP mode file for emotas.I-CUBE-CANOPEN.1.3.0
2025-09-15 18:02:13,997 [WARN] PackLoader:240 - Cannot read IP mode file for STMicroelectronics.FP-SNS-STBOX1.2.1.0
2025-09-15 18:02:14,004 [WARN] PackLoader:240 - Cannot read IP mode file for STMicroelectronics.FP-SNS-SMARTAG2.1.2.0
2025-09-15 18:02:14,010 [WARN] PackLoader:240 - Cannot read IP mode file for STMicroelectronics.FP-SNS-FLIGHT1.5.1.0
2025-09-15 18:02:14,017 [INFO] LogOutputStream:77 - [STDOUT_REDIRECT] 1 : Invalid condition id : UX_CORESTACK_Condition cause : null
2025-09-15 18:02:14,019 [INFO] LogOutputStream:77 - [STDOUT_REDIRECT] 1 : Invalid condition id : UX_CORESTACK_Condition cause : null
2025-09-15 18:02:14,020 [INFO] LogOutputStream:77 - [STDOUT_REDIRECT] 1 : Invalid condition id : UX_CORESTACK_Condition cause : null
2025-09-15 18:02:14,020 [INFO] LogOutputStream:77 - [STDOUT_REDIRECT] 1 : Invalid condition id : UX_CORESTACK_Condition cause : null
2025-09-15 18:02:14,021 [INFO] LogOutputStream:77 - [STDOUT_REDIRECT] 1 : Invalid condition id : UX_CORESTACK_Condition cause : null
2025-09-15 18:02:14,028 [WARN] PackLoader:240 - Cannot read IP mode file for STMicroelectronics.X-CUBE-AZRTOS-WL.2.0.0
2025-09-15 18:02:14,038 [WARN] PackLoader:240 - Cannot read IP mode file for STMicroelectronics.FP-SNS-MOTENV1.5.0.0
2025-09-15 18:02:14,049 [WARN] PackLoader:240 - Cannot read IP mode file for WES.I-CUBE-Cesium.1.3.0
2025-09-15 18:02:14,055 [WARN] PackLoader:240 - Cannot read IP mode file for STMicroelectronics.X-CUBE-BLE2.3.3.0
2025-09-15 18:02:14,073 [WARN] PackLoader:240 - Cannot read IP mode file for STMicroelectronics.X-CUBE-NFC9.1.0.0
2025-09-15 18:02:14,087 [WARN] PackLoader:240 - Cannot read IP mode file for wolfSSL.I-CUBE-wolfSSL.5.8.2
2025-09-15 18:02:14,098 [WARN] PackLoader:240 - Cannot read IP mode file for STMicroelectronics.X-CUBE-BLE1.7.1.0
2025-09-15 18:02:14,103 [WARN] PackLoader:240 - Cannot read IP mode file for wolfSSL.I-CUBE-wolfMQTT.1.19.2
2025-09-15 18:02:14,109 [WARN] PackLoader:240 - Cannot read IP mode file for STMicroelectronics.X-CUBE-EEPRMA1.5.2.0
2025-09-15 18:02:14,118 [WARN] PackLoader:240 - Cannot read IP mode file for STMicroelectronics.X-CUBE-AI.10.1.0
2025-09-15 18:02:14,164 [WARN] PackLoader:240 - Cannot read IP mode file for STMicroelectronics.X-CUBE-AZRTOS-G0.1.1.0
2025-09-15 18:02:14,195 [WARN] PackLoader:240 - Cannot read IP mode file for STMicroelectronics.X-CUBE-SAFEA1.1.2.2
2025-09-15 18:02:14,201 [WARN] PackLoader:240 - Cannot read IP mode file for STMicroelectronics.X-CUBE-NFC4.3.0.0
2025-09-15 18:02:14,216 [WARN] PackLoader:240 - Cannot read IP mode file for EmbeddedOffice.I-CUBE-FS-RTOS.1.0.1
2025-09-15 18:02:14,233 [WARN] PackLoader:240 - Cannot read IP mode file for STMicroelectronics.X-CUBE-WB05N.2.0.0
2025-09-15 18:02:14,244 [WARN] PackLoader:240 - Cannot read IP mode file for wolfSSL.I-CUBE-wolfTPM.3.8.0
2025-09-15 18:02:14,250 [WARN] PackLoader:240 - Cannot read IP mode file for STMicroelectronics.X-CUBE-TCPP.4.2.0
2025-09-15 18:02:14,257 [WARN] PackLoader:240 - Cannot read IP mode file for RealThread.X-CUBE-RT-Thread_Nano.4.1.1
2025-09-15 18:02:14,262 [WARN] PackLoader:240 - Cannot read IP mode file for STMicroelectronics.FP-ATR-SIGFOX1.3.2.0
2025-09-15 18:02:14,267 [WARN] PackLoader:240 - Cannot read IP mode file for ITTIA_DB.I-CUBE-ITTIADB.8.9.0
2025-09-15 18:02:14,275 [WARN] PackLoader:240 - Cannot read IP mode file for STMicroelectronics.X-CUBE-ST67W61.1.0.0
2025-09-15 18:02:14,279 [WARN] PackLoader:240 - Cannot read IP mode file for STMicroelectronics.X-CUBE-AI.10.2.0
2025-09-15 18:02:14,329 [WARN] PackLoader:240 - Cannot read IP mode file for SEGGER.I-CUBE-embOS.1.3.1
2025-09-15 18:02:14,391 [WARN] PackLoader:240 - Cannot read IP mode file for STMicroelectronics.X-CUBE-ALGOBUILD.1.4.0
2025-09-15 18:02:14,470 [WARN] PackLoader:240 - Cannot read IP mode file for STMicroelectronics.X-CUBE-MEMS1.11.3.0
2025-09-15 18:02:14,839 [WARN] PackLoader:240 - Cannot read IP mode file for STMicroelectronics.X-CUBE-PM33A1.1.0.0
2025-09-15 18:02:14,900 [WARN] PackLoader:240 - Cannot read IP mode file for STMicroelectronics.X-CUBE-AZRTOS-F4.1.1.0
2025-09-15 18:02:14,915 [WARN] PackLoader:240 - Cannot read IP mode file for Avnet-IotConnect.X-CUBE-IoTC-DA16k-PMOD.1.0.0
2025-09-15 18:02:14,925 [WARN] PackLoader:240 - Cannot read IP mode file for STMicroelectronics.X-CUBE-ISPU.2.1.0
2025-09-15 18:02:14,957 [WARN] PackLoader:240 - Cannot read IP mode file for STMicroelectronics.X-CUBE-NFC12.1.0.0
2025-09-15 18:02:14,987 [WARN] PackLoader:240 - Cannot read IP mode file for STMicroelectronics.X-CUBE-AZRTOS-L5.2.0.0
2025-09-15 18:02:15,010 [WARN] PackLoader:240 - Cannot read IP mode file for STMicroelectronics.X-CUBE-NFC6.3.1.0
2025-09-15 18:02:15,020 [WARN] PackLoader:240 - Cannot read IP mode file for STMicroelectronics.X-CUBE-FREERTOS.1.3.1
2025-09-15 18:02:15,028 [WARN] PackLoader:240 - Cannot read IP mode file for STMicroelectronics.FP-SNS-STAIOTCFT.1.0.0
2025-09-15 18:02:15,036 [WARN] PackLoader:240 - Cannot read IP mode file for STMicroelectronics.X-CUBE-DPower.1.3.0
2025-09-15 18:02:15,057 [WARN] ConditionMgr:438 - getConditionDescription Invalid condition id : LAN8742 Phy interface Condition cause : null
2025-09-15 18:02:15,059 [WARN] PackLoader:240 - Cannot read IP mode file for STMicroelectronics.X-CUBE-AZRTOS-L4.2.0.0
2025-09-15 18:02:15,062 [WARN] ConditionMgr:1044 - genDependencies : Invalid condition id : LAN8742 Phy interface Condition cause : null
2025-09-15 18:02:15,064 [WARN] ConditionMgr:1044 - genDependencies : Invalid condition id : LAN8742 Phy interface Condition cause : null
2025-09-15 18:02:15,065 [WARN] ConditionMgr:1044 - genDependencies : Invalid condition id : LAN8742 Phy interface Condition cause : null
2025-09-15 18:02:15,075 [WARN] PackLoader:240 - Cannot read IP mode file for STMicroelectronics.X-CUBE-SFXS2LP1.4.0.0
2025-09-15 18:02:15,094 [WARN] PackLoader:240 - Cannot read IP mode file for STMicroelectronics.X-CUBE-BLEMGR.4.1.0
2025-09-15 18:02:15,118 [WARN] ConditionMgr:438 - getConditionDescription Invalid condition id : UX DEVICE CLASS RTOS Condition cause : null
2025-09-15 18:02:15,118 [WARN] ConditionMgr:438 - getConditionDescription Invalid condition id : UX DEVICE CLASS RTOS Condition cause : null
2025-09-15 18:02:15,122 [WARN] PackLoader:240 - Cannot read IP mode file for STMicroelectronics.X-CUBE-AZRTOS-WB.2.0.0
2025-09-15 18:02:15,125 [WARN] ConditionMgr:1044 - genDependencies : Invalid condition id : UX DEVICE CLASS RTOS Condition cause : null
2025-09-15 18:02:15,125 [WARN] ConditionMgr:1044 - genDependencies : Invalid condition id : UX DEVICE CLASS RTOS Condition cause : null
2025-09-15 18:02:15,126 [WARN] ConditionMgr:1044 - genDependencies : Invalid condition id : UX DEVICE CLASS RTOS Condition cause : null
2025-09-15 18:02:15,126 [WARN] ConditionMgr:1044 - genDependencies : Invalid condition id : UX DEVICE CLASS RTOS Condition cause : null
2025-09-15 18:02:15,126 [WARN] ConditionMgr:1044 - genDependencies : Invalid condition id : UX DEVICE CLASS RTOS Condition cause : null
2025-09-15 18:02:15,145 [WARN] PackLoader:240 - Cannot read IP mode file for STMicroelectronics.X-CUBE-GNSS1.7.0.1
2025-09-15 18:02:15,166 [WARN] PackLoader:240 - Cannot read IP mode file for STMicroelectronics.X-CUBE-TOUCHGFX.4.25.0
2025-09-15 18:02:15,172 [WARN] PackLoader:240 - Cannot read IP mode file for STMicroelectronics.FP-SNS-STBOX1.2.0.0
2025-09-15 18:02:15,179 [WARN] ConditionMgr:438 - getConditionDescription Invalid condition id : Cortex-A Device cause : null
2025-09-15 18:02:15,232 [WARN] ConditionMgr:1044 - genDependencies : Invalid condition id : Cortex-A Device cause : null
2025-09-15 18:02:15,232 [WARN] ConditionMgr:1044 - genDependencies : Invalid condition id : Cortex-A Device cause : null
2025-09-15 18:02:15,232 [WARN] ConditionMgr:1044 - genDependencies : Invalid condition id : Cortex-A Device cause : null
2025-09-15 18:02:15,246 [WARN] PackLoader:240 - Cannot read IP mode file for STMicroelectronics.X-CUBE-SUBG2.5.0.0
2025-09-15 18:02:15,284 [WARN] PackLoader:240 - Cannot read IP mode file for STMicroelectronics.X-CUBE-AZRTOS-H7RS.1.1.0
2025-09-15 18:02:15,295 [WARN] PackLoader:240 - Cannot read IP mode file for Cesanta.I-CUBE-Mongoose.7.13.0
2025-09-15 18:02:15,310 [WARN] PackLoader:240 - Cannot read IP mode file for STMicroelectronics.X-CUBE-AZRTOS-G4.2.0.0
2025-09-15 18:02:15,315 [WARN] PackLoader:240 - Cannot read IP mode file for wolfSSL.I-CUBE-wolfSSH.1.4.20
2025-09-15 18:02:15,318 [WARN] PackLoader:240 - Cannot read IP mode file for STMicroelectronics.X-CUBE-NFC7.2.0.0
2025-09-15 18:02:15,329 [WARN] PackLoader:240 - Cannot read IP mode file for STMicroelectronics.X-CUBE-IPS.3.1.0
2025-09-15 18:02:15,337 [WARN] PackLoader:240 - Cannot read IP mode file for STMicroelectronics.X-CUBE-ALS.1.0.2
2025-09-15 18:02:15,344 [WARN] PackLoader:240 - Cannot read IP mode file for STMicroelectronics.X-CUBE-STSE01.1.0.0
2025-09-15 18:02:15,351 [WARN] PackLoader:240 - Cannot read IP mode file for portGmbH.I-Cube-SoM-uGOAL.1.1.0
2025-09-15 18:02:15,366 [WARN] PackLoader:240 - Cannot read IP mode file for STMicroelectronics.X-CUBE-TOF1.3.4.3
2025-09-15 18:02:15,377 [INFO] ThirdParty:978 - Integrity check success = true
2025-09-15 18:02:15,378 [INFO] IntegrityCheckThread:100 - exiting critical section [integrity check]
2025-09-15 18:02:15,378 [INFO] IntegrityCheckThread:103 - End integrity checks thread
2025-09-15 18:02:16,393 [INFO] WebApp:169 - Instantiating new browser for Auth
2025-09-15 18:02:17,570 [INFO] WebApp:463 - Apply proxy settings
2025-09-15 18:02:17,584 [INFO] WebApp:508 - Chromium authenticates against Manually configured proxy
2025-09-15 18:02:17,599 [INFO] WebApp:516 - Username used for proxy authentication: 
2025-09-15 18:02:17,638 [INFO] WebApp:900 - Register for checkConnection events
2025-09-15 18:02:17,639 [INFO] WebApp:463 - Apply proxy settings
2025-09-15 18:02:17,645 [INFO] WebApp:508 - Chromium authenticates against Manually configured proxy
2025-09-15 18:02:17,646 [INFO] WebApp:516 - Username used for proxy authentication: 
2025-09-15 18:02:17,804 [INFO] WebApp:225 - Starting web application
2025-09-15 18:02:17,804 [INFO] WebApp:593 - Web application path used /Applications/STM32CubeIDE.app/Contents/Eclipse/plugins/com.st.stm32cube.common.mx_6.15.0.202507011659/db/plugins/mcufinder/reactClient1/index.html
2025-09-15 18:02:18,237 [INFO] WebApp:191 - Connection restablished
2025-09-15 18:35:23,205 [INFO] McuFinderGlobals:63 - Set McuFinder mode to 2 (CubeIDE integrated)
2025-09-15 18:35:23,211 [INFO] MainUpdater:2872 - connection check result : 10
2025-09-15 18:35:25,235 [INFO] ApiDb:581 - Connected to CubeFinder SQLite database (/Users/sheen/.stmcufinder/plugins/mcufinder/mcu/cube-finder-db.db)
2025-09-15 18:35:25,306 [INFO] ApiDb:668 - CubeFinder database Data Model version=2.1
2025-09-15 18:35:25,306 [INFO] ApiDb:669 - CubeFinder database Configuration version=3.0.39
2025-09-15 18:35:25,308 [INFO] ApiDb:670 - CubeFinder database generation date=2025-08-25 (1756130511)
2025-09-15 18:35:25,309 [INFO] ApiDb:671 - CubeFinder database FW Pack versions=[FP-ATR-ASTRA1_V2.0.0, FP-SNS-FLIGHT1_V5.1.0, FP-SNS-MOTENV1_V5.0.0, FP-SNS-MOTENVWB1_V1.4.0, FP-SNS-SMARTAG2_V1.2.0, FP-SNS-STBOX1_V2.1.0, STM32Cube_FW_C0_V1.4.0, STM32Cube_FW_F4_V1.28.3, STM32Cube_FW_F7_V1.17.4, STM32Cube_FW_G0_V1.6.2, STM32Cube_FW_G4_V1.6.1, STM32Cube_FW_H5_V1.5.0, STM32Cube_FW_H7RS_V1.2.0, STM32Cube_FW_H7_V1.12.1, STM32Cube_FW_L0_V1.12.2, STM32Cube_FW_L4_V1.18.1, STM32Cube_FW_L5_V1.5.1, STM32Cube_FW_N6_V1.2.0, STM32Cube_FW_U0_V1.3.0, STM32Cube_FW_U3_V1.2.0, STM32Cube_FW_U5_V1.8.0, STM32Cube_FW_WB0_V1.3.0, STM32Cube_FW_WBA_V1.7.0, STM32Cube_FW_WB_V1.23.0, STM32Cube_FW_WL3_V1.2.0, STM32Cube_FW_WL_V1.3.1, X-CUBE-ALGOBUILD_V1.4.0, X-CUBE-ALS_V1.0.2, X-CUBE-AZRTOS-F4_V1.1.0, X-CUBE-AZRTOS-F7_V1.1.0, X-CUBE-AZRTOS-G0_V1.1.0, X-CUBE-AZRTOS-G4_V2.0.0, X-CUBE-AZRTOS-H7RS_V1.1.0, X-CUBE-AZRTOS-H7_V3.4.0, X-CUBE-AZRTOS-L4_V2.0.0, X-CUBE-AZRTOS-L5_V2.0.0, X-CUBE-AZRTOS-WB_V2.0.0, X-CUBE-AZRTOS-WL_V2.0.0, X-CUBE-BLE1_V7.1.0, X-CUBE-BLE2_V3.3.0, X-CUBE-BLEMGR_V4.1.0, X-CUBE-EEPRMA1_V5.2.0, X-CUBE-FREERTOS_V1.3.1, X-CUBE-GNSS1_V6.0.0, X-CUBE-MEMS1_V11.3.0, X-CUBE-NFC4_V3.0.0, X-CUBE-NFC7_V2.0.0, X-CUBE-SFXS2LP1_V4.0.0, X-CUBE-ST67W61_V1.0.0, X-CUBE-SUBG2_V5.0.0, X-CUBE-TOF1_V3.4.3]
2025-09-15 18:35:26,759 [INFO] ApiDb:240 - Found 880 in-development CPN: [B-G473E-ZEST1S, B-WB1M-WPAN1, B-WBA5M-WPAN, B-WL5M-SUBG1, NUCLEO-C031C6, NUCLEO-C051C8, NUCLEO-C071RB, NUCLEO-C092RC, NUCLEO-H503RB, NUCLEO-H533RE, NUCLEO-H563ZI, NUCLEO-H7S3L8, NUCLEO-N657X0-Q, NUCLEO-U031R8, NUCLEO-U083RC, NUCLEO-U385RG-Q, NUCLEO-U545RE-Q, NUCLEO-U5A5ZJ-Q, NUCLEO-WB05KZ, NUCLEO-WB07CC, NUCLEO-WB09KE, NUCLEO-WBA52CG, NUCLEO-WBA55CG, NUCLEO-WL33CC1, NUCLEO-WL33CC2, STEVAL-PROTEUS1, STEVAL-SMARTAG2, STEVAL-STWINBX1, STM320518-EVAL, STM32C0116-DK, STM32C011D6Y3TR, STM32C011D6Y6TR, STM32C011F4P3, STM32C011F4P6, STM32C011F4U3, STM32C011F4U6TR, STM32C011F6P3, STM32C011F6P6, STM32C011F6U3, STM32C011F6U6TR, STM32C011J4M3, STM32C011J4M6, STM32C011J6M3, STM32C011J6M6, STM32C0316-DK, STM32C031C4T3, STM32C031C4T6, STM32C031C4U3, STM32C031C4U6, STM32C031C6T3, STM32C031C6T6, STM32C031C6U3, STM32C031C6U6, STM32C031F4P3, STM32C031F4P6, STM32C031F6P3, STM32C031F6P6, STM32C031G4U3, STM32C031G4U6, STM32C031G6U3, STM32C031G6U6, STM32C031K4T3, STM32C031K4T6, STM32C031K4U3, STM32C031K4U6, STM32C031K6T3, STM32C031K6T6, STM32C031K6U3, STM32C031K6U6, STM32C051C6T6, STM32C051C6U6, STM32C051C8T6, STM32C051C8U6, STM32C051D8Y6TR, STM32C051F6P6, STM32C051F8P6, STM32C051G6U6, STM32C051G8U6, STM32C051K6T6, STM32C051K6U6, STM32C051K8T6, STM32C071C8T6, STM32C071C8T6N, STM32C071C8U6, STM32C071C8U6N, STM32C071CBT6, STM32C071CBT6N, STM32C071CBU6, STM32C071CBU6N, STM32C071F8P6, STM32C071F8P6N, STM32C071FBP6, STM32C071FBP6N, STM32C071FBY6TR, STM32C071G8U6, STM32C071G8U6N, STM32C071GBU6, STM32C071GBU6N, STM32C071K8T6, STM32C071K8T6N, STM32C071K8U6, STM32C071K8U6N, STM32C071KBT6, STM32C071KBT6N, STM32C071KBU6, STM32C071KBU6N, STM32C071R8T6, STM32C071R8T6N, STM32C071RBI6N, STM32C071RBT6, STM32C071RBT6N, STM32C091CBT6, STM32C091CBU6, STM32C091CCT6, STM32C091CCU6, STM32C091ECY6TR, STM32C091FBP6, STM32C091FCP6, STM32C091GBU6, STM32C091GCU6, STM32C091KBT6, STM32C091KBU6, STM32C091KCT6, STM32C091KCU6, STM32C091RBT6, STM32C091RCI6, STM32C091RCT6, STM32C092CBT6, STM32C092CBU6, STM32C092CCT6, STM32C092CCU6, STM32C092ECY6TR, STM32C092FBP6, STM32C092FCP6, STM32C092GBU6, STM32C092GCU6, STM32C092KBT6, STM32C092KBU6, STM32C092KCT6, STM32C092KCU6, STM32C092RBT6, STM32C092RCI6, STM32C092RCT6, STM32G071K8TXN, STM32G071K8UXN, STM32G081GBU6N, STM32G081KBT6N, STM32G081KBUXN, STM32G0B1CCT6N, STM32G0B1KCT6, STM32G0B1NEY6TR, STM32G0B1RCT6N, STM32G0C1CCT6, STM32G0C1CCT6N, STM32G0C1CCU6N, STM32G0C1CET6N, STM32G0C1CEU6N, STM32G0C1KCT6, STM32G0C1NEY6TR, STM32G0C1RCI6N, STM32G0C1RCT6N, STM32G0C1REI6N, STM32G0C1RET6N, STM32G0C1VCI6, STM32G0C1VEI6, STM32G411C6T3, STM32G411C6T6, STM32G411C6U3, STM32G411C6U6, STM32G411C8T3, STM32G411C8T6, STM32G411C8U3, STM32G411C8U6, STM32G411CBT3, STM32G411CBT6, STM32G411CBU3, STM32G411CBU6, STM32G411K6T3, STM32G411K6T6, STM32G411K6U3, STM32G411K6U6, STM32G411K8T3, STM32G411K8T6, STM32G411K8U3, STM32G411K8U6, STM32G411KBT3, STM32G411KBT6, STM32G411KBU3, STM32G411KBU6, STM32G411M6T3, STM32G411M6T6, STM32G411M8T3, STM32G411M8T6, STM32G411MBT3, STM32G411MBT6, STM32G411R6T3, STM32G411R6T6, STM32G411R8T3, STM32G411R8T6, STM32G411RBT3, STM32G411RBT6, STM32G414CBT3, STM32G414CBT6, STM32G414CBU3, STM32G414CBU6, STM32G414CCT3, STM32G414CCT6, STM32G414CCU3, STM32G414CCU6, STM32G414MBT3, STM32G414MBT6, STM32G414MCT3, STM32G414MCT6, STM32G414RBT3, STM32G414RBT6, STM32G414RCT3, STM32G414RCT6, STM32G414VBT3, STM32G414VBT6, STM32G414VCT3, STM32G414VCT6, STM32G431CBT3Z, STM32G431RBT3Z, STM32G471CCT6, STM32G471CCU6, STM32G471CET3, STM32G471CET6, STM32G471CEU3, STM32G471CEU6, STM32G471MCT6, STM32G471MET3, STM32G471MET6, STM32G471MEY6TR, STM32G471QCT6, STM32G471QET3, STM32G471RCT6, STM32G471RET3, STM32G471RET6, STM32G471VCH6, STM32G471VCI6, STM32G471VCT6, STM32G471VEH3, STM32G471VEH6, STM32G471VEI3, STM32G471VEI6, STM32G471VET3, STM32G471VET6, STM32G473QET3Z, STM32G473RET3Z, STM32G474CCT6, STM32G491RET3Z, STM32H503CBT6, STM32H503CBU6, STM32H503EBY6TR, STM32H503KBU6, STM32H503RBT6, STM32H523CCT6, STM32H523CCU6, STM32H523CET6, STM32H523CEU6, STM32H523HEY6TR, STM32H523RCT6, STM32H523RET6, STM32H523VCI6, STM32H523VCT6, STM32H523VEI6, STM32H523VET6, STM32H523ZCJ6, STM32H523ZCT6, STM32H523ZEJ6, STM32H523ZET6, STM32H533CET6, STM32H533CEU6, STM32H533HEY6TR, STM32H533RET6, STM32H533VEI6, STM32H533VET6, STM32H533ZEJ6, STM32H533ZET6, STM32H562AGI6, STM32H562AII6, STM32H562IGK6, STM32H562IGT6, STM32H562IIK6, STM32H562IIT6, STM32H562RGT6, STM32H562RGV6, STM32H562RIT6, STM32H562RIV6, STM32H562VGT6, STM32H562VIT6, STM32H562ZGT6, STM32H562ZIT6, STM32H563AGI6, STM32H563AII3Q, STM32H563AII6, STM32H563IGK6, STM32H563IGT6, STM32H563IIK3Q, STM32H563IIK6, STM32H563IIT3Q, STM32H563IIT6, STM32H563MIY3QTR, STM32H563RGT6, STM32H563RGV6, STM32H563RIT6, STM32H563RIV6, STM32H563VGT6, STM32H563VIT3Q, STM32H563VIT6, STM32H563ZGT6, STM32H563ZIT3Q, STM32H563ZIT6, STM32H573AII3Q, STM32H573AII6, STM32H573I-DK, STM32H573IIK3Q, STM32H573IIK6, STM32H573IIT3Q, STM32H573IIT6, STM32H573MIY3QTR, STM32H573RIT6, STM32H573RIV6, STM32H573VIT3Q, STM32H573VIT6, STM32H573ZIT3Q, STM32H573ZIT6, STM32H7R3A8I6, STM32H7R3I8K6, STM32H7R3I8T6, STM32H7R3L8H6, STM32H7R3L8H6H, STM32H7R3R8V6, STM32H7R3V8H6, STM32H7R3V8T6, STM32H7R3V8Y6TR, STM32H7R3Z8J6, STM32H7R3Z8T6, STM32H7R7A8I6, STM32H7R7I8K6, STM32H7R7I8T6, STM32H7R7L8H6, STM32H7R7L8H6H, STM32H7R7Z8J6, STM32H7S3A8I6, STM32H7S3I8K6, STM32H7S3I8T6, STM32H7S3L8H6, STM32H7S3L8H6H, STM32H7S3R8V6, STM32H7S3V8H6, STM32H7S3V8T6, STM32H7S3V8Y6TR, STM32H7S3Z8J6, STM32H7S3Z8T6, STM32H7S78-DK, STM32H7S7A8I6, STM32H7S7I8K6, STM32H7S7I8T6, STM32H7S7L8H6, STM32H7S7L8H6H, STM32H7S7Z8J6, STM32L4R5QGI6STR, STM32MP131AAE3, STM32MP131AAF3, STM32MP131AAG3, STM32MP131CAE3, STM32MP131CAF3, STM32MP131CAG3, STM32MP131DAE7, STM32MP131DAF7, STM32MP131DAG7, STM32MP131FAE7, STM32MP131FAF7, STM32MP131FAG7, STM32MP133AAE3, STM32MP133AAF3, STM32MP133AAG3, STM32MP133CAE3, STM32MP133CAF3, STM32MP133CAG3, STM32MP133DAE7, STM32MP133DAF7, STM32MP133DAG7, STM32MP133FAE7, STM32MP133FAF7, STM32MP133FAG7, STM32MP135AAE3, STM32MP135AAF3, STM32MP135AAG3, STM32MP135CAE3, STM32MP135CAF3, STM32MP135CAG3, STM32MP135DAE7, STM32MP135DAF7, STM32MP135DAG7, STM32MP135F-DK, STM32MP135FAE7, STM32MP135FAF7, STM32MP135FAF7T, STM32MP135FAF7U, STM32MP135FAG7, STM32MP211AAL3, STM32MP211AAM3, STM32MP211AAN3, STM32MP211AAO3, STM32MP211CAL3, STM32MP211CAM3, STM32MP211CAN3, STM32MP211CAO3, STM32MP211DAL3, STM32MP211DAM3, STM32MP211DAN3, STM32MP211DAO3, STM32MP211FAL3, STM32MP211FAM3, STM32MP211FAN3, STM32MP211FAO3, STM32MP213AAL3, STM32MP213AAM3, STM32MP213AAN3, STM32MP213AAO3, STM32MP213CAL3, STM32MP213CAM3, STM32MP213CAN3, STM32MP213CAO3, STM32MP213DAL3, STM32MP213DAM3, STM32MP213DAN3, STM32MP213DAO3, STM32MP213FAL3, STM32MP213FAM3, STM32MP213FAN3, STM32MP213FAO3, STM32MP215AAL3, STM32MP215AAM3, STM32MP215AAN3, STM32MP215AAO3, STM32MP215CAL3, STM32MP215CAM3, STM32MP215CAN3, STM32MP215CAO3, STM32MP215DAL3, STM32MP215DAM3, STM32MP215DAN3, STM32MP215DAO3, STM32MP215F-DK, STM32MP215FAL3, STM32MP215FAM3, STM32MP215FAN3, STM32MP215FAO3, STM32MP231AAJ3, STM32MP231AAK3, STM32MP231AAL3, STM32MP231CAJ3, STM32MP231CAK3, STM32MP231CAL3, STM32MP231DAJ3, STM32MP231DAK3, STM32MP231DAL3, STM32MP231FAJ3, STM32MP231FAK3, STM32MP231FAL3, STM32MP233AAJ3, STM32MP233AAK3, STM32MP233AAL3, STM32MP233CAJ3, STM32MP233CAK3, STM32MP233CAL3, STM32MP233DAJ3, STM32MP233DAK3, STM32MP233DAL3, STM32MP233FAJ3, STM32MP233FAK3, STM32MP233FAL3, STM32MP235AAJ3, STM32MP235AAK3, STM32MP235AAL3, STM32MP235CAJ3, STM32MP235CAK3, STM32MP235CAL3, STM32MP235DAJ3, STM32MP235DAK3, STM32MP235DAL3, STM32MP235FAJ3, STM32MP235FAK3, STM32MP235FAL3, STM32MP251AAI3, STM32MP251AAK3, STM32MP251AAL3, STM32MP251CAI3, STM32MP251CAK3, STM32MP251CAL3, STM32MP251DAI3, STM32MP251DAK3, STM32MP251DAL3, STM32MP251FAI3, STM32MP251FAK3, STM32MP251FAL3, STM32MP253AAI3, STM32MP253AAK3, STM32MP253AAL3, STM32MP253CAI3, STM32MP253CAK3, STM32MP253CAL3, STM32MP253DAI3, STM32MP253DAK3, STM32MP253DAL3, STM32MP253FAI3, STM32MP253FAK3, STM32MP253FAL3, STM32MP255AAI3, STM32MP255AAK3, STM32MP255AAL3, STM32MP255CAI3, STM32MP255CAK3, STM32MP255CAL3, STM32MP255DAI3, STM32MP255DAK3, STM32MP255DAL3, STM32MP255FAI3, STM32MP255FAK3, STM32MP255FAL3, STM32MP257AAI3, STM32MP257AAK3, STM32MP257AAL3, STM32MP257CAI3, STM32MP257CAK3, STM32MP257CAL3, STM32MP257DAI3, STM32MP257DAK3, STM32MP257DAL3, STM32MP257F-DK, STM32MP257F-EV1, STM32MP257FAI3, STM32MP257FAK3, STM32MP257FAL3, STM32N645A0H3Q, STM32N645B0H3Q, STM32N645I0H3Q, STM32N645L0H3Q, STM32N645X0H3Q, STM32N645Z0H3Q, STM32N647A0H3Q, STM32N647B0H3Q, STM32N647I0H3Q, STM32N647L0H3Q, STM32N647X0H3Q, STM32N647Z0H3Q, STM32N655A0H3Q, STM32N655B0H3Q, STM32N655I0H3Q, STM32N655L0H3Q, STM32N655X0H3Q, STM32N655Z0H3Q, STM32N6570-DK, STM32N657A0H3Q, STM32N657B0H3Q, STM32N657I0H3Q, STM32N657L0H3Q, STM32N657X0H3Q, STM32N657Z0H3Q, STM32U031C6T6, STM32U031C6U6, STM32U031C8T6, STM32U031C8U6, STM32U031F4P6, STM32U031F6P6, STM32U031F8P6, STM32U031G6Y6TR, STM32U031G8Y6TR, STM32U031K4U6, STM32U031K6U6, STM32U031K8U6, STM32U031R6I6, STM32U031R6T6, STM32U031R8I6, STM32U031R8T6, STM32U073C8T6, STM32U073C8U6, STM32U073CBT6, STM32U073CBU6, STM32U073CCT6, STM32U073CCU6, STM32U073H8Y6TR, STM32U073HBY6TR, STM32U073HCY6TR, STM32U073K8U6, STM32U073KBU6, STM32U073KCU6, STM32U073M8I6, STM32U073M8T6, STM32U073MBI6, STM32U073MBT6, STM32U073MCI6, STM32U073MCT6, STM32U073R8I6, STM32U073R8T6, STM32U073RBI6, STM32U073RBT6, STM32U073RCI6, STM32U073RCT6, STM32U083C-DK, STM32U083CCT6, STM32U083CCU6, STM32U083HCY6TR, STM32U083KCU6, STM32U083MCI6, STM32U083MCT6, STM32U083RCI6, STM32U083RCT6, STM32U375CET6, STM32U375CET6Q, STM32U375CEU6, STM32U375CEU6Q, STM32U375CEY6QTR, STM32U375CGT6, STM32U375CGT6Q, STM32U375CGU6, STM32U375CGU6Q, STM32U375CGY6QTR, STM32U375KEU6, STM32U375KGU6, STM32U375REI6, STM32U375REI6Q, STM32U375RET6, STM32U375RET6Q, STM32U375REY6GTR, STM32U375REY6QTR, STM32U375RGI6, STM32U375RGI6Q, STM32U375RGT6, STM32U375RGT6Q, STM32U375RGY6GTR, STM32U375RGY6QTR, STM32U375VEI6, STM32U375VEI6Q, STM32U375VET6, STM32U375VET6Q, STM32U375VGI6, STM32U375VGI6Q, STM32U375VGT6, STM32U375VGT6Q, STM32U385CGT6, STM32U385CGT6Q, STM32U385CGU6, STM32U385CGU6Q, STM32U385CGY6QTR, STM32U385KGU6, STM32U385RGI6, STM32U385RGI6Q, STM32U385RGT6, STM32U385RGT6Q, STM32U385RGY6GTR, STM32U385RGY6QTR, STM32U385VGI6, STM32U385VGI6Q, STM32U385VGT6, STM32U385VGT6Q, STM32U535CBT6, STM32U535CBT6Q, STM32U535CBU6, STM32U535CBU6Q, STM32U535CCT6, STM32U535CCT6Q, STM32U535CCU6, STM32U535CCU6Q, STM32U535CET6, STM32U535CET6Q, STM32U535CEU6, STM32U535CEU6Q, STM32U535JEY6QTR, STM32U535NCY6QTR, STM32U535NEY6QTR, STM32U535RBI6, STM32U535RBI6Q, STM32U535RBT6, STM32U535RBT6Q, STM32U535RCI6, STM32U535RCI6Q, STM32U535RCT6, STM32U535RCT6Q, STM32U535REI6, STM32U535REI6Q, STM32U535RET6, STM32U535RET6Q, STM32U535VCI6, STM32U535VCI6Q, STM32U535VCT6, STM32U535VCT6Q, STM32U535VEI6, STM32U535VEI6Q, STM32U535VET6, STM32U535VET6Q, STM32U545CET6, STM32U545CET6Q, STM32U545CEU6, STM32U545CEU6Q, STM32U545JEY6QTR, STM32U545NEY6QTR, STM32U545REI6, STM32U545REI6Q, STM32U545RET6, STM32U545RET6Q, STM32U545VEI6, STM32U545VEI6Q, STM32U545VET6, STM32U545VET6Q, STM32U595AIH6, STM32U595AIH6Q, STM32U595AJH6, STM32U595AJH6Q, STM32U595QII6, STM32U595QII6Q, STM32U595QJI6, STM32U595QJI6Q, STM32U595RIT6, STM32U595RIT6Q, STM32U595RJT6, STM32U595RJT6Q, STM32U595VIT6, STM32U595VIT6Q, STM32U595VJT6, STM32U595VJT6Q, STM32U595ZIT6, STM32U595ZIT6Q, STM32U595ZIY6QTR, STM32U595ZJT6, STM32U595ZJT6Q, STM32U595ZJY6QTR, STM32U599BJY6QTR, STM32U599NIH6Q, STM32U599NJH6Q, STM32U599VIT6Q, STM32U599VJT6, STM32U599VJT6Q, STM32U599ZIT6Q, STM32U599ZIY6QTR, STM32U599ZJT6Q, STM32U599ZJY6QTR, STM32U5A5AJH6, STM32U5A5AJH6Q, STM32U5A5QII3Q , STM32U5A5QJI6, STM32U5A5QJI6Q, STM32U5A5RJT6, STM32U5A5RJT6Q, STM32U5A5VJT6, STM32U5A5VJT6Q, STM32U5A5ZJT6, STM32U5A5ZJT6Q, STM32U5A5ZJY6QTR, STM32U5A9BJY6QTR, STM32U5A9J-DK, STM32U5A9NJH6Q, STM32U5A9VJT6Q, STM32U5A9ZJT6Q, STM32U5A9ZJY6QTR, STM32U5F7VIT6, STM32U5F7VIT6Q, STM32U5F7VJT6, STM32U5F7VJT6Q, STM32U5F9BJY6QTR, STM32U5F9NJH6Q, STM32U5F9VIT6Q, STM32U5F9VJT6Q, STM32U5F9ZIJ6QTR, STM32U5F9ZIT6Q, STM32U5F9ZJJ6QTR, STM32U5F9ZJT6Q, STM32U5G7VJT6, STM32U5G7VJT6Q, STM32U5G9BJY6QTR, STM32U5G9J-DK1, STM32U5G9J-DK2, STM32U5G9NJH6Q, STM32U5G9VJT6Q, STM32U5G9ZJJ6QTR, STM32U5G9ZJT6Q, STM32WB05KZV6TR, STM32WB05KZV7TR, STM32WB05TZF6TR, STM32WB05TZF7TR, STM32WB06CCF6TR, STM32WB06CCF7TR, STM32WB06CCV6TR, STM32WB06CCV7TR, STM32WB06KCV6TR, STM32WB06KCV7TR, STM32WB07CCF6TR, STM32WB07CCF7TR, STM32WB07CCV6TR, STM32WB07CCV7TR, STM32WB07KCV6TR, STM32WB07KCV7TR, STM32WB09KEV6TR, STM32WB09KEV7TR, STM32WB09TEF6TR, STM32WB09TEF7TR, STM32WB1MMCH6, STM32WBA50KGU6, STM32WBA50KGU6TR, STM32WBA52CEU6, STM32WBA52CEU6TR, STM32WBA52CEU7, STM32WBA52CEU7TR, STM32WBA52CGU6, STM32WBA52CGU6TR, STM32WBA52CGU6U, STM32WBA52CGU7, STM32WBA52CGU7TR, STM32WBA52KEU6, STM32WBA52KEU6TR, STM32WBA52KGU6, STM32WBA52KGU6TR, STM32WBA54CEU6, STM32WBA54CEU6TR, STM32WBA54CEU7, STM32WBA54CEU7TR, STM32WBA54CGU6, STM32WBA54CGU6TR, STM32WBA54CGU7, STM32WBA54CGU7TR, STM32WBA54KEU6, STM32WBA54KEU6TR, STM32WBA54KEU7, STM32WBA54KEU7TR, STM32WBA54KGU6, STM32WBA54KGU6TR, STM32WBA54KGU7, STM32WBA54KGU7TR, STM32WBA55CEU6, STM32WBA55CEU6TR, STM32WBA55CEU7, STM32WBA55CEU7TR, STM32WBA55CGU6, STM32WBA55CGU6TR, STM32WBA55CGU6U, STM32WBA55CGU7, STM32WBA55CGU7TR, STM32WBA55G-DK1, STM32WBA55HEF6, STM32WBA55HEF7, STM32WBA55HGF6, STM32WBA55HGF7, STM32WBA55UEI6, STM32WBA55UEI6TR, STM32WBA55UEI7, STM32WBA55UEI7TR, STM32WBA55UGI6, STM32WBA55UGI6TR, STM32WBA55UGI7, STM32WBA55UGI7TR, STM32WBA5MMGH6TR, STM32WBA62MGF6, STM32WBA62MIF6, STM32WBA65MGF7, STM32WBA65MIF6, STM32WBA65MIF7, STM32WL30K8V6, STM32WL30KBV6, STM32WL31C8V6, STM32WL31CBV6, STM32WL31K8V6, STM32WL31KBV6, STM32WL33C8V6, STM32WL33C8V6X, STM32WL33CBV6, STM32WL33CBV6X, STM32WL33CCV6, STM32WL33CCV6A, STM32WL33CCV6X, STM32WL33K8V7, STM32WL33K8V7X, STM32WL33KBV7 , STM32WL33KBV7X, STM32WL33KCV7, STM32WL33KCV7X, STM32WL5MOCH6, STM32WL5MOCH6TR]
2025-09-15 18:35:26,766 [INFO] DbMcus:218 - Found 4801 MCUs, 4801 are supported
2025-09-15 18:35:26,768 [INFO] ApiDb:423 - Load user favorites file /Users/sheen/.stm32cubeide/favorites.mcus.txt: 0 item(s)
2025-09-15 18:35:26,768 [INFO] ApiDb:427 - User favorites MCUs=[]
2025-09-15 18:35:26,768 [INFO] DbMcus:224 - Set 0 / 0 favorites MCUs
2025-09-15 18:35:27,125 [INFO] ApiDb:668 - CubeFinder database Data Model version=2.1
2025-09-15 18:35:27,125 [INFO] ApiDb:669 - CubeFinder database Configuration version=3.0.39
2025-09-15 18:35:27,126 [INFO] ApiDb:670 - CubeFinder database generation date=2025-08-25 (1756130511)
2025-09-15 18:35:27,126 [INFO] ApiDb:671 - CubeFinder database FW Pack versions=[FP-ATR-ASTRA1_V2.0.0, FP-SNS-FLIGHT1_V5.1.0, FP-SNS-MOTENV1_V5.0.0, FP-SNS-MOTENVWB1_V1.4.0, FP-SNS-SMARTAG2_V1.2.0, FP-SNS-STBOX1_V2.1.0, STM32Cube_FW_C0_V1.4.0, STM32Cube_FW_F4_V1.28.3, STM32Cube_FW_F7_V1.17.4, STM32Cube_FW_G0_V1.6.2, STM32Cube_FW_G4_V1.6.1, STM32Cube_FW_H5_V1.5.0, STM32Cube_FW_H7RS_V1.2.0, STM32Cube_FW_H7_V1.12.1, STM32Cube_FW_L0_V1.12.2, STM32Cube_FW_L4_V1.18.1, STM32Cube_FW_L5_V1.5.1, STM32Cube_FW_N6_V1.2.0, STM32Cube_FW_U0_V1.3.0, STM32Cube_FW_U3_V1.2.0, STM32Cube_FW_U5_V1.8.0, STM32Cube_FW_WB0_V1.3.0, STM32Cube_FW_WBA_V1.7.0, STM32Cube_FW_WB_V1.23.0, STM32Cube_FW_WL3_V1.2.0, STM32Cube_FW_WL_V1.3.1, X-CUBE-ALGOBUILD_V1.4.0, X-CUBE-ALS_V1.0.2, X-CUBE-AZRTOS-F4_V1.1.0, X-CUBE-AZRTOS-F7_V1.1.0, X-CUBE-AZRTOS-G0_V1.1.0, X-CUBE-AZRTOS-G4_V2.0.0, X-CUBE-AZRTOS-H7RS_V1.1.0, X-CUBE-AZRTOS-H7_V3.4.0, X-CUBE-AZRTOS-L4_V2.0.0, X-CUBE-AZRTOS-L5_V2.0.0, X-CUBE-AZRTOS-WB_V2.0.0, X-CUBE-AZRTOS-WL_V2.0.0, X-CUBE-BLE1_V7.1.0, X-CUBE-BLE2_V3.3.0, X-CUBE-BLEMGR_V4.1.0, X-CUBE-EEPRMA1_V5.2.0, X-CUBE-FREERTOS_V1.3.1, X-CUBE-GNSS1_V6.0.0, X-CUBE-MEMS1_V11.3.0, X-CUBE-NFC4_V3.0.0, X-CUBE-NFC7_V2.0.0, X-CUBE-SFXS2LP1_V4.0.0, X-CUBE-ST67W61_V1.0.0, X-CUBE-SUBG2_V5.0.0, X-CUBE-TOF1_V3.4.3]
2025-09-15 18:35:27,171 [INFO] DbBoardsSqlite:226 - include board P-NUCLEO-WB55-NUCLEO as a kit item of type 'Nucleo-64'
2025-09-15 18:35:27,172 [INFO] DbBoardsSqlite:226 - include board P-NUCLEO-WB55-USBDONGLE as a kit item of type 'Nucleo USB Dongle'
2025-09-15 18:35:27,173 [INFO] DbBoardsSqlite:226 - include board STEVAL-IDP005V1 as a kit item of type 'Evaluation Board'
2025-09-15 18:35:27,173 [INFO] DbBoardsSqlite:226 - include board STEVAL-IDP005V2 as a kit item of type 'Evaluation Board'
2025-09-15 18:35:27,208 [INFO] ApiDb:240 - Found 880 in-development CPN: [B-G473E-ZEST1S, B-WB1M-WPAN1, B-WBA5M-WPAN, B-WL5M-SUBG1, NUCLEO-C031C6, NUCLEO-C051C8, NUCLEO-C071RB, NUCLEO-C092RC, NUCLEO-H503RB, NUCLEO-H533RE, NUCLEO-H563ZI, NUCLEO-H7S3L8, NUCLEO-N657X0-Q, NUCLEO-U031R8, NUCLEO-U083RC, NUCLEO-U385RG-Q, NUCLEO-U545RE-Q, NUCLEO-U5A5ZJ-Q, NUCLEO-WB05KZ, NUCLEO-WB07CC, NUCLEO-WB09KE, NUCLEO-WBA52CG, NUCLEO-WBA55CG, NUCLEO-WL33CC1, NUCLEO-WL33CC2, STEVAL-PROTEUS1, STEVAL-SMARTAG2, STEVAL-STWINBX1, STM320518-EVAL, STM32C0116-DK, STM32C011D6Y3TR, STM32C011D6Y6TR, STM32C011F4P3, STM32C011F4P6, STM32C011F4U3, STM32C011F4U6TR, STM32C011F6P3, STM32C011F6P6, STM32C011F6U3, STM32C011F6U6TR, STM32C011J4M3, STM32C011J4M6, STM32C011J6M3, STM32C011J6M6, STM32C0316-DK, STM32C031C4T3, STM32C031C4T6, STM32C031C4U3, STM32C031C4U6, STM32C031C6T3, STM32C031C6T6, STM32C031C6U3, STM32C031C6U6, STM32C031F4P3, STM32C031F4P6, STM32C031F6P3, STM32C031F6P6, STM32C031G4U3, STM32C031G4U6, STM32C031G6U3, STM32C031G6U6, STM32C031K4T3, STM32C031K4T6, STM32C031K4U3, STM32C031K4U6, STM32C031K6T3, STM32C031K6T6, STM32C031K6U3, STM32C031K6U6, STM32C051C6T6, STM32C051C6U6, STM32C051C8T6, STM32C051C8U6, STM32C051D8Y6TR, STM32C051F6P6, STM32C051F8P6, STM32C051G6U6, STM32C051G8U6, STM32C051K6T6, STM32C051K6U6, STM32C051K8T6, STM32C071C8T6, STM32C071C8T6N, STM32C071C8U6, STM32C071C8U6N, STM32C071CBT6, STM32C071CBT6N, STM32C071CBU6, STM32C071CBU6N, STM32C071F8P6, STM32C071F8P6N, STM32C071FBP6, STM32C071FBP6N, STM32C071FBY6TR, STM32C071G8U6, STM32C071G8U6N, STM32C071GBU6, STM32C071GBU6N, STM32C071K8T6, STM32C071K8T6N, STM32C071K8U6, STM32C071K8U6N, STM32C071KBT6, STM32C071KBT6N, STM32C071KBU6, STM32C071KBU6N, STM32C071R8T6, STM32C071R8T6N, STM32C071RBI6N, STM32C071RBT6, STM32C071RBT6N, STM32C091CBT6, STM32C091CBU6, STM32C091CCT6, STM32C091CCU6, STM32C091ECY6TR, STM32C091FBP6, STM32C091FCP6, STM32C091GBU6, STM32C091GCU6, STM32C091KBT6, STM32C091KBU6, STM32C091KCT6, STM32C091KCU6, STM32C091RBT6, STM32C091RCI6, STM32C091RCT6, STM32C092CBT6, STM32C092CBU6, STM32C092CCT6, STM32C092CCU6, STM32C092ECY6TR, STM32C092FBP6, STM32C092FCP6, STM32C092GBU6, STM32C092GCU6, STM32C092KBT6, STM32C092KBU6, STM32C092KCT6, STM32C092KCU6, STM32C092RBT6, STM32C092RCI6, STM32C092RCT6, STM32G071K8TXN, STM32G071K8UXN, STM32G081GBU6N, STM32G081KBT6N, STM32G081KBUXN, STM32G0B1CCT6N, STM32G0B1KCT6, STM32G0B1NEY6TR, STM32G0B1RCT6N, STM32G0C1CCT6, STM32G0C1CCT6N, STM32G0C1CCU6N, STM32G0C1CET6N, STM32G0C1CEU6N, STM32G0C1KCT6, STM32G0C1NEY6TR, STM32G0C1RCI6N, STM32G0C1RCT6N, STM32G0C1REI6N, STM32G0C1RET6N, STM32G0C1VCI6, STM32G0C1VEI6, STM32G411C6T3, STM32G411C6T6, STM32G411C6U3, STM32G411C6U6, STM32G411C8T3, STM32G411C8T6, STM32G411C8U3, STM32G411C8U6, STM32G411CBT3, STM32G411CBT6, STM32G411CBU3, STM32G411CBU6, STM32G411K6T3, STM32G411K6T6, STM32G411K6U3, STM32G411K6U6, STM32G411K8T3, STM32G411K8T6, STM32G411K8U3, STM32G411K8U6, STM32G411KBT3, STM32G411KBT6, STM32G411KBU3, STM32G411KBU6, STM32G411M6T3, STM32G411M6T6, STM32G411M8T3, STM32G411M8T6, STM32G411MBT3, STM32G411MBT6, STM32G411R6T3, STM32G411R6T6, STM32G411R8T3, STM32G411R8T6, STM32G411RBT3, STM32G411RBT6, STM32G414CBT3, STM32G414CBT6, STM32G414CBU3, STM32G414CBU6, STM32G414CCT3, STM32G414CCT6, STM32G414CCU3, STM32G414CCU6, STM32G414MBT3, STM32G414MBT6, STM32G414MCT3, STM32G414MCT6, STM32G414RBT3, STM32G414RBT6, STM32G414RCT3, STM32G414RCT6, STM32G414VBT3, STM32G414VBT6, STM32G414VCT3, STM32G414VCT6, STM32G431CBT3Z, STM32G431RBT3Z, STM32G471CCT6, STM32G471CCU6, STM32G471CET3, STM32G471CET6, STM32G471CEU3, STM32G471CEU6, STM32G471MCT6, STM32G471MET3, STM32G471MET6, STM32G471MEY6TR, STM32G471QCT6, STM32G471QET3, STM32G471RCT6, STM32G471RET3, STM32G471RET6, STM32G471VCH6, STM32G471VCI6, STM32G471VCT6, STM32G471VEH3, STM32G471VEH6, STM32G471VEI3, STM32G471VEI6, STM32G471VET3, STM32G471VET6, STM32G473QET3Z, STM32G473RET3Z, STM32G474CCT6, STM32G491RET3Z, STM32H503CBT6, STM32H503CBU6, STM32H503EBY6TR, STM32H503KBU6, STM32H503RBT6, STM32H523CCT6, STM32H523CCU6, STM32H523CET6, STM32H523CEU6, STM32H523HEY6TR, STM32H523RCT6, STM32H523RET6, STM32H523VCI6, STM32H523VCT6, STM32H523VEI6, STM32H523VET6, STM32H523ZCJ6, STM32H523ZCT6, STM32H523ZEJ6, STM32H523ZET6, STM32H533CET6, STM32H533CEU6, STM32H533HEY6TR, STM32H533RET6, STM32H533VEI6, STM32H533VET6, STM32H533ZEJ6, STM32H533ZET6, STM32H562AGI6, STM32H562AII6, STM32H562IGK6, STM32H562IGT6, STM32H562IIK6, STM32H562IIT6, STM32H562RGT6, STM32H562RGV6, STM32H562RIT6, STM32H562RIV6, STM32H562VGT6, STM32H562VIT6, STM32H562ZGT6, STM32H562ZIT6, STM32H563AGI6, STM32H563AII3Q, STM32H563AII6, STM32H563IGK6, STM32H563IGT6, STM32H563IIK3Q, STM32H563IIK6, STM32H563IIT3Q, STM32H563IIT6, STM32H563MIY3QTR, STM32H563RGT6, STM32H563RGV6, STM32H563RIT6, STM32H563RIV6, STM32H563VGT6, STM32H563VIT3Q, STM32H563VIT6, STM32H563ZGT6, STM32H563ZIT3Q, STM32H563ZIT6, STM32H573AII3Q, STM32H573AII6, STM32H573I-DK, STM32H573IIK3Q, STM32H573IIK6, STM32H573IIT3Q, STM32H573IIT6, STM32H573MIY3QTR, STM32H573RIT6, STM32H573RIV6, STM32H573VIT3Q, STM32H573VIT6, STM32H573ZIT3Q, STM32H573ZIT6, STM32H7R3A8I6, STM32H7R3I8K6, STM32H7R3I8T6, STM32H7R3L8H6, STM32H7R3L8H6H, STM32H7R3R8V6, STM32H7R3V8H6, STM32H7R3V8T6, STM32H7R3V8Y6TR, STM32H7R3Z8J6, STM32H7R3Z8T6, STM32H7R7A8I6, STM32H7R7I8K6, STM32H7R7I8T6, STM32H7R7L8H6, STM32H7R7L8H6H, STM32H7R7Z8J6, STM32H7S3A8I6, STM32H7S3I8K6, STM32H7S3I8T6, STM32H7S3L8H6, STM32H7S3L8H6H, STM32H7S3R8V6, STM32H7S3V8H6, STM32H7S3V8T6, STM32H7S3V8Y6TR, STM32H7S3Z8J6, STM32H7S3Z8T6, STM32H7S78-DK, STM32H7S7A8I6, STM32H7S7I8K6, STM32H7S7I8T6, STM32H7S7L8H6, STM32H7S7L8H6H, STM32H7S7Z8J6, STM32L4R5QGI6STR, STM32MP131AAE3, STM32MP131AAF3, STM32MP131AAG3, STM32MP131CAE3, STM32MP131CAF3, STM32MP131CAG3, STM32MP131DAE7, STM32MP131DAF7, STM32MP131DAG7, STM32MP131FAE7, STM32MP131FAF7, STM32MP131FAG7, STM32MP133AAE3, STM32MP133AAF3, STM32MP133AAG3, STM32MP133CAE3, STM32MP133CAF3, STM32MP133CAG3, STM32MP133DAE7, STM32MP133DAF7, STM32MP133DAG7, STM32MP133FAE7, STM32MP133FAF7, STM32MP133FAG7, STM32MP135AAE3, STM32MP135AAF3, STM32MP135AAG3, STM32MP135CAE3, STM32MP135CAF3, STM32MP135CAG3, STM32MP135DAE7, STM32MP135DAF7, STM32MP135DAG7, STM32MP135F-DK, STM32MP135FAE7, STM32MP135FAF7, STM32MP135FAF7T, STM32MP135FAF7U, STM32MP135FAG7, STM32MP211AAL3, STM32MP211AAM3, STM32MP211AAN3, STM32MP211AAO3, STM32MP211CAL3, STM32MP211CAM3, STM32MP211CAN3, STM32MP211CAO3, STM32MP211DAL3, STM32MP211DAM3, STM32MP211DAN3, STM32MP211DAO3, STM32MP211FAL3, STM32MP211FAM3, STM32MP211FAN3, STM32MP211FAO3, STM32MP213AAL3, STM32MP213AAM3, STM32MP213AAN3, STM32MP213AAO3, STM32MP213CAL3, STM32MP213CAM3, STM32MP213CAN3, STM32MP213CAO3, STM32MP213DAL3, STM32MP213DAM3, STM32MP213DAN3, STM32MP213DAO3, STM32MP213FAL3, STM32MP213FAM3, STM32MP213FAN3, STM32MP213FAO3, STM32MP215AAL3, STM32MP215AAM3, STM32MP215AAN3, STM32MP215AAO3, STM32MP215CAL3, STM32MP215CAM3, STM32MP215CAN3, STM32MP215CAO3, STM32MP215DAL3, STM32MP215DAM3, STM32MP215DAN3, STM32MP215DAO3, STM32MP215F-DK, STM32MP215FAL3, STM32MP215FAM3, STM32MP215FAN3, STM32MP215FAO3, STM32MP231AAJ3, STM32MP231AAK3, STM32MP231AAL3, STM32MP231CAJ3, STM32MP231CAK3, STM32MP231CAL3, STM32MP231DAJ3, STM32MP231DAK3, STM32MP231DAL3, STM32MP231FAJ3, STM32MP231FAK3, STM32MP231FAL3, STM32MP233AAJ3, STM32MP233AAK3, STM32MP233AAL3, STM32MP233CAJ3, STM32MP233CAK3, STM32MP233CAL3, STM32MP233DAJ3, STM32MP233DAK3, STM32MP233DAL3, STM32MP233FAJ3, STM32MP233FAK3, STM32MP233FAL3, STM32MP235AAJ3, STM32MP235AAK3, STM32MP235AAL3, STM32MP235CAJ3, STM32MP235CAK3, STM32MP235CAL3, STM32MP235DAJ3, STM32MP235DAK3, STM32MP235DAL3, STM32MP235FAJ3, STM32MP235FAK3, STM32MP235FAL3, STM32MP251AAI3, STM32MP251AAK3, STM32MP251AAL3, STM32MP251CAI3, STM32MP251CAK3, STM32MP251CAL3, STM32MP251DAI3, STM32MP251DAK3, STM32MP251DAL3, STM32MP251FAI3, STM32MP251FAK3, STM32MP251FAL3, STM32MP253AAI3, STM32MP253AAK3, STM32MP253AAL3, STM32MP253CAI3, STM32MP253CAK3, STM32MP253CAL3, STM32MP253DAI3, STM32MP253DAK3, STM32MP253DAL3, STM32MP253FAI3, STM32MP253FAK3, STM32MP253FAL3, STM32MP255AAI3, STM32MP255AAK3, STM32MP255AAL3, STM32MP255CAI3, STM32MP255CAK3, STM32MP255CAL3, STM32MP255DAI3, STM32MP255DAK3, STM32MP255DAL3, STM32MP255FAI3, STM32MP255FAK3, STM32MP255FAL3, STM32MP257AAI3, STM32MP257AAK3, STM32MP257AAL3, STM32MP257CAI3, STM32MP257CAK3, STM32MP257CAL3, STM32MP257DAI3, STM32MP257DAK3, STM32MP257DAL3, STM32MP257F-DK, STM32MP257F-EV1, STM32MP257FAI3, STM32MP257FAK3, STM32MP257FAL3, STM32N645A0H3Q, STM32N645B0H3Q, STM32N645I0H3Q, STM32N645L0H3Q, STM32N645X0H3Q, STM32N645Z0H3Q, STM32N647A0H3Q, STM32N647B0H3Q, STM32N647I0H3Q, STM32N647L0H3Q, STM32N647X0H3Q, STM32N647Z0H3Q, STM32N655A0H3Q, STM32N655B0H3Q, STM32N655I0H3Q, STM32N655L0H3Q, STM32N655X0H3Q, STM32N655Z0H3Q, STM32N6570-DK, STM32N657A0H3Q, STM32N657B0H3Q, STM32N657I0H3Q, STM32N657L0H3Q, STM32N657X0H3Q, STM32N657Z0H3Q, STM32U031C6T6, STM32U031C6U6, STM32U031C8T6, STM32U031C8U6, STM32U031F4P6, STM32U031F6P6, STM32U031F8P6, STM32U031G6Y6TR, STM32U031G8Y6TR, STM32U031K4U6, STM32U031K6U6, STM32U031K8U6, STM32U031R6I6, STM32U031R6T6, STM32U031R8I6, STM32U031R8T6, STM32U073C8T6, STM32U073C8U6, STM32U073CBT6, STM32U073CBU6, STM32U073CCT6, STM32U073CCU6, STM32U073H8Y6TR, STM32U073HBY6TR, STM32U073HCY6TR, STM32U073K8U6, STM32U073KBU6, STM32U073KCU6, STM32U073M8I6, STM32U073M8T6, STM32U073MBI6, STM32U073MBT6, STM32U073MCI6, STM32U073MCT6, STM32U073R8I6, STM32U073R8T6, STM32U073RBI6, STM32U073RBT6, STM32U073RCI6, STM32U073RCT6, STM32U083C-DK, STM32U083CCT6, STM32U083CCU6, STM32U083HCY6TR, STM32U083KCU6, STM32U083MCI6, STM32U083MCT6, STM32U083RCI6, STM32U083RCT6, STM32U375CET6, STM32U375CET6Q, STM32U375CEU6, STM32U375CEU6Q, STM32U375CEY6QTR, STM32U375CGT6, STM32U375CGT6Q, STM32U375CGU6, STM32U375CGU6Q, STM32U375CGY6QTR, STM32U375KEU6, STM32U375KGU6, STM32U375REI6, STM32U375REI6Q, STM32U375RET6, STM32U375RET6Q, STM32U375REY6GTR, STM32U375REY6QTR, STM32U375RGI6, STM32U375RGI6Q, STM32U375RGT6, STM32U375RGT6Q, STM32U375RGY6GTR, STM32U375RGY6QTR, STM32U375VEI6, STM32U375VEI6Q, STM32U375VET6, STM32U375VET6Q, STM32U375VGI6, STM32U375VGI6Q, STM32U375VGT6, STM32U375VGT6Q, STM32U385CGT6, STM32U385CGT6Q, STM32U385CGU6, STM32U385CGU6Q, STM32U385CGY6QTR, STM32U385KGU6, STM32U385RGI6, STM32U385RGI6Q, STM32U385RGT6, STM32U385RGT6Q, STM32U385RGY6GTR, STM32U385RGY6QTR, STM32U385VGI6, STM32U385VGI6Q, STM32U385VGT6, STM32U385VGT6Q, STM32U535CBT6, STM32U535CBT6Q, STM32U535CBU6, STM32U535CBU6Q, STM32U535CCT6, STM32U535CCT6Q, STM32U535CCU6, STM32U535CCU6Q, STM32U535CET6, STM32U535CET6Q, STM32U535CEU6, STM32U535CEU6Q, STM32U535JEY6QTR, STM32U535NCY6QTR, STM32U535NEY6QTR, STM32U535RBI6, STM32U535RBI6Q, STM32U535RBT6, STM32U535RBT6Q, STM32U535RCI6, STM32U535RCI6Q, STM32U535RCT6, STM32U535RCT6Q, STM32U535REI6, STM32U535REI6Q, STM32U535RET6, STM32U535RET6Q, STM32U535VCI6, STM32U535VCI6Q, STM32U535VCT6, STM32U535VCT6Q, STM32U535VEI6, STM32U535VEI6Q, STM32U535VET6, STM32U535VET6Q, STM32U545CET6, STM32U545CET6Q, STM32U545CEU6, STM32U545CEU6Q, STM32U545JEY6QTR, STM32U545NEY6QTR, STM32U545REI6, STM32U545REI6Q, STM32U545RET6, STM32U545RET6Q, STM32U545VEI6, STM32U545VEI6Q, STM32U545VET6, STM32U545VET6Q, STM32U595AIH6, STM32U595AIH6Q, STM32U595AJH6, STM32U595AJH6Q, STM32U595QII6, STM32U595QII6Q, STM32U595QJI6, STM32U595QJI6Q, STM32U595RIT6, STM32U595RIT6Q, STM32U595RJT6, STM32U595RJT6Q, STM32U595VIT6, STM32U595VIT6Q, STM32U595VJT6, STM32U595VJT6Q, STM32U595ZIT6, STM32U595ZIT6Q, STM32U595ZIY6QTR, STM32U595ZJT6, STM32U595ZJT6Q, STM32U595ZJY6QTR, STM32U599BJY6QTR, STM32U599NIH6Q, STM32U599NJH6Q, STM32U599VIT6Q, STM32U599VJT6, STM32U599VJT6Q, STM32U599ZIT6Q, STM32U599ZIY6QTR, STM32U599ZJT6Q, STM32U599ZJY6QTR, STM32U5A5AJH6, STM32U5A5AJH6Q, STM32U5A5QII3Q , STM32U5A5QJI6, STM32U5A5QJI6Q, STM32U5A5RJT6, STM32U5A5RJT6Q, STM32U5A5VJT6, STM32U5A5VJT6Q, STM32U5A5ZJT6, STM32U5A5ZJT6Q, STM32U5A5ZJY6QTR, STM32U5A9BJY6QTR, STM32U5A9J-DK, STM32U5A9NJH6Q, STM32U5A9VJT6Q, STM32U5A9ZJT6Q, STM32U5A9ZJY6QTR, STM32U5F7VIT6, STM32U5F7VIT6Q, STM32U5F7VJT6, STM32U5F7VJT6Q, STM32U5F9BJY6QTR, STM32U5F9NJH6Q, STM32U5F9VIT6Q, STM32U5F9VJT6Q, STM32U5F9ZIJ6QTR, STM32U5F9ZIT6Q, STM32U5F9ZJJ6QTR, STM32U5F9ZJT6Q, STM32U5G7VJT6, STM32U5G7VJT6Q, STM32U5G9BJY6QTR, STM32U5G9J-DK1, STM32U5G9J-DK2, STM32U5G9NJH6Q, STM32U5G9VJT6Q, STM32U5G9ZJJ6QTR, STM32U5G9ZJT6Q, STM32WB05KZV6TR, STM32WB05KZV7TR, STM32WB05TZF6TR, STM32WB05TZF7TR, STM32WB06CCF6TR, STM32WB06CCF7TR, STM32WB06CCV6TR, STM32WB06CCV7TR, STM32WB06KCV6TR, STM32WB06KCV7TR, STM32WB07CCF6TR, STM32WB07CCF7TR, STM32WB07CCV6TR, STM32WB07CCV7TR, STM32WB07KCV6TR, STM32WB07KCV7TR, STM32WB09KEV6TR, STM32WB09KEV7TR, STM32WB09TEF6TR, STM32WB09TEF7TR, STM32WB1MMCH6, STM32WBA50KGU6, STM32WBA50KGU6TR, STM32WBA52CEU6, STM32WBA52CEU6TR, STM32WBA52CEU7, STM32WBA52CEU7TR, STM32WBA52CGU6, STM32WBA52CGU6TR, STM32WBA52CGU6U, STM32WBA52CGU7, STM32WBA52CGU7TR, STM32WBA52KEU6, STM32WBA52KEU6TR, STM32WBA52KGU6, STM32WBA52KGU6TR, STM32WBA54CEU6, STM32WBA54CEU6TR, STM32WBA54CEU7, STM32WBA54CEU7TR, STM32WBA54CGU6, STM32WBA54CGU6TR, STM32WBA54CGU7, STM32WBA54CGU7TR, STM32WBA54KEU6, STM32WBA54KEU6TR, STM32WBA54KEU7, STM32WBA54KEU7TR, STM32WBA54KGU6, STM32WBA54KGU6TR, STM32WBA54KGU7, STM32WBA54KGU7TR, STM32WBA55CEU6, STM32WBA55CEU6TR, STM32WBA55CEU7, STM32WBA55CEU7TR, STM32WBA55CGU6, STM32WBA55CGU6TR, STM32WBA55CGU6U, STM32WBA55CGU7, STM32WBA55CGU7TR, STM32WBA55G-DK1, STM32WBA55HEF6, STM32WBA55HEF7, STM32WBA55HGF6, STM32WBA55HGF7, STM32WBA55UEI6, STM32WBA55UEI6TR, STM32WBA55UEI7, STM32WBA55UEI7TR, STM32WBA55UGI6, STM32WBA55UGI6TR, STM32WBA55UGI7, STM32WBA55UGI7TR, STM32WBA5MMGH6TR, STM32WBA62MGF6, STM32WBA62MIF6, STM32WBA65MGF7, STM32WBA65MIF6, STM32WBA65MIF7, STM32WL30K8V6, STM32WL30KBV6, STM32WL31C8V6, STM32WL31CBV6, STM32WL31K8V6, STM32WL31KBV6, STM32WL33C8V6, STM32WL33C8V6X, STM32WL33CBV6, STM32WL33CBV6X, STM32WL33CCV6, STM32WL33CCV6A, STM32WL33CCV6X, STM32WL33K8V7, STM32WL33K8V7X, STM32WL33KBV7 , STM32WL33KBV7X, STM32WL33KCV7, STM32WL33KCV7X, STM32WL5MOCH6, STM32WL5MOCH6TR]
2025-09-15 18:35:27,357 [INFO] BoardInfo:889 - No configuration file found for board P-NUCLEO-WB55
2025-09-15 18:35:27,357 [INFO] DbBoards:161 - Kit is not supported: P-NUCLEO-WB55
2025-09-15 18:35:27,363 [INFO] BoardInfo:889 - No configuration file found for board STEVAL-BFA001V1B
2025-09-15 18:35:27,364 [INFO] DbBoards:161 - Kit is not supported: STEVAL-BFA001V1B
2025-09-15 18:35:27,365 [INFO] BoardInfo:889 - No configuration file found for board STEVAL-BFA001V2B
2025-09-15 18:35:27,366 [INFO] DbBoards:161 - Kit is not supported: STEVAL-BFA001V2B
2025-09-15 18:35:27,521 [INFO] DbBoards:168 - Found 212 boards, 209 are supported
2025-09-15 18:35:27,522 [INFO] DbBoards:169 - Found 212 boards, 43 of them is supported for  Bsp
2025-09-15 18:35:27,525 [INFO] ApiDb:423 - Load user favorites file /Users/sheen/.stm32cubeide/favorites.boards.txt: 0 item(s)
2025-09-15 18:35:27,525 [INFO] ApiDb:427 - User favorites Boards=[]
2025-09-15 18:35:27,525 [INFO] DbBoards:198 - Set 0 / 0 favorites Boards
2025-09-15 18:35:27,525 [INFO] McuFinderGlobals:76 - Set McuFinderConnectedMode to true
2025-09-15 18:35:27,541 [INFO] MultiScanPanel:200 - Auto-refresh data requested => check proxy status ongoing
2025-09-15 18:35:27,546 [INFO] FinderPluginLoader:96 - Searching for filters in installed packs
2025-09-15 18:35:29,336 [INFO] LoadUrlFilesThread:185 - End of LoadServerUrlFiles without Thread
2025-09-15 18:35:29,407 [INFO] DetailPanel:341 - Set advertising image to /Users/sheen/STM32Cube/Repository//en.2400x1350px.jpeg
2025-09-15 18:35:39,542 [INFO] MultiScanPanel:200 - Auto-refresh data requested => check proxy status ongoing
2025-09-15 18:35:39,729 [INFO] LoadUrlFilesThread:185 - End of LoadServerUrlFiles without Thread
2025-09-15 18:35:39,730 [INFO] DetailPanel:341 - Set advertising image to /Users/sheen/STM32Cube/Repository//en.2400x1350px.jpeg
2025-09-15 18:35:39,763 [INFO] DbBoards:642 - Loading board mini-images...
2025-09-15 18:35:42,902 [ERROR] DbBoards:659 - Image file not found for board STM32MP215F-DK: /Users/sheen/.stmcufinder/plugins/mcufinder//mcu//boards_images/STM32MP215F-DK.jpg
2025-09-15 18:35:42,992 [INFO] DbBoards:665 - Loaded 211 board mini-images
2025-09-15 18:35:51,208 [INFO] McuFinderGlobals:76 - Set McuFinderConnectedMode to true
2025-09-15 18:35:51,213 [INFO] ApiDb:448 - Save user favorites file /Users/sheen/.stm32cubeide/favorites.mcus.txt: 0 item(s)
2025-09-15 18:35:51,214 [INFO] ApiDb:452 - User favorites MCUs=[]
2025-09-15 18:35:51,222 [INFO] ApiDb:448 - Save user favorites file /Users/sheen/.stm32cubeide/favorites.boards.txt: 0 item(s)
2025-09-15 18:35:51,222 [INFO] ApiDb:452 - User favorites Boards=[]
2025-09-15 18:58:26,005 [INFO] MainUpdater:2872 - connection check result : 10
2025-09-15 18:58:26,267 [INFO] McuFinderGlobals:76 - Set McuFinderConnectedMode to true
2025-09-15 18:58:26,278 [INFO] MultiScanPanel:200 - Auto-refresh data requested => check proxy status ongoing
2025-09-15 18:58:26,281 [INFO] FinderPluginLoader:96 - Searching for filters in installed packs
2025-09-15 18:58:27,160 [INFO] LoadUrlFilesThread:185 - End of LoadServerUrlFiles without Thread
2025-09-15 18:58:27,161 [INFO] DetailPanel:341 - Set advertising image to /Users/sheen/STM32Cube/Repository//en.2400x1350px.jpeg
2025-09-15 18:58:30,283 [INFO] McuFinderGlobals:76 - Set McuFinderConnectedMode to true
2025-09-15 18:58:30,832 [INFO] ApiDb:448 - Save user favorites file /Users/sheen/.stm32cubeide/favorites.mcus.txt: 0 item(s)
2025-09-15 18:58:30,833 [INFO] ApiDb:452 - User favorites MCUs=[]
2025-09-15 19:02:27,517 [ERROR] LogOutputStream:75 - [STDERR_REDIRECT] 
2025-09-15 19:02:41,748 [INFO] Activator:176 - 


2025-09-15 19:02:41,750 [INFO] Activator:177 - !SESSION log4j initialized
2025-09-15 19:02:45,920 [INFO] LogOutputStream:77 - [STDOUT_REDIRECT] 
2025-09-15 19:02:47,359 [ERROR] LogOutputStream:75 - [STDERR_REDIRECT] 
2025-09-15 19:02:49,583 [INFO] LogOutputStream:77 - [STDOUT_REDIRECT] 
2025-09-15 19:02:51,177 [INFO] ApplicationProperties:184 - Using Application install path: /Applications/STM32CubeIDE.app/Contents/Eclipse/plugins/com.st.stm32cube.common.mx_6.15.0.202507011659
2025-09-15 19:02:51,191 [INFO] DbMcusXml:78 - Set database path to: /Applications/STM32CubeIDE.app/Contents/Eclipse/plugins/com.st.stm32cube.common.mx_6.15.0.202507011659//db//mcu/
2025-09-15 19:02:51,192 [INFO] ApiDb:274 - Set plugin database path to: /Applications/STM32CubeIDE.app/Contents/Eclipse/plugins/com.st.stm32cube.common.mx_6.15.0.202507011659//db//plugins/boardmanager/
2025-09-15 19:02:51,192 [WARN] ApiDb:259 - Overriding images path with different value:  => /Applications/STM32CubeIDE.app/Contents/Eclipse/plugins/com.st.stm32cube.common.mx_6.15.0.202507011659//db//plugins/mcufinder/images/
2025-09-15 19:02:51,198 [INFO] ApiDb:250 - Set database path to: /Users/sheen/.stmcufinder/plugins/mcufinder//mcu/
2025-09-15 19:02:51,198 [INFO] DbMcusAds:125 - Set database path to: /Users/sheen/.stmcufinder/plugins/mcufinder//mcu/
2025-09-15 19:02:51,200 [INFO] CrossReferenceDbSqlite:203 - Set database path to: /Users/sheen/.stmcufinder/plugins/mcufinder//mcu/cs/
2025-09-15 19:02:51,328 [INFO] RulesReader:64 - Compatibility file has been processed (317 Rules)
2025-09-15 19:02:51,380 [INFO] DbMcusXml:78 - Set database path to: /Applications/STM32CubeIDE.app/Contents/Eclipse/plugins/com.st.stm32cube.common.mx_6.15.0.202507011659//db//mcu/
2025-09-15 19:02:51,380 [INFO] ApiDb:274 - Set plugin database path to: /Applications/STM32CubeIDE.app/Contents/Eclipse/plugins/com.st.stm32cube.common.mx_6.15.0.202507011659//db//plugins/boardmanager/
2025-09-15 19:02:51,381 [INFO] ApiDb:261 - Set plugin images path to: /Applications/STM32CubeIDE.app/Contents/Eclipse/plugins/com.st.stm32cube.common.mx_6.15.0.202507011659//db//plugins/mcufinder/images/
2025-09-15 19:02:51,382 [WARN] DbFile:41 - Overriding database path with different value: /Users/sheen/.stmcufinder/plugins/mcufinder/ => /Users/sheen/.stmcufinder/plugins/mcufinder
2025-09-15 19:02:51,382 [INFO] ApiDb:250 - Set database path to: /Users/sheen/.stmcufinder/plugins/mcufinder//mcu/
2025-09-15 19:02:51,382 [WARN] DbFile:41 - Overriding database path with different value: /Users/sheen/.stmcufinder/plugins/mcufinder/ => /Users/sheen/.stmcufinder/plugins/mcufinder
2025-09-15 19:02:51,382 [INFO] DbMcusAds:125 - Set database path to: /Users/sheen/.stmcufinder/plugins/mcufinder//mcu/
2025-09-15 19:02:51,382 [WARN] DbFile:41 - Overriding database path with different value: /Users/sheen/.stmcufinder/plugins/mcufinder/ => /Users/sheen/.stmcufinder/plugins/mcufinder
2025-09-15 19:02:51,382 [WARN] DbFile:41 - Overriding database path with different value: /Users/sheen/.stmcufinder/plugins/mcufinder/ => /Users/sheen/.stmcufinder/plugins/mcufinder
2025-09-15 19:02:51,382 [INFO] CrossReferenceDbSqlite:203 - Set database path to: /Users/sheen/.stmcufinder/plugins/mcufinder//mcu/cs/
2025-09-15 19:02:51,449 [INFO] MainPanel:274 - HeapMemory: 268435456
2025-09-15 19:02:52,090 [INFO] DbMcusXml:78 - Set database path to: /Applications/STM32CubeIDE.app/Contents/Eclipse/plugins/com.st.stm32cube.common.mx_6.15.0.202507011659//db//mcu/
2025-09-15 19:02:52,090 [INFO] ApiDb:274 - Set plugin database path to: /Applications/STM32CubeIDE.app/Contents/Eclipse/plugins/com.st.stm32cube.common.mx_6.15.0.202507011659//db//plugins/boardmanager/
2025-09-15 19:02:52,091 [INFO] ApiDb:261 - Set plugin images path to: /Applications/STM32CubeIDE.app/Contents/Eclipse/plugins/com.st.stm32cube.common.mx_6.15.0.202507011659//db//plugins/mcufinder/images/
2025-09-15 19:02:52,091 [WARN] DbFile:41 - Overriding database path with different value: /Users/sheen/.stmcufinder/plugins/mcufinder/ => /Users/sheen/.stmcufinder/plugins/mcufinder
2025-09-15 19:02:52,092 [INFO] ApiDb:250 - Set database path to: /Users/sheen/.stmcufinder/plugins/mcufinder//mcu/
2025-09-15 19:02:52,092 [WARN] DbFile:41 - Overriding database path with different value: /Users/sheen/.stmcufinder/plugins/mcufinder/ => /Users/sheen/.stmcufinder/plugins/mcufinder
2025-09-15 19:02:52,092 [INFO] DbMcusAds:125 - Set database path to: /Users/sheen/.stmcufinder/plugins/mcufinder//mcu/
2025-09-15 19:02:52,092 [WARN] DbFile:41 - Overriding database path with different value: /Users/sheen/.stmcufinder/plugins/mcufinder/ => /Users/sheen/.stmcufinder/plugins/mcufinder
2025-09-15 19:02:52,092 [WARN] DbFile:41 - Overriding database path with different value: /Users/sheen/.stmcufinder/plugins/mcufinder/ => /Users/sheen/.stmcufinder/plugins/mcufinder
2025-09-15 19:02:52,092 [INFO] CrossReferenceDbSqlite:203 - Set database path to: /Users/sheen/.stmcufinder/plugins/mcufinder//mcu/cs/
2025-09-15 19:02:52,110 [INFO] ApplicationProperties:184 - Using Application install path: /Applications/STM32CubeIDE.app/Contents/Eclipse/plugins/com.st.stm32cube.common.mx_6.15.0.202507011659
2025-09-15 19:02:52,111 [INFO] PluginManage:196 - Search for loadable plugins [exclusion list=, ]
2025-09-15 19:02:52,113 [INFO] PluginManage:310 - Check plugin analytics
2025-09-15 19:02:52,296 [INFO] AnalyticsPlugin:253 - Accepted Software Licenses: 
2025-09-15 19:02:52,296 [INFO] AnalyticsPlugin:255 - Accepted CMSIS Pack Licenses: 
2025-09-15 19:02:52,296 [INFO] AnalyticsPlugin:257 - Accepted Firmware Licenses: 
2025-09-15 19:02:52,317 [INFO] PluginManage:359 - Loaded plugin analytics (category:tool,tabindex:-1)
2025-09-15 19:02:52,319 [INFO] PluginManage:310 - Check plugin cadmodel
2025-09-15 19:02:52,339 [INFO] CADModel:105 - Init CAD model plugin
2025-09-15 19:02:52,339 [INFO] PluginManage:359 - Loaded plugin cadmodel (category:power,tabindex:5)
2025-09-15 19:02:52,340 [INFO] PluginManage:310 - Check plugin clock
2025-09-15 19:02:52,349 [INFO] PluginManage:359 - Loaded plugin clock (category:base,tabindex:2)
2025-09-15 19:02:52,349 [INFO] PluginManage:310 - Check plugin ddr
2025-09-15 19:02:52,351 [INFO] PluginManage:359 - Loaded plugin ddr (category:tool,tabindex:6)
2025-09-15 19:02:52,351 [INFO] PluginManage:310 - Check plugin filemanager
2025-09-15 19:02:52,509 [INFO] PluginManage:359 - Loaded plugin filemanager (category:base,tabindex:10)
2025-09-15 19:02:52,509 [INFO] PluginManage:310 - Check plugin ipmanager
2025-09-15 19:02:52,517 [INFO] PluginManage:359 - Loaded plugin ipmanager (category:base,tabindex:5)
2025-09-15 19:02:52,517 [INFO] PluginManage:310 - Check plugin lpbam
2025-09-15 19:02:52,529 [INFO] PluginManage:359 - Loaded plugin lpbam (category:base,tabindex:0)
2025-09-15 19:02:52,529 [INFO] PluginManage:310 - Check plugin memorymap
2025-09-15 19:02:52,543 [INFO] PluginManage:359 - Loaded plugin memorymap (category:base,tabindex:4)
2025-09-15 19:02:52,543 [INFO] PluginManage:310 - Check plugin pinoutandconfiguration
2025-09-15 19:02:52,550 [INFO] PluginManage:359 - Loaded plugin pinoutandconfiguration (category:base,tabindex:1)
2025-09-15 19:02:52,551 [INFO] PluginManage:310 - Check plugin pinoutconfig
2025-09-15 19:02:52,648 [WARN] SupportedApi:132 - Cannot load RTOS API schema: s4s-elt-must-match.1: The content of 'definitions' must match (annotation?, (simpleType | complexType)?, (unique | key | keyref)*)). A problem was found starting at: attribute.
2025-09-15 19:02:53,037 [INFO] PluginManage:359 - Loaded plugin pinoutconfig (category:base,tabindex:0)
2025-09-15 19:02:53,037 [INFO] PluginManage:310 - Check plugin power
2025-09-15 19:02:53,060 [INFO] PluginManage:359 - Loaded plugin power (category:power,tabindex:4)
2025-09-15 19:02:53,060 [INFO] PluginManage:310 - Check plugin projectmanager
2025-09-15 19:02:53,106 [INFO] PluginManage:359 - Loaded plugin projectmanager (category:projectmanager,tabindex:4)
2025-09-15 19:02:53,106 [INFO] PluginManage:310 - Check plugin rif
2025-09-15 19:02:53,115 [INFO] PluginManage:359 - Loaded plugin rif (category:base,tabindex:3)
2025-09-15 19:02:53,115 [INFO] PluginManage:310 - Check plugin thirdparty
2025-09-15 19:02:53,259 [INFO] PluginManage:359 - Loaded plugin thirdparty (category:base,tabindex:-1)
2025-09-15 19:02:53,259 [INFO] PluginManage:310 - Check plugin tools
2025-09-15 19:02:53,259 [WARN] IntegrityCheckThread:84 - waiting for thirdparty lock release [integrity check]
2025-09-15 19:02:53,259 [INFO] IntegrityCheckThread:86 - entering critical section [integrity check]
2025-09-15 19:02:53,259 [INFO] ThirdPartyUpdaterWithRetryManager:70 - Updater plugin not ready yet. [1/15]
2025-09-15 19:02:53,262 [INFO] PluginManage:359 - Loaded plugin tools (category:base,tabindex:7)
2025-09-15 19:02:53,262 [INFO] PluginManage:310 - Check plugin tutovideos
2025-09-15 19:02:53,421 [INFO] PluginManage:359 - Loaded plugin tutovideos (category:base,tabindex:-1)
2025-09-15 19:02:53,421 [INFO] PluginManage:310 - Check plugin updater
2025-09-15 19:02:53,449 [INFO] PluginManage:359 - Loaded plugin updater (category:base,tabindex:12)
2025-09-15 19:02:53,449 [INFO] PluginManage:310 - Check plugin userauth
2025-09-15 19:02:53,453 [INFO] UserAuth:118 - Init User Auth plugin
2025-09-15 19:02:53,453 [INFO] PluginManage:359 - Loaded plugin userauth (category:base,tabindex:14)
2025-09-15 19:02:53,454 [INFO] PluginManage:283 - PluginManage : Loaded plugins [18]
2025-09-15 19:02:53,653 [INFO] PinOutPanel:1589 - setPackage(No Configuration,No Configuration)
2025-09-15 19:02:53,728 [INFO] CADModel:165 - CPN selected for project level
2025-09-15 19:02:53,729 [INFO] CADModel:114 - Register for checkConnection events
2025-09-15 19:02:53,738 [INFO] IPUIPlugin:80 - create IPUIPlugin
2025-09-15 19:02:53,738 [INFO] PluginManager:220 - loadIPPluginJar : add mdma
2025-09-15 19:02:53,743 [INFO] IPUIPlugin:80 - create IPUIPlugin
2025-09-15 19:02:53,744 [INFO] PluginManager:220 - loadIPPluginJar : add freertos
2025-09-15 19:02:53,747 [INFO] IPUIPlugin:80 - create IPUIPlugin
2025-09-15 19:02:53,747 [INFO] PluginManager:220 - loadIPPluginJar : add gic
2025-09-15 19:02:53,754 [INFO] IPUIPlugin:80 - create IPUIPlugin
2025-09-15 19:02:53,754 [INFO] PluginManager:220 - loadIPPluginJar : add adc
2025-09-15 19:02:53,755 [INFO] IPUIPlugin:80 - create IPUIPlugin
2025-09-15 19:02:53,755 [INFO] PluginManager:220 - loadIPPluginJar : add gtzc
2025-09-15 19:02:53,756 [INFO] IPUIPlugin:80 - create IPUIPlugin
2025-09-15 19:02:53,756 [INFO] PluginManager:220 - loadIPPluginJar : add quadspi
2025-09-15 19:02:53,757 [INFO] IPUIPlugin:80 - create IPUIPlugin
2025-09-15 19:02:53,757 [INFO] PluginManager:220 - loadIPPluginJar : add aes
2025-09-15 19:02:53,758 [INFO] IPUIPlugin:80 - create IPUIPlugin
2025-09-15 19:02:53,758 [INFO] PluginManager:220 - loadIPPluginJar : add pdm2pcm
2025-09-15 19:02:53,759 [INFO] IPUIPlugin:80 - create IPUIPlugin
2025-09-15 19:02:53,759 [INFO] PluginManager:220 - loadIPPluginJar : add hash
2025-09-15 19:02:53,760 [INFO] IPUIPlugin:80 - create IPUIPlugin
2025-09-15 19:02:53,760 [INFO] PluginManager:220 - loadIPPluginJar : add tim
2025-09-15 19:02:53,760 [INFO] IPUIPlugin:80 - create IPUIPlugin
2025-09-15 19:02:53,761 [INFO] PluginManager:220 - loadIPPluginJar : add tsc
2025-09-15 19:02:53,762 [INFO] IPUIPlugin:80 - create IPUIPlugin
2025-09-15 19:02:53,763 [INFO] PluginManager:220 - loadIPPluginJar : add extmemmanager
2025-09-15 19:02:53,764 [INFO] IPUIPlugin:80 - create IPUIPlugin
2025-09-15 19:02:53,764 [INFO] PluginManager:220 - loadIPPluginJar : add ts
2025-09-15 19:02:53,765 [INFO] IPUIPlugin:80 - create IPUIPlugin
2025-09-15 19:02:53,765 [INFO] PluginManager:220 - loadIPPluginJar : add radio
2025-09-15 19:02:53,766 [INFO] IPUIPlugin:80 - create IPUIPlugin
2025-09-15 19:02:53,766 [INFO] PluginManager:220 - loadIPPluginJar : add can
2025-09-15 19:02:53,767 [INFO] IPUIPlugin:80 - create IPUIPlugin
2025-09-15 19:02:53,767 [INFO] PluginManager:220 - loadIPPluginJar : add dma3
2025-09-15 19:02:53,768 [INFO] IPUIPlugin:80 - create IPUIPlugin
2025-09-15 19:02:53,768 [INFO] PluginManager:220 - loadIPPluginJar : add dfsdm
2025-09-15 19:02:53,769 [INFO] IPUIPlugin:80 - create IPUIPlugin
2025-09-15 19:02:53,769 [INFO] PluginManager:220 - loadIPPluginJar : add spi
2025-09-15 19:02:53,770 [INFO] IPUIPlugin:80 - create IPUIPlugin
2025-09-15 19:02:53,771 [INFO] PluginManager:220 - loadIPPluginJar : add gfxmmu
2025-09-15 19:02:53,772 [INFO] IPUIPlugin:80 - create IPUIPlugin
2025-09-15 19:02:53,772 [INFO] PluginManager:220 - loadIPPluginJar : add genericplugin
2025-09-15 19:02:53,773 [INFO] IPUIPlugin:80 - create IPUIPlugin
2025-09-15 19:02:53,773 [INFO] PluginManager:220 - loadIPPluginJar : add cryp
2025-09-15 19:02:53,775 [INFO] IPUIPlugin:80 - create IPUIPlugin
2025-09-15 19:02:53,776 [INFO] PluginManager:220 - loadIPPluginJar : add gpio
2025-09-15 19:02:53,777 [INFO] IPUIPlugin:80 - create IPUIPlugin
2025-09-15 19:02:53,778 [INFO] PluginManager:220 - loadIPPluginJar : add ddr_ctrl_phy
2025-09-15 19:02:53,779 [INFO] IPUIPlugin:80 - create IPUIPlugin
2025-09-15 19:02:53,779 [INFO] PluginManager:220 - loadIPPluginJar : add comp
2025-09-15 19:02:53,780 [INFO] IPUIPlugin:80 - create IPUIPlugin
2025-09-15 19:02:53,781 [INFO] PluginManager:220 - loadIPPluginJar : add tracer_emb
2025-09-15 19:02:53,783 [INFO] IPUIPlugin:80 - create IPUIPlugin
2025-09-15 19:02:53,783 [INFO] PluginManager:220 - loadIPPluginJar : add openamp
2025-09-15 19:02:53,788 [INFO] IPUIPlugin:80 - create IPUIPlugin
2025-09-15 19:02:53,788 [INFO] PluginManager:220 - loadIPPluginJar : add stm32_wpan
2025-09-15 19:02:53,792 [INFO] IPUIPlugin:80 - create IPUIPlugin
2025-09-15 19:02:53,794 [INFO] PluginManager:220 - loadIPPluginJar : add plateformsettings
2025-09-15 19:02:53,797 [INFO] IPUIPlugin:80 - create IPUIPlugin
2025-09-15 19:02:53,797 [INFO] PluginManager:220 - loadIPPluginJar : add ipddr
2025-09-15 19:02:53,798 [INFO] IPUIPlugin:80 - create IPUIPlugin
2025-09-15 19:02:53,798 [INFO] PluginManager:220 - loadIPPluginJar : add usart
2025-09-15 19:02:53,799 [INFO] IPUIPlugin:80 - create IPUIPlugin
2025-09-15 19:02:53,799 [INFO] PluginManager:220 - loadIPPluginJar : add ltdc
2025-09-15 19:02:53,800 [INFO] IPUIPlugin:80 - create IPUIPlugin
2025-09-15 19:02:53,800 [INFO] PluginManager:220 - loadIPPluginJar : add nvic
2025-09-15 19:02:53,801 [INFO] IPUIPlugin:80 - create IPUIPlugin
2025-09-15 19:02:53,801 [INFO] PluginManager:220 - loadIPPluginJar : add fatfs
2025-09-15 19:02:53,806 [INFO] IPUIPlugin:80 - create IPUIPlugin
2025-09-15 19:02:53,806 [INFO] PluginManager:220 - loadIPPluginJar : add linkedlist
2025-09-15 19:02:53,810 [INFO] IPUIPlugin:80 - create IPUIPlugin
2025-09-15 19:02:53,810 [INFO] PluginManager:220 - loadIPPluginJar : add dma
2025-09-15 19:02:53,812 [INFO] IPUIPlugin:80 - create IPUIPlugin
2025-09-15 19:02:53,812 [INFO] PluginManager:220 - loadIPPluginJar : add fmc
2025-09-15 19:02:53,813 [INFO] IPUIPlugin:80 - create IPUIPlugin
2025-09-15 19:02:53,813 [INFO] PluginManager:220 - loadIPPluginJar : add i2s
2025-09-15 19:02:53,814 [INFO] IPUIPlugin:80 - create IPUIPlugin
2025-09-15 19:02:53,814 [INFO] PluginManager:220 - loadIPPluginJar : add ucpd
2025-09-15 19:02:53,815 [INFO] IPUIPlugin:80 - create IPUIPlugin
2025-09-15 19:02:53,815 [INFO] PluginManager:220 - loadIPPluginJar : add lorawan
2025-09-15 19:02:53,816 [INFO] IPUIPlugin:80 - create IPUIPlugin
2025-09-15 19:02:53,816 [INFO] PluginManager:220 - loadIPPluginJar : add opamp
2025-09-15 19:02:53,818 [INFO] IPUIPlugin:80 - create IPUIPlugin
2025-09-15 19:02:53,818 [INFO] PluginManager:220 - loadIPPluginJar : add i3c
2025-09-15 19:02:53,820 [INFO] IPUIPlugin:80 - create IPUIPlugin
2025-09-15 19:02:53,820 [INFO] PluginManager:220 - loadIPPluginJar : add touchsensing
2025-09-15 19:02:53,822 [INFO] IPUIPlugin:80 - create IPUIPlugin
2025-09-15 19:02:53,822 [INFO] PluginManager:220 - loadIPPluginJar : add i2c
2025-09-15 19:02:53,824 [INFO] IPUIPlugin:80 - create IPUIPlugin
2025-09-15 19:02:53,824 [INFO] PluginManager:220 - loadIPPluginJar : add resmgrutility
2025-09-15 19:02:53,825 [INFO] IPUIPlugin:80 - create IPUIPlugin
2025-09-15 19:02:53,825 [INFO] PluginManager:220 - loadIPPluginJar : add sai
2025-09-15 19:02:53,827 [INFO] IPUIPlugin:80 - create IPUIPlugin
2025-09-15 19:02:53,827 [INFO] PluginManager:220 - loadIPPluginJar : add usbx
2025-09-15 19:02:53,941 [FATAL] Updater:351 - Updater called before beeing initialized
2025-09-15 19:02:53,983 [INFO] RulesReader:64 - Compatibility file has been processed (317 Rules)
2025-09-15 19:02:53,995 [INFO] RulesReader:64 - Compatibility file has been processed (317 Rules)
2025-09-15 19:02:54,002 [INFO] CADModel:165 - CPN selected for project level
2025-09-15 19:02:54,003 [INFO] CADModel:114 - Register for checkConnection events
2025-09-15 19:02:54,003 [FATAL] Updater:351 - Updater called before beeing initialized
2025-09-15 19:02:54,003 [ERROR] CADModel:125 - Updater not yet initialized, retry later 
2025-09-15 19:02:54,238 [FATAL] Updater:351 - Updater called before beeing initialized
2025-09-15 19:02:54,240 [INFO] CADModel:165 - CPN selected for project level
2025-09-15 19:02:54,240 [INFO] CADModel:114 - Register for checkConnection events
2025-09-15 19:02:54,241 [FATAL] Updater:351 - Updater called before beeing initialized
2025-09-15 19:02:54,241 [ERROR] CADModel:125 - Updater not yet initialized, retry later 
2025-09-15 19:02:54,243 [FATAL] Updater:351 - Updater called before beeing initialized
2025-09-15 19:02:54,401 [FATAL] Updater:351 - Updater called before beeing initialized
2025-09-15 19:02:54,406 [INFO] DbMcusAds:53 - JSON generation date=Tue Jul 08 01:14:23 PDT 2025 (1751962463582)
2025-09-15 19:02:54,406 [FATAL] Updater:351 - Updater called before beeing initialized
2025-09-15 19:02:54,459 [WARN] DetailPanel:346 - Failed to get advertising image, set to default
2025-09-15 19:02:54,535 [FATAL] Updater:351 - Updater called before beeing initialized
2025-09-15 19:02:54,537 [FATAL] Updater:351 - Updater called before beeing initialized
2025-09-15 19:02:54,538 [FATAL] Updater:351 - Updater called before beeing initialized
2025-09-15 19:02:54,538 [WARN] DetailPanel:346 - Failed to get advertising image, set to default
2025-09-15 19:02:54,539 [FATAL] Updater:351 - Updater called before beeing initialized
2025-09-15 19:02:54,595 [ERROR] Updater:1198 - MainUpdater not yet initialized. External WinMGr cannot be set.
2025-09-15 19:02:54,599 [INFO] Updater:1134 - Updater Version found : 6.15.0
2025-09-15 19:02:54,613 [INFO] ApplicationProperties:184 - Using Application install path: /Applications/STM32CubeIDE.app/Contents/Eclipse/plugins/com.st.stm32cube.common.mx_6.15.0.202507011659
2025-09-15 19:02:54,993 [INFO] MainUpdater:2872 - connection check result : 10
2025-09-15 19:02:54,995 [INFO] MainUpdater:289 - Updater Check For Update Now.
2025-09-15 19:02:54,995 [INFO] MicroXplorer:498 - Change Database Version : DB.6.0.150
2025-09-15 19:02:55,005 [INFO] McuFinderGlobals:63 - Set McuFinder mode to 2 (CubeIDE integrated)
2025-09-15 19:02:55,005 [INFO] UserAuth:171 - activating auth plugin
2025-09-15 19:02:55,023 [INFO] UserAuth:487 - Internet connection configuration mode: 1
2025-09-15 19:02:55,041 [INFO] JxBrowserEngine:152 - Initiate JxBrowser Engine with user profile folder
2025-09-15 19:02:55,273 [INFO] CheckServerUpdateThread:120 - End of CheckServer Thread
2025-09-15 19:02:56,434 [WARN] PackLoader:240 - Cannot read IP mode file for STMicroelectronics.FP-SNS-MOTENVWB1.1.4.0
2025-09-15 19:02:56,451 [WARN] PackLoader:240 - Cannot read IP mode file for STMicroelectronics.FP-ATR-ASTRA1.2.0.2
2025-09-15 19:02:56,463 [WARN] PackLoader:240 - Cannot read IP mode file for STMicroelectronics.X-CUBE-SMBUS.2.1.0
2025-09-15 19:02:56,469 [WARN] PackLoader:240 - Cannot read IP mode file for STMicroelectronics.X-CUBE-ST60.1.0.0
2025-09-15 19:02:56,518 [WARN] PackLoader:240 - Cannot read IP mode file for STMicroelectronics.X-CUBE-AZRTOS-F7.1.1.0
2025-09-15 19:02:56,591 [WARN] PackLoader:240 - Cannot read IP mode file for Infineon.AIROC-Wi-Fi-Bluetooth-STM32.1.7.1
2025-09-15 19:02:56,982 [WARN] PackLoader:240 - Cannot read IP mode file for STMicroelectronics.X-CUBE-AZRTOS-H7.3.4.0
2025-09-15 19:02:57,057 [WARN] PackLoader:240 - Cannot read IP mode file for STMicroelectronics.X-CUBE-DISPLAY.3.0.0
2025-09-15 19:02:57,150 [WARN] PackLoader:240 - Cannot read IP mode file for STMicroelectronics.X-CUBE-NFC10.1.0.0
2025-09-15 19:02:57,167 [WARN] PackLoader:240 - Cannot read IP mode file for emotas.I-CUBE-CANOPEN.1.3.0
2025-09-15 19:02:57,189 [WARN] PackLoader:240 - Cannot read IP mode file for STMicroelectronics.FP-SNS-STBOX1.2.1.0
2025-09-15 19:02:57,207 [WARN] PackLoader:240 - Cannot read IP mode file for STMicroelectronics.FP-SNS-SMARTAG2.1.2.0
2025-09-15 19:02:57,252 [WARN] PackLoader:240 - Cannot read IP mode file for STMicroelectronics.FP-SNS-FLIGHT1.5.1.0
2025-09-15 19:02:57,297 [INFO] LogOutputStream:77 - [STDOUT_REDIRECT] 1 : Invalid condition id : UX_CORESTACK_Condition cause : null
2025-09-15 19:02:57,299 [INFO] LogOutputStream:77 - [STDOUT_REDIRECT] 1 : Invalid condition id : UX_CORESTACK_Condition cause : null
2025-09-15 19:02:57,300 [INFO] LogOutputStream:77 - [STDOUT_REDIRECT] 1 : Invalid condition id : UX_CORESTACK_Condition cause : null
2025-09-15 19:02:57,300 [INFO] LogOutputStream:77 - [STDOUT_REDIRECT] 1 : Invalid condition id : UX_CORESTACK_Condition cause : null
2025-09-15 19:02:57,300 [INFO] LogOutputStream:77 - [STDOUT_REDIRECT] 1 : Invalid condition id : UX_CORESTACK_Condition cause : null
2025-09-15 19:02:57,308 [WARN] PackLoader:240 - Cannot read IP mode file for STMicroelectronics.X-CUBE-AZRTOS-WL.2.0.0
2025-09-15 19:02:57,318 [WARN] PackLoader:240 - Cannot read IP mode file for STMicroelectronics.FP-SNS-MOTENV1.5.0.0
2025-09-15 19:02:57,333 [WARN] PackLoader:240 - Cannot read IP mode file for WES.I-CUBE-Cesium.1.3.0
2025-09-15 19:02:57,340 [WARN] PackLoader:240 - Cannot read IP mode file for STMicroelectronics.X-CUBE-BLE2.3.3.0
2025-09-15 19:02:57,350 [WARN] PackLoader:240 - Cannot read IP mode file for STMicroelectronics.X-CUBE-NFC9.1.0.0
2025-09-15 19:02:57,361 [WARN] PackLoader:240 - Cannot read IP mode file for wolfSSL.I-CUBE-wolfSSL.5.8.2
2025-09-15 19:02:57,378 [WARN] PackLoader:240 - Cannot read IP mode file for STMicroelectronics.X-CUBE-BLE1.7.1.0
2025-09-15 19:02:57,385 [WARN] PackLoader:240 - Cannot read IP mode file for wolfSSL.I-CUBE-wolfMQTT.1.19.2
2025-09-15 19:02:57,390 [WARN] PackLoader:240 - Cannot read IP mode file for STMicroelectronics.X-CUBE-EEPRMA1.5.2.0
2025-09-15 19:02:57,398 [WARN] PackLoader:240 - Cannot read IP mode file for STMicroelectronics.X-CUBE-AI.10.1.0
2025-09-15 19:02:57,425 [WARN] PackLoader:240 - Cannot read IP mode file for STMicroelectronics.X-CUBE-AZRTOS-G0.1.1.0
2025-09-15 19:02:57,443 [WARN] PackLoader:240 - Cannot read IP mode file for STMicroelectronics.X-CUBE-SAFEA1.1.2.2
2025-09-15 19:02:57,449 [WARN] PackLoader:240 - Cannot read IP mode file for STMicroelectronics.X-CUBE-NFC4.3.0.0
2025-09-15 19:02:57,467 [WARN] PackLoader:240 - Cannot read IP mode file for EmbeddedOffice.I-CUBE-FS-RTOS.1.0.1
2025-09-15 19:02:57,476 [WARN] PackLoader:240 - Cannot read IP mode file for STMicroelectronics.X-CUBE-WB05N.2.0.0
2025-09-15 19:02:57,485 [WARN] PackLoader:240 - Cannot read IP mode file for wolfSSL.I-CUBE-wolfTPM.3.8.0
2025-09-15 19:02:57,493 [WARN] PackLoader:240 - Cannot read IP mode file for STMicroelectronics.X-CUBE-TCPP.4.2.0
2025-09-15 19:02:57,498 [WARN] PackLoader:240 - Cannot read IP mode file for RealThread.X-CUBE-RT-Thread_Nano.4.1.1
2025-09-15 19:02:57,501 [WARN] PackLoader:240 - Cannot read IP mode file for STMicroelectronics.FP-ATR-SIGFOX1.3.2.0
2025-09-15 19:02:57,511 [WARN] PackLoader:240 - Cannot read IP mode file for ITTIA_DB.I-CUBE-ITTIADB.8.9.0
2025-09-15 19:02:57,518 [WARN] PackLoader:240 - Cannot read IP mode file for STMicroelectronics.X-CUBE-ST67W61.1.0.0
2025-09-15 19:02:57,522 [WARN] PackLoader:240 - Cannot read IP mode file for STMicroelectronics.X-CUBE-AI.10.2.0
2025-09-15 19:02:57,566 [WARN] PackLoader:240 - Cannot read IP mode file for SEGGER.I-CUBE-embOS.1.3.1
2025-09-15 19:02:57,602 [WARN] PackLoader:240 - Cannot read IP mode file for STMicroelectronics.X-CUBE-ALGOBUILD.1.4.0
2025-09-15 19:02:57,701 [WARN] PackLoader:240 - Cannot read IP mode file for STMicroelectronics.X-CUBE-MEMS1.11.3.0
2025-09-15 19:02:58,041 [WARN] PackLoader:240 - Cannot read IP mode file for STMicroelectronics.X-CUBE-PM33A1.1.0.0
2025-09-15 19:02:58,099 [WARN] PackLoader:240 - Cannot read IP mode file for STMicroelectronics.X-CUBE-AZRTOS-F4.1.1.0
2025-09-15 19:02:58,112 [WARN] PackLoader:240 - Cannot read IP mode file for Avnet-IotConnect.X-CUBE-IoTC-DA16k-PMOD.1.0.0
2025-09-15 19:02:58,121 [WARN] PackLoader:240 - Cannot read IP mode file for STMicroelectronics.X-CUBE-ISPU.2.1.0
2025-09-15 19:02:58,156 [WARN] PackLoader:240 - Cannot read IP mode file for STMicroelectronics.X-CUBE-NFC12.1.0.0
2025-09-15 19:02:58,183 [WARN] PackLoader:240 - Cannot read IP mode file for STMicroelectronics.X-CUBE-AZRTOS-L5.2.0.0
2025-09-15 19:02:58,200 [WARN] PackLoader:240 - Cannot read IP mode file for STMicroelectronics.X-CUBE-NFC6.3.1.0
2025-09-15 19:02:58,208 [WARN] PackLoader:240 - Cannot read IP mode file for STMicroelectronics.X-CUBE-FREERTOS.1.3.1
2025-09-15 19:02:58,216 [WARN] PackLoader:240 - Cannot read IP mode file for STMicroelectronics.FP-SNS-STAIOTCFT.1.0.0
2025-09-15 19:02:58,222 [WARN] PackLoader:240 - Cannot read IP mode file for STMicroelectronics.X-CUBE-DPower.1.3.0
2025-09-15 19:02:58,243 [WARN] ConditionMgr:438 - getConditionDescription Invalid condition id : LAN8742 Phy interface Condition cause : null
2025-09-15 19:02:58,245 [WARN] PackLoader:240 - Cannot read IP mode file for STMicroelectronics.X-CUBE-AZRTOS-L4.2.0.0
2025-09-15 19:02:58,249 [WARN] ConditionMgr:1044 - genDependencies : Invalid condition id : LAN8742 Phy interface Condition cause : null
2025-09-15 19:02:58,251 [WARN] ConditionMgr:1044 - genDependencies : Invalid condition id : LAN8742 Phy interface Condition cause : null
2025-09-15 19:02:58,253 [WARN] ConditionMgr:1044 - genDependencies : Invalid condition id : LAN8742 Phy interface Condition cause : null
2025-09-15 19:02:58,261 [WARN] PackLoader:240 - Cannot read IP mode file for STMicroelectronics.X-CUBE-SFXS2LP1.4.0.0
2025-09-15 19:02:58,285 [WARN] PackLoader:240 - Cannot read IP mode file for STMicroelectronics.X-CUBE-BLEMGR.4.1.0
2025-09-15 19:02:58,312 [WARN] ConditionMgr:438 - getConditionDescription Invalid condition id : UX DEVICE CLASS RTOS Condition cause : null
2025-09-15 19:02:58,312 [WARN] ConditionMgr:438 - getConditionDescription Invalid condition id : UX DEVICE CLASS RTOS Condition cause : null
2025-09-15 19:02:58,316 [WARN] PackLoader:240 - Cannot read IP mode file for STMicroelectronics.X-CUBE-AZRTOS-WB.2.0.0
2025-09-15 19:02:58,317 [WARN] ConditionMgr:1044 - genDependencies : Invalid condition id : UX DEVICE CLASS RTOS Condition cause : null
2025-09-15 19:02:58,317 [WARN] ConditionMgr:1044 - genDependencies : Invalid condition id : UX DEVICE CLASS RTOS Condition cause : null
2025-09-15 19:02:58,318 [WARN] ConditionMgr:1044 - genDependencies : Invalid condition id : UX DEVICE CLASS RTOS Condition cause : null
2025-09-15 19:02:58,318 [WARN] ConditionMgr:1044 - genDependencies : Invalid condition id : UX DEVICE CLASS RTOS Condition cause : null
2025-09-15 19:02:58,318 [WARN] ConditionMgr:1044 - genDependencies : Invalid condition id : UX DEVICE CLASS RTOS Condition cause : null
2025-09-15 19:02:58,326 [WARN] PackLoader:240 - Cannot read IP mode file for STMicroelectronics.X-CUBE-GNSS1.7.0.1
2025-09-15 19:02:58,346 [WARN] PackLoader:240 - Cannot read IP mode file for STMicroelectronics.X-CUBE-TOUCHGFX.4.25.0
2025-09-15 19:02:58,352 [WARN] PackLoader:240 - Cannot read IP mode file for STMicroelectronics.FP-SNS-STBOX1.2.0.0
2025-09-15 19:02:58,356 [WARN] ConditionMgr:438 - getConditionDescription Invalid condition id : Cortex-A Device cause : null
2025-09-15 19:02:58,413 [WARN] ConditionMgr:1044 - genDependencies : Invalid condition id : Cortex-A Device cause : null
2025-09-15 19:02:58,413 [WARN] ConditionMgr:1044 - genDependencies : Invalid condition id : Cortex-A Device cause : null
2025-09-15 19:02:58,413 [WARN] ConditionMgr:1044 - genDependencies : Invalid condition id : Cortex-A Device cause : null
2025-09-15 19:02:58,427 [WARN] PackLoader:240 - Cannot read IP mode file for STMicroelectronics.X-CUBE-SUBG2.5.0.0
2025-09-15 19:02:58,463 [WARN] PackLoader:240 - Cannot read IP mode file for STMicroelectronics.X-CUBE-AZRTOS-H7RS.1.1.0
2025-09-15 19:02:58,469 [WARN] PackLoader:240 - Cannot read IP mode file for Cesanta.I-CUBE-Mongoose.7.13.0
2025-09-15 19:02:58,483 [WARN] PackLoader:240 - Cannot read IP mode file for STMicroelectronics.X-CUBE-AZRTOS-G4.2.0.0
2025-09-15 19:02:58,487 [WARN] PackLoader:240 - Cannot read IP mode file for wolfSSL.I-CUBE-wolfSSH.1.4.20
2025-09-15 19:02:58,490 [WARN] PackLoader:240 - Cannot read IP mode file for STMicroelectronics.X-CUBE-NFC7.2.0.0
2025-09-15 19:02:58,501 [WARN] PackLoader:240 - Cannot read IP mode file for STMicroelectronics.X-CUBE-IPS.3.1.0
2025-09-15 19:02:58,507 [WARN] PackLoader:240 - Cannot read IP mode file for STMicroelectronics.X-CUBE-ALS.1.0.2
2025-09-15 19:02:58,515 [WARN] PackLoader:240 - Cannot read IP mode file for STMicroelectronics.X-CUBE-STSE01.1.0.0
2025-09-15 19:02:58,521 [WARN] PackLoader:240 - Cannot read IP mode file for portGmbH.I-Cube-SoM-uGOAL.1.1.0
2025-09-15 19:02:58,536 [WARN] PackLoader:240 - Cannot read IP mode file for STMicroelectronics.X-CUBE-TOF1.3.4.3
2025-09-15 19:02:58,546 [INFO] ThirdParty:978 - Integrity check success = true
2025-09-15 19:02:58,546 [INFO] IntegrityCheckThread:100 - exiting critical section [integrity check]
2025-09-15 19:02:58,546 [INFO] IntegrityCheckThread:103 - End integrity checks thread
2025-09-15 19:02:59,919 [INFO] WebApp:169 - Instantiating new browser for Auth
2025-09-15 19:03:01,416 [INFO] WebApp:463 - Apply proxy settings
2025-09-15 19:03:01,430 [INFO] WebApp:508 - Chromium authenticates against Manually configured proxy
2025-09-15 19:03:01,449 [INFO] WebApp:516 - Username used for proxy authentication: 
2025-09-15 19:03:01,497 [INFO] WebApp:900 - Register for checkConnection events
2025-09-15 19:03:01,497 [INFO] WebApp:463 - Apply proxy settings
2025-09-15 19:03:01,503 [INFO] WebApp:508 - Chromium authenticates against Manually configured proxy
2025-09-15 19:03:01,503 [INFO] WebApp:516 - Username used for proxy authentication: 
2025-09-15 19:03:01,653 [INFO] WebApp:225 - Starting web application
2025-09-15 19:03:01,653 [INFO] WebApp:593 - Web application path used /Applications/STM32CubeIDE.app/Contents/Eclipse/plugins/com.st.stm32cube.common.mx_6.15.0.202507011659/db/plugins/mcufinder/reactClient1/index.html
2025-09-15 19:03:02,242 [INFO] WebApp:191 - Connection restablished
2025-09-15 19:19:50,061 [INFO] McuFinderGlobals:63 - Set McuFinder mode to 2 (CubeIDE integrated)
2025-09-15 19:19:50,066 [INFO] MainUpdater:2872 - connection check result : 10
2025-09-15 19:19:52,050 [INFO] ApiDb:581 - Connected to CubeFinder SQLite database (/Users/sheen/.stmcufinder/plugins/mcufinder/mcu/cube-finder-db.db)
2025-09-15 19:19:52,129 [INFO] ApiDb:668 - CubeFinder database Data Model version=2.1
2025-09-15 19:19:52,129 [INFO] ApiDb:669 - CubeFinder database Configuration version=3.0.39
2025-09-15 19:19:52,132 [INFO] ApiDb:670 - CubeFinder database generation date=2025-08-25 (1756130511)
2025-09-15 19:19:52,132 [INFO] ApiDb:671 - CubeFinder database FW Pack versions=[FP-ATR-ASTRA1_V2.0.0, FP-SNS-FLIGHT1_V5.1.0, FP-SNS-MOTENV1_V5.0.0, FP-SNS-MOTENVWB1_V1.4.0, FP-SNS-SMARTAG2_V1.2.0, FP-SNS-STBOX1_V2.1.0, STM32Cube_FW_C0_V1.4.0, STM32Cube_FW_F4_V1.28.3, STM32Cube_FW_F7_V1.17.4, STM32Cube_FW_G0_V1.6.2, STM32Cube_FW_G4_V1.6.1, STM32Cube_FW_H5_V1.5.0, STM32Cube_FW_H7RS_V1.2.0, STM32Cube_FW_H7_V1.12.1, STM32Cube_FW_L0_V1.12.2, STM32Cube_FW_L4_V1.18.1, STM32Cube_FW_L5_V1.5.1, STM32Cube_FW_N6_V1.2.0, STM32Cube_FW_U0_V1.3.0, STM32Cube_FW_U3_V1.2.0, STM32Cube_FW_U5_V1.8.0, STM32Cube_FW_WB0_V1.3.0, STM32Cube_FW_WBA_V1.7.0, STM32Cube_FW_WB_V1.23.0, STM32Cube_FW_WL3_V1.2.0, STM32Cube_FW_WL_V1.3.1, X-CUBE-ALGOBUILD_V1.4.0, X-CUBE-ALS_V1.0.2, X-CUBE-AZRTOS-F4_V1.1.0, X-CUBE-AZRTOS-F7_V1.1.0, X-CUBE-AZRTOS-G0_V1.1.0, X-CUBE-AZRTOS-G4_V2.0.0, X-CUBE-AZRTOS-H7RS_V1.1.0, X-CUBE-AZRTOS-H7_V3.4.0, X-CUBE-AZRTOS-L4_V2.0.0, X-CUBE-AZRTOS-L5_V2.0.0, X-CUBE-AZRTOS-WB_V2.0.0, X-CUBE-AZRTOS-WL_V2.0.0, X-CUBE-BLE1_V7.1.0, X-CUBE-BLE2_V3.3.0, X-CUBE-BLEMGR_V4.1.0, X-CUBE-EEPRMA1_V5.2.0, X-CUBE-FREERTOS_V1.3.1, X-CUBE-GNSS1_V6.0.0, X-CUBE-MEMS1_V11.3.0, X-CUBE-NFC4_V3.0.0, X-CUBE-NFC7_V2.0.0, X-CUBE-SFXS2LP1_V4.0.0, X-CUBE-ST67W61_V1.0.0, X-CUBE-SUBG2_V5.0.0, X-CUBE-TOF1_V3.4.3]
2025-09-15 19:19:53,507 [INFO] ApiDb:240 - Found 880 in-development CPN: [B-G473E-ZEST1S, B-WB1M-WPAN1, B-WBA5M-WPAN, B-WL5M-SUBG1, NUCLEO-C031C6, NUCLEO-C051C8, NUCLEO-C071RB, NUCLEO-C092RC, NUCLEO-H503RB, NUCLEO-H533RE, NUCLEO-H563ZI, NUCLEO-H7S3L8, NUCLEO-N657X0-Q, NUCLEO-U031R8, NUCLEO-U083RC, NUCLEO-U385RG-Q, NUCLEO-U545RE-Q, NUCLEO-U5A5ZJ-Q, NUCLEO-WB05KZ, NUCLEO-WB07CC, NUCLEO-WB09KE, NUCLEO-WBA52CG, NUCLEO-WBA55CG, NUCLEO-WL33CC1, NUCLEO-WL33CC2, STEVAL-PROTEUS1, STEVAL-SMARTAG2, STEVAL-STWINBX1, STM320518-EVAL, STM32C0116-DK, STM32C011D6Y3TR, STM32C011D6Y6TR, STM32C011F4P3, STM32C011F4P6, STM32C011F4U3, STM32C011F4U6TR, STM32C011F6P3, STM32C011F6P6, STM32C011F6U3, STM32C011F6U6TR, STM32C011J4M3, STM32C011J4M6, STM32C011J6M3, STM32C011J6M6, STM32C0316-DK, STM32C031C4T3, STM32C031C4T6, STM32C031C4U3, STM32C031C4U6, STM32C031C6T3, STM32C031C6T6, STM32C031C6U3, STM32C031C6U6, STM32C031F4P3, STM32C031F4P6, STM32C031F6P3, STM32C031F6P6, STM32C031G4U3, STM32C031G4U6, STM32C031G6U3, STM32C031G6U6, STM32C031K4T3, STM32C031K4T6, STM32C031K4U3, STM32C031K4U6, STM32C031K6T3, STM32C031K6T6, STM32C031K6U3, STM32C031K6U6, STM32C051C6T6, STM32C051C6U6, STM32C051C8T6, STM32C051C8U6, STM32C051D8Y6TR, STM32C051F6P6, STM32C051F8P6, STM32C051G6U6, STM32C051G8U6, STM32C051K6T6, STM32C051K6U6, STM32C051K8T6, STM32C071C8T6, STM32C071C8T6N, STM32C071C8U6, STM32C071C8U6N, STM32C071CBT6, STM32C071CBT6N, STM32C071CBU6, STM32C071CBU6N, STM32C071F8P6, STM32C071F8P6N, STM32C071FBP6, STM32C071FBP6N, STM32C071FBY6TR, STM32C071G8U6, STM32C071G8U6N, STM32C071GBU6, STM32C071GBU6N, STM32C071K8T6, STM32C071K8T6N, STM32C071K8U6, STM32C071K8U6N, STM32C071KBT6, STM32C071KBT6N, STM32C071KBU6, STM32C071KBU6N, STM32C071R8T6, STM32C071R8T6N, STM32C071RBI6N, STM32C071RBT6, STM32C071RBT6N, STM32C091CBT6, STM32C091CBU6, STM32C091CCT6, STM32C091CCU6, STM32C091ECY6TR, STM32C091FBP6, STM32C091FCP6, STM32C091GBU6, STM32C091GCU6, STM32C091KBT6, STM32C091KBU6, STM32C091KCT6, STM32C091KCU6, STM32C091RBT6, STM32C091RCI6, STM32C091RCT6, STM32C092CBT6, STM32C092CBU6, STM32C092CCT6, STM32C092CCU6, STM32C092ECY6TR, STM32C092FBP6, STM32C092FCP6, STM32C092GBU6, STM32C092GCU6, STM32C092KBT6, STM32C092KBU6, STM32C092KCT6, STM32C092KCU6, STM32C092RBT6, STM32C092RCI6, STM32C092RCT6, STM32G071K8TXN, STM32G071K8UXN, STM32G081GBU6N, STM32G081KBT6N, STM32G081KBUXN, STM32G0B1CCT6N, STM32G0B1KCT6, STM32G0B1NEY6TR, STM32G0B1RCT6N, STM32G0C1CCT6, STM32G0C1CCT6N, STM32G0C1CCU6N, STM32G0C1CET6N, STM32G0C1CEU6N, STM32G0C1KCT6, STM32G0C1NEY6TR, STM32G0C1RCI6N, STM32G0C1RCT6N, STM32G0C1REI6N, STM32G0C1RET6N, STM32G0C1VCI6, STM32G0C1VEI6, STM32G411C6T3, STM32G411C6T6, STM32G411C6U3, STM32G411C6U6, STM32G411C8T3, STM32G411C8T6, STM32G411C8U3, STM32G411C8U6, STM32G411CBT3, STM32G411CBT6, STM32G411CBU3, STM32G411CBU6, STM32G411K6T3, STM32G411K6T6, STM32G411K6U3, STM32G411K6U6, STM32G411K8T3, STM32G411K8T6, STM32G411K8U3, STM32G411K8U6, STM32G411KBT3, STM32G411KBT6, STM32G411KBU3, STM32G411KBU6, STM32G411M6T3, STM32G411M6T6, STM32G411M8T3, STM32G411M8T6, STM32G411MBT3, STM32G411MBT6, STM32G411R6T3, STM32G411R6T6, STM32G411R8T3, STM32G411R8T6, STM32G411RBT3, STM32G411RBT6, STM32G414CBT3, STM32G414CBT6, STM32G414CBU3, STM32G414CBU6, STM32G414CCT3, STM32G414CCT6, STM32G414CCU3, STM32G414CCU6, STM32G414MBT3, STM32G414MBT6, STM32G414MCT3, STM32G414MCT6, STM32G414RBT3, STM32G414RBT6, STM32G414RCT3, STM32G414RCT6, STM32G414VBT3, STM32G414VBT6, STM32G414VCT3, STM32G414VCT6, STM32G431CBT3Z, STM32G431RBT3Z, STM32G471CCT6, STM32G471CCU6, STM32G471CET3, STM32G471CET6, STM32G471CEU3, STM32G471CEU6, STM32G471MCT6, STM32G471MET3, STM32G471MET6, STM32G471MEY6TR, STM32G471QCT6, STM32G471QET3, STM32G471RCT6, STM32G471RET3, STM32G471RET6, STM32G471VCH6, STM32G471VCI6, STM32G471VCT6, STM32G471VEH3, STM32G471VEH6, STM32G471VEI3, STM32G471VEI6, STM32G471VET3, STM32G471VET6, STM32G473QET3Z, STM32G473RET3Z, STM32G474CCT6, STM32G491RET3Z, STM32H503CBT6, STM32H503CBU6, STM32H503EBY6TR, STM32H503KBU6, STM32H503RBT6, STM32H523CCT6, STM32H523CCU6, STM32H523CET6, STM32H523CEU6, STM32H523HEY6TR, STM32H523RCT6, STM32H523RET6, STM32H523VCI6, STM32H523VCT6, STM32H523VEI6, STM32H523VET6, STM32H523ZCJ6, STM32H523ZCT6, STM32H523ZEJ6, STM32H523ZET6, STM32H533CET6, STM32H533CEU6, STM32H533HEY6TR, STM32H533RET6, STM32H533VEI6, STM32H533VET6, STM32H533ZEJ6, STM32H533ZET6, STM32H562AGI6, STM32H562AII6, STM32H562IGK6, STM32H562IGT6, STM32H562IIK6, STM32H562IIT6, STM32H562RGT6, STM32H562RGV6, STM32H562RIT6, STM32H562RIV6, STM32H562VGT6, STM32H562VIT6, STM32H562ZGT6, STM32H562ZIT6, STM32H563AGI6, STM32H563AII3Q, STM32H563AII6, STM32H563IGK6, STM32H563IGT6, STM32H563IIK3Q, STM32H563IIK6, STM32H563IIT3Q, STM32H563IIT6, STM32H563MIY3QTR, STM32H563RGT6, STM32H563RGV6, STM32H563RIT6, STM32H563RIV6, STM32H563VGT6, STM32H563VIT3Q, STM32H563VIT6, STM32H563ZGT6, STM32H563ZIT3Q, STM32H563ZIT6, STM32H573AII3Q, STM32H573AII6, STM32H573I-DK, STM32H573IIK3Q, STM32H573IIK6, STM32H573IIT3Q, STM32H573IIT6, STM32H573MIY3QTR, STM32H573RIT6, STM32H573RIV6, STM32H573VIT3Q, STM32H573VIT6, STM32H573ZIT3Q, STM32H573ZIT6, STM32H7R3A8I6, STM32H7R3I8K6, STM32H7R3I8T6, STM32H7R3L8H6, STM32H7R3L8H6H, STM32H7R3R8V6, STM32H7R3V8H6, STM32H7R3V8T6, STM32H7R3V8Y6TR, STM32H7R3Z8J6, STM32H7R3Z8T6, STM32H7R7A8I6, STM32H7R7I8K6, STM32H7R7I8T6, STM32H7R7L8H6, STM32H7R7L8H6H, STM32H7R7Z8J6, STM32H7S3A8I6, STM32H7S3I8K6, STM32H7S3I8T6, STM32H7S3L8H6, STM32H7S3L8H6H, STM32H7S3R8V6, STM32H7S3V8H6, STM32H7S3V8T6, STM32H7S3V8Y6TR, STM32H7S3Z8J6, STM32H7S3Z8T6, STM32H7S78-DK, STM32H7S7A8I6, STM32H7S7I8K6, STM32H7S7I8T6, STM32H7S7L8H6, STM32H7S7L8H6H, STM32H7S7Z8J6, STM32L4R5QGI6STR, STM32MP131AAE3, STM32MP131AAF3, STM32MP131AAG3, STM32MP131CAE3, STM32MP131CAF3, STM32MP131CAG3, STM32MP131DAE7, STM32MP131DAF7, STM32MP131DAG7, STM32MP131FAE7, STM32MP131FAF7, STM32MP131FAG7, STM32MP133AAE3, STM32MP133AAF3, STM32MP133AAG3, STM32MP133CAE3, STM32MP133CAF3, STM32MP133CAG3, STM32MP133DAE7, STM32MP133DAF7, STM32MP133DAG7, STM32MP133FAE7, STM32MP133FAF7, STM32MP133FAG7, STM32MP135AAE3, STM32MP135AAF3, STM32MP135AAG3, STM32MP135CAE3, STM32MP135CAF3, STM32MP135CAG3, STM32MP135DAE7, STM32MP135DAF7, STM32MP135DAG7, STM32MP135F-DK, STM32MP135FAE7, STM32MP135FAF7, STM32MP135FAF7T, STM32MP135FAF7U, STM32MP135FAG7, STM32MP211AAL3, STM32MP211AAM3, STM32MP211AAN3, STM32MP211AAO3, STM32MP211CAL3, STM32MP211CAM3, STM32MP211CAN3, STM32MP211CAO3, STM32MP211DAL3, STM32MP211DAM3, STM32MP211DAN3, STM32MP211DAO3, STM32MP211FAL3, STM32MP211FAM3, STM32MP211FAN3, STM32MP211FAO3, STM32MP213AAL3, STM32MP213AAM3, STM32MP213AAN3, STM32MP213AAO3, STM32MP213CAL3, STM32MP213CAM3, STM32MP213CAN3, STM32MP213CAO3, STM32MP213DAL3, STM32MP213DAM3, STM32MP213DAN3, STM32MP213DAO3, STM32MP213FAL3, STM32MP213FAM3, STM32MP213FAN3, STM32MP213FAO3, STM32MP215AAL3, STM32MP215AAM3, STM32MP215AAN3, STM32MP215AAO3, STM32MP215CAL3, STM32MP215CAM3, STM32MP215CAN3, STM32MP215CAO3, STM32MP215DAL3, STM32MP215DAM3, STM32MP215DAN3, STM32MP215DAO3, STM32MP215F-DK, STM32MP215FAL3, STM32MP215FAM3, STM32MP215FAN3, STM32MP215FAO3, STM32MP231AAJ3, STM32MP231AAK3, STM32MP231AAL3, STM32MP231CAJ3, STM32MP231CAK3, STM32MP231CAL3, STM32MP231DAJ3, STM32MP231DAK3, STM32MP231DAL3, STM32MP231FAJ3, STM32MP231FAK3, STM32MP231FAL3, STM32MP233AAJ3, STM32MP233AAK3, STM32MP233AAL3, STM32MP233CAJ3, STM32MP233CAK3, STM32MP233CAL3, STM32MP233DAJ3, STM32MP233DAK3, STM32MP233DAL3, STM32MP233FAJ3, STM32MP233FAK3, STM32MP233FAL3, STM32MP235AAJ3, STM32MP235AAK3, STM32MP235AAL3, STM32MP235CAJ3, STM32MP235CAK3, STM32MP235CAL3, STM32MP235DAJ3, STM32MP235DAK3, STM32MP235DAL3, STM32MP235FAJ3, STM32MP235FAK3, STM32MP235FAL3, STM32MP251AAI3, STM32MP251AAK3, STM32MP251AAL3, STM32MP251CAI3, STM32MP251CAK3, STM32MP251CAL3, STM32MP251DAI3, STM32MP251DAK3, STM32MP251DAL3, STM32MP251FAI3, STM32MP251FAK3, STM32MP251FAL3, STM32MP253AAI3, STM32MP253AAK3, STM32MP253AAL3, STM32MP253CAI3, STM32MP253CAK3, STM32MP253CAL3, STM32MP253DAI3, STM32MP253DAK3, STM32MP253DAL3, STM32MP253FAI3, STM32MP253FAK3, STM32MP253FAL3, STM32MP255AAI3, STM32MP255AAK3, STM32MP255AAL3, STM32MP255CAI3, STM32MP255CAK3, STM32MP255CAL3, STM32MP255DAI3, STM32MP255DAK3, STM32MP255DAL3, STM32MP255FAI3, STM32MP255FAK3, STM32MP255FAL3, STM32MP257AAI3, STM32MP257AAK3, STM32MP257AAL3, STM32MP257CAI3, STM32MP257CAK3, STM32MP257CAL3, STM32MP257DAI3, STM32MP257DAK3, STM32MP257DAL3, STM32MP257F-DK, STM32MP257F-EV1, STM32MP257FAI3, STM32MP257FAK3, STM32MP257FAL3, STM32N645A0H3Q, STM32N645B0H3Q, STM32N645I0H3Q, STM32N645L0H3Q, STM32N645X0H3Q, STM32N645Z0H3Q, STM32N647A0H3Q, STM32N647B0H3Q, STM32N647I0H3Q, STM32N647L0H3Q, STM32N647X0H3Q, STM32N647Z0H3Q, STM32N655A0H3Q, STM32N655B0H3Q, STM32N655I0H3Q, STM32N655L0H3Q, STM32N655X0H3Q, STM32N655Z0H3Q, STM32N6570-DK, STM32N657A0H3Q, STM32N657B0H3Q, STM32N657I0H3Q, STM32N657L0H3Q, STM32N657X0H3Q, STM32N657Z0H3Q, STM32U031C6T6, STM32U031C6U6, STM32U031C8T6, STM32U031C8U6, STM32U031F4P6, STM32U031F6P6, STM32U031F8P6, STM32U031G6Y6TR, STM32U031G8Y6TR, STM32U031K4U6, STM32U031K6U6, STM32U031K8U6, STM32U031R6I6, STM32U031R6T6, STM32U031R8I6, STM32U031R8T6, STM32U073C8T6, STM32U073C8U6, STM32U073CBT6, STM32U073CBU6, STM32U073CCT6, STM32U073CCU6, STM32U073H8Y6TR, STM32U073HBY6TR, STM32U073HCY6TR, STM32U073K8U6, STM32U073KBU6, STM32U073KCU6, STM32U073M8I6, STM32U073M8T6, STM32U073MBI6, STM32U073MBT6, STM32U073MCI6, STM32U073MCT6, STM32U073R8I6, STM32U073R8T6, STM32U073RBI6, STM32U073RBT6, STM32U073RCI6, STM32U073RCT6, STM32U083C-DK, STM32U083CCT6, STM32U083CCU6, STM32U083HCY6TR, STM32U083KCU6, STM32U083MCI6, STM32U083MCT6, STM32U083RCI6, STM32U083RCT6, STM32U375CET6, STM32U375CET6Q, STM32U375CEU6, STM32U375CEU6Q, STM32U375CEY6QTR, STM32U375CGT6, STM32U375CGT6Q, STM32U375CGU6, STM32U375CGU6Q, STM32U375CGY6QTR, STM32U375KEU6, STM32U375KGU6, STM32U375REI6, STM32U375REI6Q, STM32U375RET6, STM32U375RET6Q, STM32U375REY6GTR, STM32U375REY6QTR, STM32U375RGI6, STM32U375RGI6Q, STM32U375RGT6, STM32U375RGT6Q, STM32U375RGY6GTR, STM32U375RGY6QTR, STM32U375VEI6, STM32U375VEI6Q, STM32U375VET6, STM32U375VET6Q, STM32U375VGI6, STM32U375VGI6Q, STM32U375VGT6, STM32U375VGT6Q, STM32U385CGT6, STM32U385CGT6Q, STM32U385CGU6, STM32U385CGU6Q, STM32U385CGY6QTR, STM32U385KGU6, STM32U385RGI6, STM32U385RGI6Q, STM32U385RGT6, STM32U385RGT6Q, STM32U385RGY6GTR, STM32U385RGY6QTR, STM32U385VGI6, STM32U385VGI6Q, STM32U385VGT6, STM32U385VGT6Q, STM32U535CBT6, STM32U535CBT6Q, STM32U535CBU6, STM32U535CBU6Q, STM32U535CCT6, STM32U535CCT6Q, STM32U535CCU6, STM32U535CCU6Q, STM32U535CET6, STM32U535CET6Q, STM32U535CEU6, STM32U535CEU6Q, STM32U535JEY6QTR, STM32U535NCY6QTR, STM32U535NEY6QTR, STM32U535RBI6, STM32U535RBI6Q, STM32U535RBT6, STM32U535RBT6Q, STM32U535RCI6, STM32U535RCI6Q, STM32U535RCT6, STM32U535RCT6Q, STM32U535REI6, STM32U535REI6Q, STM32U535RET6, STM32U535RET6Q, STM32U535VCI6, STM32U535VCI6Q, STM32U535VCT6, STM32U535VCT6Q, STM32U535VEI6, STM32U535VEI6Q, STM32U535VET6, STM32U535VET6Q, STM32U545CET6, STM32U545CET6Q, STM32U545CEU6, STM32U545CEU6Q, STM32U545JEY6QTR, STM32U545NEY6QTR, STM32U545REI6, STM32U545REI6Q, STM32U545RET6, STM32U545RET6Q, STM32U545VEI6, STM32U545VEI6Q, STM32U545VET6, STM32U545VET6Q, STM32U595AIH6, STM32U595AIH6Q, STM32U595AJH6, STM32U595AJH6Q, STM32U595QII6, STM32U595QII6Q, STM32U595QJI6, STM32U595QJI6Q, STM32U595RIT6, STM32U595RIT6Q, STM32U595RJT6, STM32U595RJT6Q, STM32U595VIT6, STM32U595VIT6Q, STM32U595VJT6, STM32U595VJT6Q, STM32U595ZIT6, STM32U595ZIT6Q, STM32U595ZIY6QTR, STM32U595ZJT6, STM32U595ZJT6Q, STM32U595ZJY6QTR, STM32U599BJY6QTR, STM32U599NIH6Q, STM32U599NJH6Q, STM32U599VIT6Q, STM32U599VJT6, STM32U599VJT6Q, STM32U599ZIT6Q, STM32U599ZIY6QTR, STM32U599ZJT6Q, STM32U599ZJY6QTR, STM32U5A5AJH6, STM32U5A5AJH6Q, STM32U5A5QII3Q , STM32U5A5QJI6, STM32U5A5QJI6Q, STM32U5A5RJT6, STM32U5A5RJT6Q, STM32U5A5VJT6, STM32U5A5VJT6Q, STM32U5A5ZJT6, STM32U5A5ZJT6Q, STM32U5A5ZJY6QTR, STM32U5A9BJY6QTR, STM32U5A9J-DK, STM32U5A9NJH6Q, STM32U5A9VJT6Q, STM32U5A9ZJT6Q, STM32U5A9ZJY6QTR, STM32U5F7VIT6, STM32U5F7VIT6Q, STM32U5F7VJT6, STM32U5F7VJT6Q, STM32U5F9BJY6QTR, STM32U5F9NJH6Q, STM32U5F9VIT6Q, STM32U5F9VJT6Q, STM32U5F9ZIJ6QTR, STM32U5F9ZIT6Q, STM32U5F9ZJJ6QTR, STM32U5F9ZJT6Q, STM32U5G7VJT6, STM32U5G7VJT6Q, STM32U5G9BJY6QTR, STM32U5G9J-DK1, STM32U5G9J-DK2, STM32U5G9NJH6Q, STM32U5G9VJT6Q, STM32U5G9ZJJ6QTR, STM32U5G9ZJT6Q, STM32WB05KZV6TR, STM32WB05KZV7TR, STM32WB05TZF6TR, STM32WB05TZF7TR, STM32WB06CCF6TR, STM32WB06CCF7TR, STM32WB06CCV6TR, STM32WB06CCV7TR, STM32WB06KCV6TR, STM32WB06KCV7TR, STM32WB07CCF6TR, STM32WB07CCF7TR, STM32WB07CCV6TR, STM32WB07CCV7TR, STM32WB07KCV6TR, STM32WB07KCV7TR, STM32WB09KEV6TR, STM32WB09KEV7TR, STM32WB09TEF6TR, STM32WB09TEF7TR, STM32WB1MMCH6, STM32WBA50KGU6, STM32WBA50KGU6TR, STM32WBA52CEU6, STM32WBA52CEU6TR, STM32WBA52CEU7, STM32WBA52CEU7TR, STM32WBA52CGU6, STM32WBA52CGU6TR, STM32WBA52CGU6U, STM32WBA52CGU7, STM32WBA52CGU7TR, STM32WBA52KEU6, STM32WBA52KEU6TR, STM32WBA52KGU6, STM32WBA52KGU6TR, STM32WBA54CEU6, STM32WBA54CEU6TR, STM32WBA54CEU7, STM32WBA54CEU7TR, STM32WBA54CGU6, STM32WBA54CGU6TR, STM32WBA54CGU7, STM32WBA54CGU7TR, STM32WBA54KEU6, STM32WBA54KEU6TR, STM32WBA54KEU7, STM32WBA54KEU7TR, STM32WBA54KGU6, STM32WBA54KGU6TR, STM32WBA54KGU7, STM32WBA54KGU7TR, STM32WBA55CEU6, STM32WBA55CEU6TR, STM32WBA55CEU7, STM32WBA55CEU7TR, STM32WBA55CGU6, STM32WBA55CGU6TR, STM32WBA55CGU6U, STM32WBA55CGU7, STM32WBA55CGU7TR, STM32WBA55G-DK1, STM32WBA55HEF6, STM32WBA55HEF7, STM32WBA55HGF6, STM32WBA55HGF7, STM32WBA55UEI6, STM32WBA55UEI6TR, STM32WBA55UEI7, STM32WBA55UEI7TR, STM32WBA55UGI6, STM32WBA55UGI6TR, STM32WBA55UGI7, STM32WBA55UGI7TR, STM32WBA5MMGH6TR, STM32WBA62MGF6, STM32WBA62MIF6, STM32WBA65MGF7, STM32WBA65MIF6, STM32WBA65MIF7, STM32WL30K8V6, STM32WL30KBV6, STM32WL31C8V6, STM32WL31CBV6, STM32WL31K8V6, STM32WL31KBV6, STM32WL33C8V6, STM32WL33C8V6X, STM32WL33CBV6, STM32WL33CBV6X, STM32WL33CCV6, STM32WL33CCV6A, STM32WL33CCV6X, STM32WL33K8V7, STM32WL33K8V7X, STM32WL33KBV7 , STM32WL33KBV7X, STM32WL33KCV7, STM32WL33KCV7X, STM32WL5MOCH6, STM32WL5MOCH6TR]
2025-09-15 19:19:53,514 [INFO] DbMcus:218 - Found 4801 MCUs, 4801 are supported
2025-09-15 19:19:53,514 [INFO] ApiDb:423 - Load user favorites file /Users/sheen/.stm32cubeide/favorites.mcus.txt: 0 item(s)
2025-09-15 19:19:53,515 [INFO] ApiDb:427 - User favorites MCUs=[]
2025-09-15 19:19:53,515 [INFO] DbMcus:224 - Set 0 / 0 favorites MCUs
2025-09-15 19:19:53,863 [INFO] ApiDb:668 - CubeFinder database Data Model version=2.1
2025-09-15 19:19:53,864 [INFO] ApiDb:669 - CubeFinder database Configuration version=3.0.39
2025-09-15 19:19:53,864 [INFO] ApiDb:670 - CubeFinder database generation date=2025-08-25 (1756130511)
2025-09-15 19:19:53,864 [INFO] ApiDb:671 - CubeFinder database FW Pack versions=[FP-ATR-ASTRA1_V2.0.0, FP-SNS-FLIGHT1_V5.1.0, FP-SNS-MOTENV1_V5.0.0, FP-SNS-MOTENVWB1_V1.4.0, FP-SNS-SMARTAG2_V1.2.0, FP-SNS-STBOX1_V2.1.0, STM32Cube_FW_C0_V1.4.0, STM32Cube_FW_F4_V1.28.3, STM32Cube_FW_F7_V1.17.4, STM32Cube_FW_G0_V1.6.2, STM32Cube_FW_G4_V1.6.1, STM32Cube_FW_H5_V1.5.0, STM32Cube_FW_H7RS_V1.2.0, STM32Cube_FW_H7_V1.12.1, STM32Cube_FW_L0_V1.12.2, STM32Cube_FW_L4_V1.18.1, STM32Cube_FW_L5_V1.5.1, STM32Cube_FW_N6_V1.2.0, STM32Cube_FW_U0_V1.3.0, STM32Cube_FW_U3_V1.2.0, STM32Cube_FW_U5_V1.8.0, STM32Cube_FW_WB0_V1.3.0, STM32Cube_FW_WBA_V1.7.0, STM32Cube_FW_WB_V1.23.0, STM32Cube_FW_WL3_V1.2.0, STM32Cube_FW_WL_V1.3.1, X-CUBE-ALGOBUILD_V1.4.0, X-CUBE-ALS_V1.0.2, X-CUBE-AZRTOS-F4_V1.1.0, X-CUBE-AZRTOS-F7_V1.1.0, X-CUBE-AZRTOS-G0_V1.1.0, X-CUBE-AZRTOS-G4_V2.0.0, X-CUBE-AZRTOS-H7RS_V1.1.0, X-CUBE-AZRTOS-H7_V3.4.0, X-CUBE-AZRTOS-L4_V2.0.0, X-CUBE-AZRTOS-L5_V2.0.0, X-CUBE-AZRTOS-WB_V2.0.0, X-CUBE-AZRTOS-WL_V2.0.0, X-CUBE-BLE1_V7.1.0, X-CUBE-BLE2_V3.3.0, X-CUBE-BLEMGR_V4.1.0, X-CUBE-EEPRMA1_V5.2.0, X-CUBE-FREERTOS_V1.3.1, X-CUBE-GNSS1_V6.0.0, X-CUBE-MEMS1_V11.3.0, X-CUBE-NFC4_V3.0.0, X-CUBE-NFC7_V2.0.0, X-CUBE-SFXS2LP1_V4.0.0, X-CUBE-ST67W61_V1.0.0, X-CUBE-SUBG2_V5.0.0, X-CUBE-TOF1_V3.4.3]
2025-09-15 19:19:53,904 [INFO] DbBoardsSqlite:226 - include board P-NUCLEO-WB55-NUCLEO as a kit item of type 'Nucleo-64'
2025-09-15 19:19:53,905 [INFO] DbBoardsSqlite:226 - include board P-NUCLEO-WB55-USBDONGLE as a kit item of type 'Nucleo USB Dongle'
2025-09-15 19:19:53,905 [INFO] DbBoardsSqlite:226 - include board STEVAL-IDP005V1 as a kit item of type 'Evaluation Board'
2025-09-15 19:19:53,905 [INFO] DbBoardsSqlite:226 - include board STEVAL-IDP005V2 as a kit item of type 'Evaluation Board'
2025-09-15 19:19:53,943 [INFO] ApiDb:240 - Found 880 in-development CPN: [B-G473E-ZEST1S, B-WB1M-WPAN1, B-WBA5M-WPAN, B-WL5M-SUBG1, NUCLEO-C031C6, NUCLEO-C051C8, NUCLEO-C071RB, NUCLEO-C092RC, NUCLEO-H503RB, NUCLEO-H533RE, NUCLEO-H563ZI, NUCLEO-H7S3L8, NUCLEO-N657X0-Q, NUCLEO-U031R8, NUCLEO-U083RC, NUCLEO-U385RG-Q, NUCLEO-U545RE-Q, NUCLEO-U5A5ZJ-Q, NUCLEO-WB05KZ, NUCLEO-WB07CC, NUCLEO-WB09KE, NUCLEO-WBA52CG, NUCLEO-WBA55CG, NUCLEO-WL33CC1, NUCLEO-WL33CC2, STEVAL-PROTEUS1, STEVAL-SMARTAG2, STEVAL-STWINBX1, STM320518-EVAL, STM32C0116-DK, STM32C011D6Y3TR, STM32C011D6Y6TR, STM32C011F4P3, STM32C011F4P6, STM32C011F4U3, STM32C011F4U6TR, STM32C011F6P3, STM32C011F6P6, STM32C011F6U3, STM32C011F6U6TR, STM32C011J4M3, STM32C011J4M6, STM32C011J6M3, STM32C011J6M6, STM32C0316-DK, STM32C031C4T3, STM32C031C4T6, STM32C031C4U3, STM32C031C4U6, STM32C031C6T3, STM32C031C6T6, STM32C031C6U3, STM32C031C6U6, STM32C031F4P3, STM32C031F4P6, STM32C031F6P3, STM32C031F6P6, STM32C031G4U3, STM32C031G4U6, STM32C031G6U3, STM32C031G6U6, STM32C031K4T3, STM32C031K4T6, STM32C031K4U3, STM32C031K4U6, STM32C031K6T3, STM32C031K6T6, STM32C031K6U3, STM32C031K6U6, STM32C051C6T6, STM32C051C6U6, STM32C051C8T6, STM32C051C8U6, STM32C051D8Y6TR, STM32C051F6P6, STM32C051F8P6, STM32C051G6U6, STM32C051G8U6, STM32C051K6T6, STM32C051K6U6, STM32C051K8T6, STM32C071C8T6, STM32C071C8T6N, STM32C071C8U6, STM32C071C8U6N, STM32C071CBT6, STM32C071CBT6N, STM32C071CBU6, STM32C071CBU6N, STM32C071F8P6, STM32C071F8P6N, STM32C071FBP6, STM32C071FBP6N, STM32C071FBY6TR, STM32C071G8U6, STM32C071G8U6N, STM32C071GBU6, STM32C071GBU6N, STM32C071K8T6, STM32C071K8T6N, STM32C071K8U6, STM32C071K8U6N, STM32C071KBT6, STM32C071KBT6N, STM32C071KBU6, STM32C071KBU6N, STM32C071R8T6, STM32C071R8T6N, STM32C071RBI6N, STM32C071RBT6, STM32C071RBT6N, STM32C091CBT6, STM32C091CBU6, STM32C091CCT6, STM32C091CCU6, STM32C091ECY6TR, STM32C091FBP6, STM32C091FCP6, STM32C091GBU6, STM32C091GCU6, STM32C091KBT6, STM32C091KBU6, STM32C091KCT6, STM32C091KCU6, STM32C091RBT6, STM32C091RCI6, STM32C091RCT6, STM32C092CBT6, STM32C092CBU6, STM32C092CCT6, STM32C092CCU6, STM32C092ECY6TR, STM32C092FBP6, STM32C092FCP6, STM32C092GBU6, STM32C092GCU6, STM32C092KBT6, STM32C092KBU6, STM32C092KCT6, STM32C092KCU6, STM32C092RBT6, STM32C092RCI6, STM32C092RCT6, STM32G071K8TXN, STM32G071K8UXN, STM32G081GBU6N, STM32G081KBT6N, STM32G081KBUXN, STM32G0B1CCT6N, STM32G0B1KCT6, STM32G0B1NEY6TR, STM32G0B1RCT6N, STM32G0C1CCT6, STM32G0C1CCT6N, STM32G0C1CCU6N, STM32G0C1CET6N, STM32G0C1CEU6N, STM32G0C1KCT6, STM32G0C1NEY6TR, STM32G0C1RCI6N, STM32G0C1RCT6N, STM32G0C1REI6N, STM32G0C1RET6N, STM32G0C1VCI6, STM32G0C1VEI6, STM32G411C6T3, STM32G411C6T6, STM32G411C6U3, STM32G411C6U6, STM32G411C8T3, STM32G411C8T6, STM32G411C8U3, STM32G411C8U6, STM32G411CBT3, STM32G411CBT6, STM32G411CBU3, STM32G411CBU6, STM32G411K6T3, STM32G411K6T6, STM32G411K6U3, STM32G411K6U6, STM32G411K8T3, STM32G411K8T6, STM32G411K8U3, STM32G411K8U6, STM32G411KBT3, STM32G411KBT6, STM32G411KBU3, STM32G411KBU6, STM32G411M6T3, STM32G411M6T6, STM32G411M8T3, STM32G411M8T6, STM32G411MBT3, STM32G411MBT6, STM32G411R6T3, STM32G411R6T6, STM32G411R8T3, STM32G411R8T6, STM32G411RBT3, STM32G411RBT6, STM32G414CBT3, STM32G414CBT6, STM32G414CBU3, STM32G414CBU6, STM32G414CCT3, STM32G414CCT6, STM32G414CCU3, STM32G414CCU6, STM32G414MBT3, STM32G414MBT6, STM32G414MCT3, STM32G414MCT6, STM32G414RBT3, STM32G414RBT6, STM32G414RCT3, STM32G414RCT6, STM32G414VBT3, STM32G414VBT6, STM32G414VCT3, STM32G414VCT6, STM32G431CBT3Z, STM32G431RBT3Z, STM32G471CCT6, STM32G471CCU6, STM32G471CET3, STM32G471CET6, STM32G471CEU3, STM32G471CEU6, STM32G471MCT6, STM32G471MET3, STM32G471MET6, STM32G471MEY6TR, STM32G471QCT6, STM32G471QET3, STM32G471RCT6, STM32G471RET3, STM32G471RET6, STM32G471VCH6, STM32G471VCI6, STM32G471VCT6, STM32G471VEH3, STM32G471VEH6, STM32G471VEI3, STM32G471VEI6, STM32G471VET3, STM32G471VET6, STM32G473QET3Z, STM32G473RET3Z, STM32G474CCT6, STM32G491RET3Z, STM32H503CBT6, STM32H503CBU6, STM32H503EBY6TR, STM32H503KBU6, STM32H503RBT6, STM32H523CCT6, STM32H523CCU6, STM32H523CET6, STM32H523CEU6, STM32H523HEY6TR, STM32H523RCT6, STM32H523RET6, STM32H523VCI6, STM32H523VCT6, STM32H523VEI6, STM32H523VET6, STM32H523ZCJ6, STM32H523ZCT6, STM32H523ZEJ6, STM32H523ZET6, STM32H533CET6, STM32H533CEU6, STM32H533HEY6TR, STM32H533RET6, STM32H533VEI6, STM32H533VET6, STM32H533ZEJ6, STM32H533ZET6, STM32H562AGI6, STM32H562AII6, STM32H562IGK6, STM32H562IGT6, STM32H562IIK6, STM32H562IIT6, STM32H562RGT6, STM32H562RGV6, STM32H562RIT6, STM32H562RIV6, STM32H562VGT6, STM32H562VIT6, STM32H562ZGT6, STM32H562ZIT6, STM32H563AGI6, STM32H563AII3Q, STM32H563AII6, STM32H563IGK6, STM32H563IGT6, STM32H563IIK3Q, STM32H563IIK6, STM32H563IIT3Q, STM32H563IIT6, STM32H563MIY3QTR, STM32H563RGT6, STM32H563RGV6, STM32H563RIT6, STM32H563RIV6, STM32H563VGT6, STM32H563VIT3Q, STM32H563VIT6, STM32H563ZGT6, STM32H563ZIT3Q, STM32H563ZIT6, STM32H573AII3Q, STM32H573AII6, STM32H573I-DK, STM32H573IIK3Q, STM32H573IIK6, STM32H573IIT3Q, STM32H573IIT6, STM32H573MIY3QTR, STM32H573RIT6, STM32H573RIV6, STM32H573VIT3Q, STM32H573VIT6, STM32H573ZIT3Q, STM32H573ZIT6, STM32H7R3A8I6, STM32H7R3I8K6, STM32H7R3I8T6, STM32H7R3L8H6, STM32H7R3L8H6H, STM32H7R3R8V6, STM32H7R3V8H6, STM32H7R3V8T6, STM32H7R3V8Y6TR, STM32H7R3Z8J6, STM32H7R3Z8T6, STM32H7R7A8I6, STM32H7R7I8K6, STM32H7R7I8T6, STM32H7R7L8H6, STM32H7R7L8H6H, STM32H7R7Z8J6, STM32H7S3A8I6, STM32H7S3I8K6, STM32H7S3I8T6, STM32H7S3L8H6, STM32H7S3L8H6H, STM32H7S3R8V6, STM32H7S3V8H6, STM32H7S3V8T6, STM32H7S3V8Y6TR, STM32H7S3Z8J6, STM32H7S3Z8T6, STM32H7S78-DK, STM32H7S7A8I6, STM32H7S7I8K6, STM32H7S7I8T6, STM32H7S7L8H6, STM32H7S7L8H6H, STM32H7S7Z8J6, STM32L4R5QGI6STR, STM32MP131AAE3, STM32MP131AAF3, STM32MP131AAG3, STM32MP131CAE3, STM32MP131CAF3, STM32MP131CAG3, STM32MP131DAE7, STM32MP131DAF7, STM32MP131DAG7, STM32MP131FAE7, STM32MP131FAF7, STM32MP131FAG7, STM32MP133AAE3, STM32MP133AAF3, STM32MP133AAG3, STM32MP133CAE3, STM32MP133CAF3, STM32MP133CAG3, STM32MP133DAE7, STM32MP133DAF7, STM32MP133DAG7, STM32MP133FAE7, STM32MP133FAF7, STM32MP133FAG7, STM32MP135AAE3, STM32MP135AAF3, STM32MP135AAG3, STM32MP135CAE3, STM32MP135CAF3, STM32MP135CAG3, STM32MP135DAE7, STM32MP135DAF7, STM32MP135DAG7, STM32MP135F-DK, STM32MP135FAE7, STM32MP135FAF7, STM32MP135FAF7T, STM32MP135FAF7U, STM32MP135FAG7, STM32MP211AAL3, STM32MP211AAM3, STM32MP211AAN3, STM32MP211AAO3, STM32MP211CAL3, STM32MP211CAM3, STM32MP211CAN3, STM32MP211CAO3, STM32MP211DAL3, STM32MP211DAM3, STM32MP211DAN3, STM32MP211DAO3, STM32MP211FAL3, STM32MP211FAM3, STM32MP211FAN3, STM32MP211FAO3, STM32MP213AAL3, STM32MP213AAM3, STM32MP213AAN3, STM32MP213AAO3, STM32MP213CAL3, STM32MP213CAM3, STM32MP213CAN3, STM32MP213CAO3, STM32MP213DAL3, STM32MP213DAM3, STM32MP213DAN3, STM32MP213DAO3, STM32MP213FAL3, STM32MP213FAM3, STM32MP213FAN3, STM32MP213FAO3, STM32MP215AAL3, STM32MP215AAM3, STM32MP215AAN3, STM32MP215AAO3, STM32MP215CAL3, STM32MP215CAM3, STM32MP215CAN3, STM32MP215CAO3, STM32MP215DAL3, STM32MP215DAM3, STM32MP215DAN3, STM32MP215DAO3, STM32MP215F-DK, STM32MP215FAL3, STM32MP215FAM3, STM32MP215FAN3, STM32MP215FAO3, STM32MP231AAJ3, STM32MP231AAK3, STM32MP231AAL3, STM32MP231CAJ3, STM32MP231CAK3, STM32MP231CAL3, STM32MP231DAJ3, STM32MP231DAK3, STM32MP231DAL3, STM32MP231FAJ3, STM32MP231FAK3, STM32MP231FAL3, STM32MP233AAJ3, STM32MP233AAK3, STM32MP233AAL3, STM32MP233CAJ3, STM32MP233CAK3, STM32MP233CAL3, STM32MP233DAJ3, STM32MP233DAK3, STM32MP233DAL3, STM32MP233FAJ3, STM32MP233FAK3, STM32MP233FAL3, STM32MP235AAJ3, STM32MP235AAK3, STM32MP235AAL3, STM32MP235CAJ3, STM32MP235CAK3, STM32MP235CAL3, STM32MP235DAJ3, STM32MP235DAK3, STM32MP235DAL3, STM32MP235FAJ3, STM32MP235FAK3, STM32MP235FAL3, STM32MP251AAI3, STM32MP251AAK3, STM32MP251AAL3, STM32MP251CAI3, STM32MP251CAK3, STM32MP251CAL3, STM32MP251DAI3, STM32MP251DAK3, STM32MP251DAL3, STM32MP251FAI3, STM32MP251FAK3, STM32MP251FAL3, STM32MP253AAI3, STM32MP253AAK3, STM32MP253AAL3, STM32MP253CAI3, STM32MP253CAK3, STM32MP253CAL3, STM32MP253DAI3, STM32MP253DAK3, STM32MP253DAL3, STM32MP253FAI3, STM32MP253FAK3, STM32MP253FAL3, STM32MP255AAI3, STM32MP255AAK3, STM32MP255AAL3, STM32MP255CAI3, STM32MP255CAK3, STM32MP255CAL3, STM32MP255DAI3, STM32MP255DAK3, STM32MP255DAL3, STM32MP255FAI3, STM32MP255FAK3, STM32MP255FAL3, STM32MP257AAI3, STM32MP257AAK3, STM32MP257AAL3, STM32MP257CAI3, STM32MP257CAK3, STM32MP257CAL3, STM32MP257DAI3, STM32MP257DAK3, STM32MP257DAL3, STM32MP257F-DK, STM32MP257F-EV1, STM32MP257FAI3, STM32MP257FAK3, STM32MP257FAL3, STM32N645A0H3Q, STM32N645B0H3Q, STM32N645I0H3Q, STM32N645L0H3Q, STM32N645X0H3Q, STM32N645Z0H3Q, STM32N647A0H3Q, STM32N647B0H3Q, STM32N647I0H3Q, STM32N647L0H3Q, STM32N647X0H3Q, STM32N647Z0H3Q, STM32N655A0H3Q, STM32N655B0H3Q, STM32N655I0H3Q, STM32N655L0H3Q, STM32N655X0H3Q, STM32N655Z0H3Q, STM32N6570-DK, STM32N657A0H3Q, STM32N657B0H3Q, STM32N657I0H3Q, STM32N657L0H3Q, STM32N657X0H3Q, STM32N657Z0H3Q, STM32U031C6T6, STM32U031C6U6, STM32U031C8T6, STM32U031C8U6, STM32U031F4P6, STM32U031F6P6, STM32U031F8P6, STM32U031G6Y6TR, STM32U031G8Y6TR, STM32U031K4U6, STM32U031K6U6, STM32U031K8U6, STM32U031R6I6, STM32U031R6T6, STM32U031R8I6, STM32U031R8T6, STM32U073C8T6, STM32U073C8U6, STM32U073CBT6, STM32U073CBU6, STM32U073CCT6, STM32U073CCU6, STM32U073H8Y6TR, STM32U073HBY6TR, STM32U073HCY6TR, STM32U073K8U6, STM32U073KBU6, STM32U073KCU6, STM32U073M8I6, STM32U073M8T6, STM32U073MBI6, STM32U073MBT6, STM32U073MCI6, STM32U073MCT6, STM32U073R8I6, STM32U073R8T6, STM32U073RBI6, STM32U073RBT6, STM32U073RCI6, STM32U073RCT6, STM32U083C-DK, STM32U083CCT6, STM32U083CCU6, STM32U083HCY6TR, STM32U083KCU6, STM32U083MCI6, STM32U083MCT6, STM32U083RCI6, STM32U083RCT6, STM32U375CET6, STM32U375CET6Q, STM32U375CEU6, STM32U375CEU6Q, STM32U375CEY6QTR, STM32U375CGT6, STM32U375CGT6Q, STM32U375CGU6, STM32U375CGU6Q, STM32U375CGY6QTR, STM32U375KEU6, STM32U375KGU6, STM32U375REI6, STM32U375REI6Q, STM32U375RET6, STM32U375RET6Q, STM32U375REY6GTR, STM32U375REY6QTR, STM32U375RGI6, STM32U375RGI6Q, STM32U375RGT6, STM32U375RGT6Q, STM32U375RGY6GTR, STM32U375RGY6QTR, STM32U375VEI6, STM32U375VEI6Q, STM32U375VET6, STM32U375VET6Q, STM32U375VGI6, STM32U375VGI6Q, STM32U375VGT6, STM32U375VGT6Q, STM32U385CGT6, STM32U385CGT6Q, STM32U385CGU6, STM32U385CGU6Q, STM32U385CGY6QTR, STM32U385KGU6, STM32U385RGI6, STM32U385RGI6Q, STM32U385RGT6, STM32U385RGT6Q, STM32U385RGY6GTR, STM32U385RGY6QTR, STM32U385VGI6, STM32U385VGI6Q, STM32U385VGT6, STM32U385VGT6Q, STM32U535CBT6, STM32U535CBT6Q, STM32U535CBU6, STM32U535CBU6Q, STM32U535CCT6, STM32U535CCT6Q, STM32U535CCU6, STM32U535CCU6Q, STM32U535CET6, STM32U535CET6Q, STM32U535CEU6, STM32U535CEU6Q, STM32U535JEY6QTR, STM32U535NCY6QTR, STM32U535NEY6QTR, STM32U535RBI6, STM32U535RBI6Q, STM32U535RBT6, STM32U535RBT6Q, STM32U535RCI6, STM32U535RCI6Q, STM32U535RCT6, STM32U535RCT6Q, STM32U535REI6, STM32U535REI6Q, STM32U535RET6, STM32U535RET6Q, STM32U535VCI6, STM32U535VCI6Q, STM32U535VCT6, STM32U535VCT6Q, STM32U535VEI6, STM32U535VEI6Q, STM32U535VET6, STM32U535VET6Q, STM32U545CET6, STM32U545CET6Q, STM32U545CEU6, STM32U545CEU6Q, STM32U545JEY6QTR, STM32U545NEY6QTR, STM32U545REI6, STM32U545REI6Q, STM32U545RET6, STM32U545RET6Q, STM32U545VEI6, STM32U545VEI6Q, STM32U545VET6, STM32U545VET6Q, STM32U595AIH6, STM32U595AIH6Q, STM32U595AJH6, STM32U595AJH6Q, STM32U595QII6, STM32U595QII6Q, STM32U595QJI6, STM32U595QJI6Q, STM32U595RIT6, STM32U595RIT6Q, STM32U595RJT6, STM32U595RJT6Q, STM32U595VIT6, STM32U595VIT6Q, STM32U595VJT6, STM32U595VJT6Q, STM32U595ZIT6, STM32U595ZIT6Q, STM32U595ZIY6QTR, STM32U595ZJT6, STM32U595ZJT6Q, STM32U595ZJY6QTR, STM32U599BJY6QTR, STM32U599NIH6Q, STM32U599NJH6Q, STM32U599VIT6Q, STM32U599VJT6, STM32U599VJT6Q, STM32U599ZIT6Q, STM32U599ZIY6QTR, STM32U599ZJT6Q, STM32U599ZJY6QTR, STM32U5A5AJH6, STM32U5A5AJH6Q, STM32U5A5QII3Q , STM32U5A5QJI6, STM32U5A5QJI6Q, STM32U5A5RJT6, STM32U5A5RJT6Q, STM32U5A5VJT6, STM32U5A5VJT6Q, STM32U5A5ZJT6, STM32U5A5ZJT6Q, STM32U5A5ZJY6QTR, STM32U5A9BJY6QTR, STM32U5A9J-DK, STM32U5A9NJH6Q, STM32U5A9VJT6Q, STM32U5A9ZJT6Q, STM32U5A9ZJY6QTR, STM32U5F7VIT6, STM32U5F7VIT6Q, STM32U5F7VJT6, STM32U5F7VJT6Q, STM32U5F9BJY6QTR, STM32U5F9NJH6Q, STM32U5F9VIT6Q, STM32U5F9VJT6Q, STM32U5F9ZIJ6QTR, STM32U5F9ZIT6Q, STM32U5F9ZJJ6QTR, STM32U5F9ZJT6Q, STM32U5G7VJT6, STM32U5G7VJT6Q, STM32U5G9BJY6QTR, STM32U5G9J-DK1, STM32U5G9J-DK2, STM32U5G9NJH6Q, STM32U5G9VJT6Q, STM32U5G9ZJJ6QTR, STM32U5G9ZJT6Q, STM32WB05KZV6TR, STM32WB05KZV7TR, STM32WB05TZF6TR, STM32WB05TZF7TR, STM32WB06CCF6TR, STM32WB06CCF7TR, STM32WB06CCV6TR, STM32WB06CCV7TR, STM32WB06KCV6TR, STM32WB06KCV7TR, STM32WB07CCF6TR, STM32WB07CCF7TR, STM32WB07CCV6TR, STM32WB07CCV7TR, STM32WB07KCV6TR, STM32WB07KCV7TR, STM32WB09KEV6TR, STM32WB09KEV7TR, STM32WB09TEF6TR, STM32WB09TEF7TR, STM32WB1MMCH6, STM32WBA50KGU6, STM32WBA50KGU6TR, STM32WBA52CEU6, STM32WBA52CEU6TR, STM32WBA52CEU7, STM32WBA52CEU7TR, STM32WBA52CGU6, STM32WBA52CGU6TR, STM32WBA52CGU6U, STM32WBA52CGU7, STM32WBA52CGU7TR, STM32WBA52KEU6, STM32WBA52KEU6TR, STM32WBA52KGU6, STM32WBA52KGU6TR, STM32WBA54CEU6, STM32WBA54CEU6TR, STM32WBA54CEU7, STM32WBA54CEU7TR, STM32WBA54CGU6, STM32WBA54CGU6TR, STM32WBA54CGU7, STM32WBA54CGU7TR, STM32WBA54KEU6, STM32WBA54KEU6TR, STM32WBA54KEU7, STM32WBA54KEU7TR, STM32WBA54KGU6, STM32WBA54KGU6TR, STM32WBA54KGU7, STM32WBA54KGU7TR, STM32WBA55CEU6, STM32WBA55CEU6TR, STM32WBA55CEU7, STM32WBA55CEU7TR, STM32WBA55CGU6, STM32WBA55CGU6TR, STM32WBA55CGU6U, STM32WBA55CGU7, STM32WBA55CGU7TR, STM32WBA55G-DK1, STM32WBA55HEF6, STM32WBA55HEF7, STM32WBA55HGF6, STM32WBA55HGF7, STM32WBA55UEI6, STM32WBA55UEI6TR, STM32WBA55UEI7, STM32WBA55UEI7TR, STM32WBA55UGI6, STM32WBA55UGI6TR, STM32WBA55UGI7, STM32WBA55UGI7TR, STM32WBA5MMGH6TR, STM32WBA62MGF6, STM32WBA62MIF6, STM32WBA65MGF7, STM32WBA65MIF6, STM32WBA65MIF7, STM32WL30K8V6, STM32WL30KBV6, STM32WL31C8V6, STM32WL31CBV6, STM32WL31K8V6, STM32WL31KBV6, STM32WL33C8V6, STM32WL33C8V6X, STM32WL33CBV6, STM32WL33CBV6X, STM32WL33CCV6, STM32WL33CCV6A, STM32WL33CCV6X, STM32WL33K8V7, STM32WL33K8V7X, STM32WL33KBV7 , STM32WL33KBV7X, STM32WL33KCV7, STM32WL33KCV7X, STM32WL5MOCH6, STM32WL5MOCH6TR]
2025-09-15 19:19:54,100 [INFO] BoardInfo:889 - No configuration file found for board P-NUCLEO-WB55
2025-09-15 19:19:54,101 [INFO] DbBoards:161 - Kit is not supported: P-NUCLEO-WB55
2025-09-15 19:19:54,106 [INFO] BoardInfo:889 - No configuration file found for board STEVAL-BFA001V1B
2025-09-15 19:19:54,106 [INFO] DbBoards:161 - Kit is not supported: STEVAL-BFA001V1B
2025-09-15 19:19:54,107 [INFO] BoardInfo:889 - No configuration file found for board STEVAL-BFA001V2B
2025-09-15 19:19:54,108 [INFO] DbBoards:161 - Kit is not supported: STEVAL-BFA001V2B
2025-09-15 19:19:54,269 [INFO] DbBoards:168 - Found 212 boards, 209 are supported
2025-09-15 19:19:54,269 [INFO] DbBoards:169 - Found 212 boards, 43 of them is supported for  Bsp
2025-09-15 19:19:54,272 [INFO] ApiDb:423 - Load user favorites file /Users/sheen/.stm32cubeide/favorites.boards.txt: 0 item(s)
2025-09-15 19:19:54,272 [INFO] ApiDb:427 - User favorites Boards=[]
2025-09-15 19:19:54,272 [INFO] DbBoards:198 - Set 0 / 0 favorites Boards
2025-09-15 19:19:54,273 [INFO] McuFinderGlobals:76 - Set McuFinderConnectedMode to true
2025-09-15 19:19:54,289 [INFO] MultiScanPanel:200 - Auto-refresh data requested => check proxy status ongoing
2025-09-15 19:19:54,291 [INFO] FinderPluginLoader:96 - Searching for filters in installed packs
2025-09-15 19:19:56,081 [INFO] LoadUrlFilesThread:185 - End of LoadServerUrlFiles without Thread
2025-09-15 19:19:56,157 [INFO] DetailPanel:341 - Set advertising image to /Users/sheen/STM32Cube/Repository//en.2400x1350px.jpeg
2025-09-15 19:20:05,056 [INFO] McuFinderGlobals:76 - Set McuFinderConnectedMode to true
2025-09-15 19:20:05,339 [INFO] ApiDb:448 - Save user favorites file /Users/sheen/.stm32cubeide/favorites.mcus.txt: 0 item(s)
2025-09-15 19:20:05,340 [INFO] ApiDb:452 - User favorites MCUs=[]
2025-09-15 20:39:47,042 [INFO] Activator:176 - 


2025-09-15 20:39:47,043 [INFO] Activator:177 - !SESSION log4j initialized
2025-09-15 20:39:48,783 [INFO] LogOutputStream:77 - [STDOUT_REDIRECT] 
2025-09-15 20:39:51,616 [ERROR] LogOutputStream:75 - [STDERR_REDIRECT] 
2025-09-15 20:39:53,477 [INFO] LogOutputStream:77 - [STDOUT_REDIRECT] 
2025-09-15 20:39:54,454 [INFO] ApplicationProperties:184 - Using Application install path: /Applications/STM32CubeIDE.app/Contents/Eclipse/plugins/com.st.stm32cube.common.mx_6.15.0.202507011659
2025-09-15 20:39:54,471 [INFO] DbMcusXml:78 - Set database path to: /Applications/STM32CubeIDE.app/Contents/Eclipse/plugins/com.st.stm32cube.common.mx_6.15.0.202507011659//db//mcu/
2025-09-15 20:39:54,471 [INFO] ApiDb:274 - Set plugin database path to: /Applications/STM32CubeIDE.app/Contents/Eclipse/plugins/com.st.stm32cube.common.mx_6.15.0.202507011659//db//plugins/boardmanager/
2025-09-15 20:39:54,472 [WARN] ApiDb:259 - Overriding images path with different value:  => /Applications/STM32CubeIDE.app/Contents/Eclipse/plugins/com.st.stm32cube.common.mx_6.15.0.202507011659//db//plugins/mcufinder/images/
2025-09-15 20:39:54,478 [INFO] ApiDb:250 - Set database path to: /Users/sheen/.stmcufinder/plugins/mcufinder//mcu/
2025-09-15 20:39:54,480 [INFO] DbMcusAds:125 - Set database path to: /Users/sheen/.stmcufinder/plugins/mcufinder//mcu/
2025-09-15 20:39:54,483 [INFO] CrossReferenceDbSqlite:203 - Set database path to: /Users/sheen/.stmcufinder/plugins/mcufinder//mcu/cs/
2025-09-15 20:39:54,619 [INFO] RulesReader:64 - Compatibility file has been processed (317 Rules)
2025-09-15 20:39:54,671 [INFO] DbMcusXml:78 - Set database path to: /Applications/STM32CubeIDE.app/Contents/Eclipse/plugins/com.st.stm32cube.common.mx_6.15.0.202507011659//db//mcu/
2025-09-15 20:39:54,671 [INFO] ApiDb:274 - Set plugin database path to: /Applications/STM32CubeIDE.app/Contents/Eclipse/plugins/com.st.stm32cube.common.mx_6.15.0.202507011659//db//plugins/boardmanager/
2025-09-15 20:39:54,671 [INFO] ApiDb:261 - Set plugin images path to: /Applications/STM32CubeIDE.app/Contents/Eclipse/plugins/com.st.stm32cube.common.mx_6.15.0.202507011659//db//plugins/mcufinder/images/
2025-09-15 20:39:54,672 [WARN] DbFile:41 - Overriding database path with different value: /Users/sheen/.stmcufinder/plugins/mcufinder/ => /Users/sheen/.stmcufinder/plugins/mcufinder
2025-09-15 20:39:54,672 [INFO] ApiDb:250 - Set database path to: /Users/sheen/.stmcufinder/plugins/mcufinder//mcu/
2025-09-15 20:39:54,672 [WARN] DbFile:41 - Overriding database path with different value: /Users/sheen/.stmcufinder/plugins/mcufinder/ => /Users/sheen/.stmcufinder/plugins/mcufinder
2025-09-15 20:39:54,672 [INFO] DbMcusAds:125 - Set database path to: /Users/sheen/.stmcufinder/plugins/mcufinder//mcu/
2025-09-15 20:39:54,672 [WARN] DbFile:41 - Overriding database path with different value: /Users/sheen/.stmcufinder/plugins/mcufinder/ => /Users/sheen/.stmcufinder/plugins/mcufinder
2025-09-15 20:39:54,672 [WARN] DbFile:41 - Overriding database path with different value: /Users/sheen/.stmcufinder/plugins/mcufinder/ => /Users/sheen/.stmcufinder/plugins/mcufinder
2025-09-15 20:39:54,672 [INFO] CrossReferenceDbSqlite:203 - Set database path to: /Users/sheen/.stmcufinder/plugins/mcufinder//mcu/cs/
2025-09-15 20:39:54,739 [INFO] MainPanel:274 - HeapMemory: 268435456
2025-09-15 20:39:55,905 [INFO] DbMcusXml:78 - Set database path to: /Applications/STM32CubeIDE.app/Contents/Eclipse/plugins/com.st.stm32cube.common.mx_6.15.0.202507011659//db//mcu/
2025-09-15 20:39:55,909 [INFO] ApiDb:274 - Set plugin database path to: /Applications/STM32CubeIDE.app/Contents/Eclipse/plugins/com.st.stm32cube.common.mx_6.15.0.202507011659//db//plugins/boardmanager/
2025-09-15 20:39:55,912 [INFO] ApiDb:261 - Set plugin images path to: /Applications/STM32CubeIDE.app/Contents/Eclipse/plugins/com.st.stm32cube.common.mx_6.15.0.202507011659//db//plugins/mcufinder/images/
2025-09-15 20:39:55,913 [WARN] DbFile:41 - Overriding database path with different value: /Users/sheen/.stmcufinder/plugins/mcufinder/ => /Users/sheen/.stmcufinder/plugins/mcufinder
2025-09-15 20:39:55,913 [INFO] ApiDb:250 - Set database path to: /Users/sheen/.stmcufinder/plugins/mcufinder//mcu/
2025-09-15 20:39:55,913 [WARN] DbFile:41 - Overriding database path with different value: /Users/sheen/.stmcufinder/plugins/mcufinder/ => /Users/sheen/.stmcufinder/plugins/mcufinder
2025-09-15 20:39:55,913 [INFO] DbMcusAds:125 - Set database path to: /Users/sheen/.stmcufinder/plugins/mcufinder//mcu/
2025-09-15 20:39:55,913 [WARN] DbFile:41 - Overriding database path with different value: /Users/sheen/.stmcufinder/plugins/mcufinder/ => /Users/sheen/.stmcufinder/plugins/mcufinder
2025-09-15 20:39:55,913 [WARN] DbFile:41 - Overriding database path with different value: /Users/sheen/.stmcufinder/plugins/mcufinder/ => /Users/sheen/.stmcufinder/plugins/mcufinder
2025-09-15 20:39:55,913 [INFO] CrossReferenceDbSqlite:203 - Set database path to: /Users/sheen/.stmcufinder/plugins/mcufinder//mcu/cs/
2025-09-15 20:39:55,943 [INFO] ApplicationProperties:184 - Using Application install path: /Applications/STM32CubeIDE.app/Contents/Eclipse/plugins/com.st.stm32cube.common.mx_6.15.0.202507011659
2025-09-15 20:39:55,944 [INFO] PluginManage:196 - Search for loadable plugins [exclusion list=, ]
2025-09-15 20:39:55,947 [INFO] PluginManage:310 - Check plugin analytics
2025-09-15 20:39:56,269 [INFO] AnalyticsPlugin:253 - Accepted Software Licenses: 
2025-09-15 20:39:56,270 [INFO] AnalyticsPlugin:255 - Accepted CMSIS Pack Licenses: 
2025-09-15 20:39:56,270 [INFO] AnalyticsPlugin:257 - Accepted Firmware Licenses: 
2025-09-15 20:39:56,293 [INFO] PluginManage:359 - Loaded plugin analytics (category:tool,tabindex:-1)
2025-09-15 20:39:56,295 [INFO] PluginManage:310 - Check plugin cadmodel
2025-09-15 20:39:56,318 [INFO] CADModel:105 - Init CAD model plugin
2025-09-15 20:39:56,318 [INFO] PluginManage:359 - Loaded plugin cadmodel (category:power,tabindex:5)
2025-09-15 20:39:56,319 [INFO] PluginManage:310 - Check plugin clock
2025-09-15 20:39:56,328 [INFO] PluginManage:359 - Loaded plugin clock (category:base,tabindex:2)
2025-09-15 20:39:56,328 [INFO] PluginManage:310 - Check plugin ddr
2025-09-15 20:39:56,330 [INFO] PluginManage:359 - Loaded plugin ddr (category:tool,tabindex:6)
2025-09-15 20:39:56,330 [INFO] PluginManage:310 - Check plugin filemanager
2025-09-15 20:39:56,522 [INFO] PluginManage:359 - Loaded plugin filemanager (category:base,tabindex:10)
2025-09-15 20:39:56,525 [INFO] PluginManage:310 - Check plugin ipmanager
2025-09-15 20:39:56,545 [INFO] PluginManage:359 - Loaded plugin ipmanager (category:base,tabindex:5)
2025-09-15 20:39:56,546 [INFO] PluginManage:310 - Check plugin lpbam
2025-09-15 20:39:56,559 [INFO] PluginManage:359 - Loaded plugin lpbam (category:base,tabindex:0)
2025-09-15 20:39:56,559 [INFO] PluginManage:310 - Check plugin memorymap
2025-09-15 20:39:56,573 [INFO] PluginManage:359 - Loaded plugin memorymap (category:base,tabindex:4)
2025-09-15 20:39:56,573 [INFO] PluginManage:310 - Check plugin pinoutandconfiguration
2025-09-15 20:39:56,581 [INFO] PluginManage:359 - Loaded plugin pinoutandconfiguration (category:base,tabindex:1)
2025-09-15 20:39:56,581 [INFO] PluginManage:310 - Check plugin pinoutconfig
2025-09-15 20:39:56,698 [WARN] SupportedApi:132 - Cannot load RTOS API schema: s4s-elt-must-match.1: The content of 'definitions' must match (annotation?, (simpleType | complexType)?, (unique | key | keyref)*)). A problem was found starting at: attribute.
2025-09-15 20:39:56,891 [INFO] PluginManage:359 - Loaded plugin pinoutconfig (category:base,tabindex:0)
2025-09-15 20:39:56,891 [INFO] PluginManage:310 - Check plugin power
2025-09-15 20:39:56,906 [INFO] PluginManage:359 - Loaded plugin power (category:power,tabindex:4)
2025-09-15 20:39:56,906 [INFO] PluginManage:310 - Check plugin projectmanager
2025-09-15 20:39:56,943 [INFO] PluginManage:359 - Loaded plugin projectmanager (category:projectmanager,tabindex:4)
2025-09-15 20:39:56,944 [INFO] PluginManage:310 - Check plugin rif
2025-09-15 20:39:56,952 [INFO] PluginManage:359 - Loaded plugin rif (category:base,tabindex:3)
2025-09-15 20:39:56,952 [INFO] PluginManage:310 - Check plugin thirdparty
2025-09-15 20:39:57,153 [INFO] PluginManage:359 - Loaded plugin thirdparty (category:base,tabindex:-1)
2025-09-15 20:39:57,153 [INFO] PluginManage:310 - Check plugin tools
2025-09-15 20:39:57,153 [WARN] IntegrityCheckThread:84 - waiting for thirdparty lock release [integrity check]
2025-09-15 20:39:57,155 [INFO] IntegrityCheckThread:86 - entering critical section [integrity check]
2025-09-15 20:39:57,156 [INFO] ThirdPartyUpdaterWithRetryManager:70 - Updater plugin not ready yet. [1/15]
2025-09-15 20:39:57,156 [INFO] PluginManage:359 - Loaded plugin tools (category:base,tabindex:7)
2025-09-15 20:39:57,156 [INFO] PluginManage:310 - Check plugin tutovideos
2025-09-15 20:39:57,318 [INFO] PluginManage:359 - Loaded plugin tutovideos (category:base,tabindex:-1)
2025-09-15 20:39:57,319 [INFO] PluginManage:310 - Check plugin updater
2025-09-15 20:39:57,345 [INFO] PluginManage:359 - Loaded plugin updater (category:base,tabindex:12)
2025-09-15 20:39:57,345 [INFO] PluginManage:310 - Check plugin userauth
2025-09-15 20:39:57,350 [INFO] UserAuth:118 - Init User Auth plugin
2025-09-15 20:39:57,351 [INFO] PluginManage:359 - Loaded plugin userauth (category:base,tabindex:14)
2025-09-15 20:39:57,352 [INFO] PluginManage:283 - PluginManage : Loaded plugins [18]
2025-09-15 20:39:57,580 [INFO] PinOutPanel:1589 - setPackage(No Configuration,No Configuration)
2025-09-15 20:39:57,649 [INFO] CADModel:165 - CPN selected for project level
2025-09-15 20:39:57,650 [INFO] CADModel:114 - Register for checkConnection events
2025-09-15 20:39:57,661 [INFO] IPUIPlugin:80 - create IPUIPlugin
2025-09-15 20:39:57,662 [INFO] PluginManager:220 - loadIPPluginJar : add mdma
2025-09-15 20:39:57,667 [INFO] IPUIPlugin:80 - create IPUIPlugin
2025-09-15 20:39:57,667 [INFO] PluginManager:220 - loadIPPluginJar : add freertos
2025-09-15 20:39:57,670 [INFO] IPUIPlugin:80 - create IPUIPlugin
2025-09-15 20:39:57,671 [INFO] PluginManager:220 - loadIPPluginJar : add gic
2025-09-15 20:39:57,677 [INFO] IPUIPlugin:80 - create IPUIPlugin
2025-09-15 20:39:57,678 [INFO] PluginManager:220 - loadIPPluginJar : add adc
2025-09-15 20:39:57,679 [INFO] IPUIPlugin:80 - create IPUIPlugin
2025-09-15 20:39:57,679 [INFO] PluginManager:220 - loadIPPluginJar : add gtzc
2025-09-15 20:39:57,679 [INFO] IPUIPlugin:80 - create IPUIPlugin
2025-09-15 20:39:57,679 [INFO] PluginManager:220 - loadIPPluginJar : add quadspi
2025-09-15 20:39:57,681 [INFO] IPUIPlugin:80 - create IPUIPlugin
2025-09-15 20:39:57,681 [INFO] PluginManager:220 - loadIPPluginJar : add aes
2025-09-15 20:39:57,682 [INFO] IPUIPlugin:80 - create IPUIPlugin
2025-09-15 20:39:57,682 [INFO] PluginManager:220 - loadIPPluginJar : add pdm2pcm
2025-09-15 20:39:57,683 [INFO] IPUIPlugin:80 - create IPUIPlugin
2025-09-15 20:39:57,683 [INFO] PluginManager:220 - loadIPPluginJar : add hash
2025-09-15 20:39:57,684 [INFO] IPUIPlugin:80 - create IPUIPlugin
2025-09-15 20:39:57,684 [INFO] PluginManager:220 - loadIPPluginJar : add tim
2025-09-15 20:39:57,685 [INFO] IPUIPlugin:80 - create IPUIPlugin
2025-09-15 20:39:57,685 [INFO] PluginManager:220 - loadIPPluginJar : add tsc
2025-09-15 20:39:57,686 [INFO] IPUIPlugin:80 - create IPUIPlugin
2025-09-15 20:39:57,687 [INFO] PluginManager:220 - loadIPPluginJar : add extmemmanager
2025-09-15 20:39:57,688 [INFO] IPUIPlugin:80 - create IPUIPlugin
2025-09-15 20:39:57,688 [INFO] PluginManager:220 - loadIPPluginJar : add ts
2025-09-15 20:39:57,689 [INFO] IPUIPlugin:80 - create IPUIPlugin
2025-09-15 20:39:57,689 [INFO] PluginManager:220 - loadIPPluginJar : add radio
2025-09-15 20:39:57,690 [INFO] IPUIPlugin:80 - create IPUIPlugin
2025-09-15 20:39:57,690 [INFO] PluginManager:220 - loadIPPluginJar : add can
2025-09-15 20:39:57,692 [INFO] IPUIPlugin:80 - create IPUIPlugin
2025-09-15 20:39:57,692 [INFO] PluginManager:220 - loadIPPluginJar : add dma3
2025-09-15 20:39:57,694 [INFO] IPUIPlugin:80 - create IPUIPlugin
2025-09-15 20:39:57,694 [INFO] PluginManager:220 - loadIPPluginJar : add dfsdm
2025-09-15 20:39:57,695 [INFO] IPUIPlugin:80 - create IPUIPlugin
2025-09-15 20:39:57,695 [INFO] PluginManager:220 - loadIPPluginJar : add spi
2025-09-15 20:39:57,696 [INFO] IPUIPlugin:80 - create IPUIPlugin
2025-09-15 20:39:57,696 [INFO] PluginManager:220 - loadIPPluginJar : add gfxmmu
2025-09-15 20:39:57,697 [INFO] IPUIPlugin:80 - create IPUIPlugin
2025-09-15 20:39:57,697 [INFO] PluginManager:220 - loadIPPluginJar : add genericplugin
2025-09-15 20:39:57,698 [INFO] IPUIPlugin:80 - create IPUIPlugin
2025-09-15 20:39:57,699 [INFO] PluginManager:220 - loadIPPluginJar : add cryp
2025-09-15 20:39:57,701 [INFO] IPUIPlugin:80 - create IPUIPlugin
2025-09-15 20:39:57,701 [INFO] PluginManager:220 - loadIPPluginJar : add gpio
2025-09-15 20:39:57,703 [INFO] IPUIPlugin:80 - create IPUIPlugin
2025-09-15 20:39:57,704 [INFO] PluginManager:220 - loadIPPluginJar : add ddr_ctrl_phy
2025-09-15 20:39:57,705 [INFO] IPUIPlugin:80 - create IPUIPlugin
2025-09-15 20:39:57,705 [INFO] PluginManager:220 - loadIPPluginJar : add comp
2025-09-15 20:39:57,708 [INFO] IPUIPlugin:80 - create IPUIPlugin
2025-09-15 20:39:57,708 [INFO] PluginManager:220 - loadIPPluginJar : add tracer_emb
2025-09-15 20:39:57,710 [INFO] IPUIPlugin:80 - create IPUIPlugin
2025-09-15 20:39:57,710 [INFO] PluginManager:220 - loadIPPluginJar : add openamp
2025-09-15 20:39:57,713 [INFO] IPUIPlugin:80 - create IPUIPlugin
2025-09-15 20:39:57,713 [INFO] PluginManager:220 - loadIPPluginJar : add stm32_wpan
2025-09-15 20:39:57,717 [INFO] IPUIPlugin:80 - create IPUIPlugin
2025-09-15 20:39:57,719 [INFO] PluginManager:220 - loadIPPluginJar : add plateformsettings
2025-09-15 20:39:57,721 [INFO] IPUIPlugin:80 - create IPUIPlugin
2025-09-15 20:39:57,721 [INFO] PluginManager:220 - loadIPPluginJar : add ipddr
2025-09-15 20:39:57,722 [INFO] IPUIPlugin:80 - create IPUIPlugin
2025-09-15 20:39:57,722 [INFO] PluginManager:220 - loadIPPluginJar : add usart
2025-09-15 20:39:57,723 [INFO] IPUIPlugin:80 - create IPUIPlugin
2025-09-15 20:39:57,723 [INFO] PluginManager:220 - loadIPPluginJar : add ltdc
2025-09-15 20:39:57,724 [INFO] IPUIPlugin:80 - create IPUIPlugin
2025-09-15 20:39:57,725 [INFO] PluginManager:220 - loadIPPluginJar : add nvic
2025-09-15 20:39:57,725 [INFO] IPUIPlugin:80 - create IPUIPlugin
2025-09-15 20:39:57,726 [INFO] PluginManager:220 - loadIPPluginJar : add fatfs
2025-09-15 20:39:57,730 [INFO] IPUIPlugin:80 - create IPUIPlugin
2025-09-15 20:39:57,731 [INFO] PluginManager:220 - loadIPPluginJar : add linkedlist
2025-09-15 20:39:57,734 [INFO] IPUIPlugin:80 - create IPUIPlugin
2025-09-15 20:39:57,734 [INFO] PluginManager:220 - loadIPPluginJar : add dma
2025-09-15 20:39:57,736 [INFO] IPUIPlugin:80 - create IPUIPlugin
2025-09-15 20:39:57,736 [INFO] PluginManager:220 - loadIPPluginJar : add fmc
2025-09-15 20:39:57,737 [INFO] IPUIPlugin:80 - create IPUIPlugin
2025-09-15 20:39:57,737 [INFO] PluginManager:220 - loadIPPluginJar : add i2s
2025-09-15 20:39:57,738 [INFO] IPUIPlugin:80 - create IPUIPlugin
2025-09-15 20:39:57,738 [INFO] PluginManager:220 - loadIPPluginJar : add ucpd
2025-09-15 20:39:57,739 [INFO] IPUIPlugin:80 - create IPUIPlugin
2025-09-15 20:39:57,740 [INFO] PluginManager:220 - loadIPPluginJar : add lorawan
2025-09-15 20:39:57,741 [INFO] IPUIPlugin:80 - create IPUIPlugin
2025-09-15 20:39:57,741 [INFO] PluginManager:220 - loadIPPluginJar : add opamp
2025-09-15 20:39:57,742 [INFO] IPUIPlugin:80 - create IPUIPlugin
2025-09-15 20:39:57,742 [INFO] PluginManager:220 - loadIPPluginJar : add i3c
2025-09-15 20:39:57,744 [INFO] IPUIPlugin:80 - create IPUIPlugin
2025-09-15 20:39:57,744 [INFO] PluginManager:220 - loadIPPluginJar : add touchsensing
2025-09-15 20:39:57,745 [INFO] IPUIPlugin:80 - create IPUIPlugin
2025-09-15 20:39:57,746 [INFO] PluginManager:220 - loadIPPluginJar : add i2c
2025-09-15 20:39:57,748 [INFO] IPUIPlugin:80 - create IPUIPlugin
2025-09-15 20:39:57,748 [INFO] PluginManager:220 - loadIPPluginJar : add resmgrutility
2025-09-15 20:39:57,749 [INFO] IPUIPlugin:80 - create IPUIPlugin
2025-09-15 20:39:57,749 [INFO] PluginManager:220 - loadIPPluginJar : add sai
2025-09-15 20:39:57,751 [INFO] IPUIPlugin:80 - create IPUIPlugin
2025-09-15 20:39:57,751 [INFO] PluginManager:220 - loadIPPluginJar : add usbx
2025-09-15 20:39:57,859 [FATAL] Updater:351 - Updater called before beeing initialized
2025-09-15 20:39:57,911 [INFO] RulesReader:64 - Compatibility file has been processed (317 Rules)
2025-09-15 20:39:57,921 [INFO] RulesReader:64 - Compatibility file has been processed (317 Rules)
2025-09-15 20:39:57,930 [INFO] CADModel:165 - CPN selected for project level
2025-09-15 20:39:57,930 [INFO] CADModel:114 - Register for checkConnection events
2025-09-15 20:39:57,930 [FATAL] Updater:351 - Updater called before beeing initialized
2025-09-15 20:39:57,930 [ERROR] CADModel:125 - Updater not yet initialized, retry later 
2025-09-15 20:39:58,150 [FATAL] Updater:351 - Updater called before beeing initialized
2025-09-15 20:39:58,151 [INFO] CADModel:165 - CPN selected for project level
2025-09-15 20:39:58,152 [INFO] CADModel:114 - Register for checkConnection events
2025-09-15 20:39:58,153 [FATAL] Updater:351 - Updater called before beeing initialized
2025-09-15 20:39:58,153 [ERROR] CADModel:125 - Updater not yet initialized, retry later 
2025-09-15 20:39:58,155 [FATAL] Updater:351 - Updater called before beeing initialized
2025-09-15 20:39:58,310 [FATAL] Updater:351 - Updater called before beeing initialized
2025-09-15 20:39:58,317 [INFO] DbMcusAds:53 - JSON generation date=Tue Jul 08 01:14:23 PDT 2025 (1751962463582)
2025-09-15 20:39:58,317 [FATAL] Updater:351 - Updater called before beeing initialized
2025-09-15 20:39:58,380 [WARN] DetailPanel:346 - Failed to get advertising image, set to default
2025-09-15 20:39:58,451 [FATAL] Updater:351 - Updater called before beeing initialized
2025-09-15 20:39:58,455 [FATAL] Updater:351 - Updater called before beeing initialized
2025-09-15 20:39:58,455 [FATAL] Updater:351 - Updater called before beeing initialized
2025-09-15 20:39:58,456 [WARN] DetailPanel:346 - Failed to get advertising image, set to default
2025-09-15 20:39:58,457 [FATAL] Updater:351 - Updater called before beeing initialized
2025-09-15 20:39:58,530 [ERROR] Updater:1198 - MainUpdater not yet initialized. External WinMGr cannot be set.
2025-09-15 20:39:58,537 [INFO] Updater:1134 - Updater Version found : 6.15.0
2025-09-15 20:39:58,553 [INFO] ApplicationProperties:184 - Using Application install path: /Applications/STM32CubeIDE.app/Contents/Eclipse/plugins/com.st.stm32cube.common.mx_6.15.0.202507011659
2025-09-15 20:39:58,895 [INFO] MainUpdater:2872 - connection check result : 10
2025-09-15 20:39:58,896 [INFO] MainUpdater:289 - Updater Check For Update Now.
2025-09-15 20:39:58,896 [INFO] MicroXplorer:498 - Change Database Version : DB.6.0.150
2025-09-15 20:39:58,914 [INFO] McuFinderGlobals:63 - Set McuFinder mode to 2 (CubeIDE integrated)
2025-09-15 20:39:58,914 [INFO] UserAuth:171 - activating auth plugin
2025-09-15 20:39:59,013 [INFO] UserAuth:487 - Internet connection configuration mode: 1
2025-09-15 20:39:59,031 [INFO] JxBrowserEngine:152 - Initiate JxBrowser Engine with user profile folder
2025-09-15 20:39:59,193 [INFO] CheckServerUpdateThread:120 - End of CheckServer Thread
2025-09-15 20:40:00,319 [WARN] PackLoader:240 - Cannot read IP mode file for STMicroelectronics.FP-SNS-MOTENVWB1.1.4.0
2025-09-15 20:40:00,341 [WARN] PackLoader:240 - Cannot read IP mode file for STMicroelectronics.FP-ATR-ASTRA1.2.0.2
2025-09-15 20:40:00,353 [WARN] PackLoader:240 - Cannot read IP mode file for STMicroelectronics.X-CUBE-SMBUS.2.1.0
2025-09-15 20:40:00,359 [WARN] PackLoader:240 - Cannot read IP mode file for STMicroelectronics.X-CUBE-ST60.1.0.0
2025-09-15 20:40:00,404 [WARN] PackLoader:240 - Cannot read IP mode file for STMicroelectronics.X-CUBE-AZRTOS-F7.1.1.0
2025-09-15 20:40:00,478 [WARN] PackLoader:240 - Cannot read IP mode file for Infineon.AIROC-Wi-Fi-Bluetooth-STM32.1.7.1
2025-09-15 20:40:00,553 [WARN] PackLoader:240 - Cannot read IP mode file for STMicroelectronics.X-CUBE-AZRTOS-H7.3.4.0
2025-09-15 20:40:00,591 [WARN] PackLoader:240 - Cannot read IP mode file for STMicroelectronics.X-CUBE-DISPLAY.3.0.0
2025-09-15 20:40:00,621 [WARN] PackLoader:240 - Cannot read IP mode file for STMicroelectronics.X-CUBE-NFC10.1.0.0
2025-09-15 20:40:00,632 [WARN] PackLoader:240 - Cannot read IP mode file for emotas.I-CUBE-CANOPEN.1.3.0
2025-09-15 20:40:00,646 [WARN] PackLoader:240 - Cannot read IP mode file for STMicroelectronics.FP-SNS-STBOX1.2.1.0
2025-09-15 20:40:00,655 [WARN] PackLoader:240 - Cannot read IP mode file for STMicroelectronics.FP-SNS-SMARTAG2.1.2.0
2025-09-15 20:40:00,681 [WARN] PackLoader:240 - Cannot read IP mode file for STMicroelectronics.FP-SNS-FLIGHT1.5.1.0
2025-09-15 20:40:00,693 [INFO] LogOutputStream:77 - [STDOUT_REDIRECT] 1 : Invalid condition id : UX_CORESTACK_Condition cause : null
2025-09-15 20:40:00,694 [INFO] LogOutputStream:77 - [STDOUT_REDIRECT] 1 : Invalid condition id : UX_CORESTACK_Condition cause : null
2025-09-15 20:40:00,694 [INFO] LogOutputStream:77 - [STDOUT_REDIRECT] 1 : Invalid condition id : UX_CORESTACK_Condition cause : null
2025-09-15 20:40:00,694 [INFO] LogOutputStream:77 - [STDOUT_REDIRECT] 1 : Invalid condition id : UX_CORESTACK_Condition cause : null
2025-09-15 20:40:00,694 [INFO] LogOutputStream:77 - [STDOUT_REDIRECT] 1 : Invalid condition id : UX_CORESTACK_Condition cause : null
2025-09-15 20:40:00,701 [WARN] PackLoader:240 - Cannot read IP mode file for STMicroelectronics.X-CUBE-AZRTOS-WL.2.0.0
2025-09-15 20:40:00,710 [WARN] PackLoader:240 - Cannot read IP mode file for STMicroelectronics.FP-SNS-MOTENV1.5.0.0
2025-09-15 20:40:00,723 [WARN] PackLoader:240 - Cannot read IP mode file for WES.I-CUBE-Cesium.1.3.0
2025-09-15 20:40:00,740 [WARN] PackLoader:240 - Cannot read IP mode file for STMicroelectronics.X-CUBE-BLE2.3.3.0
2025-09-15 20:40:00,752 [WARN] PackLoader:240 - Cannot read IP mode file for STMicroelectronics.X-CUBE-NFC9.1.0.0
2025-09-15 20:40:00,761 [WARN] PackLoader:240 - Cannot read IP mode file for wolfSSL.I-CUBE-wolfSSL.5.8.2
2025-09-15 20:40:00,773 [WARN] PackLoader:240 - Cannot read IP mode file for STMicroelectronics.X-CUBE-BLE1.7.1.0
2025-09-15 20:40:00,781 [WARN] PackLoader:240 - Cannot read IP mode file for wolfSSL.I-CUBE-wolfMQTT.1.19.2
2025-09-15 20:40:00,787 [WARN] PackLoader:240 - Cannot read IP mode file for STMicroelectronics.X-CUBE-EEPRMA1.5.2.0
2025-09-15 20:40:00,795 [WARN] PackLoader:240 - Cannot read IP mode file for STMicroelectronics.X-CUBE-AI.10.1.0
2025-09-15 20:40:00,817 [WARN] PackLoader:240 - Cannot read IP mode file for STMicroelectronics.X-CUBE-AZRTOS-G0.1.1.0
2025-09-15 20:40:00,831 [WARN] PackLoader:240 - Cannot read IP mode file for STMicroelectronics.X-CUBE-SAFEA1.1.2.2
2025-09-15 20:40:00,837 [WARN] PackLoader:240 - Cannot read IP mode file for STMicroelectronics.X-CUBE-NFC4.3.0.0
2025-09-15 20:40:00,854 [WARN] PackLoader:240 - Cannot read IP mode file for EmbeddedOffice.I-CUBE-FS-RTOS.1.0.1
2025-09-15 20:40:00,864 [WARN] PackLoader:240 - Cannot read IP mode file for STMicroelectronics.X-CUBE-WB05N.2.0.0
2025-09-15 20:40:00,882 [WARN] PackLoader:240 - Cannot read IP mode file for wolfSSL.I-CUBE-wolfTPM.3.8.0
2025-09-15 20:40:00,891 [WARN] PackLoader:240 - Cannot read IP mode file for STMicroelectronics.X-CUBE-TCPP.4.2.0
2025-09-15 20:40:00,897 [WARN] PackLoader:240 - Cannot read IP mode file for RealThread.X-CUBE-RT-Thread_Nano.4.1.1
2025-09-15 20:40:00,900 [WARN] PackLoader:240 - Cannot read IP mode file for STMicroelectronics.FP-ATR-SIGFOX1.3.2.0
2025-09-15 20:40:00,906 [WARN] PackLoader:240 - Cannot read IP mode file for ITTIA_DB.I-CUBE-ITTIADB.8.9.0
2025-09-15 20:40:00,914 [WARN] PackLoader:240 - Cannot read IP mode file for STMicroelectronics.X-CUBE-ST67W61.1.0.0
2025-09-15 20:40:00,920 [WARN] PackLoader:240 - Cannot read IP mode file for STMicroelectronics.X-CUBE-AI.10.2.0
2025-09-15 20:40:01,020 [WARN] PackLoader:240 - Cannot read IP mode file for SEGGER.I-CUBE-embOS.1.3.1
2025-09-15 20:40:01,097 [WARN] PackLoader:240 - Cannot read IP mode file for STMicroelectronics.X-CUBE-ALGOBUILD.1.4.0
2025-09-15 20:40:01,189 [WARN] PackLoader:240 - Cannot read IP mode file for STMicroelectronics.X-CUBE-MEMS1.11.3.0
2025-09-15 20:40:01,549 [WARN] PackLoader:240 - Cannot read IP mode file for STMicroelectronics.X-CUBE-PM33A1.1.0.0
2025-09-15 20:40:01,625 [WARN] PackLoader:240 - Cannot read IP mode file for STMicroelectronics.X-CUBE-AZRTOS-F4.1.1.0
2025-09-15 20:40:01,638 [WARN] PackLoader:240 - Cannot read IP mode file for Avnet-IotConnect.X-CUBE-IoTC-DA16k-PMOD.1.0.0
2025-09-15 20:40:01,648 [WARN] PackLoader:240 - Cannot read IP mode file for STMicroelectronics.X-CUBE-ISPU.2.1.0
2025-09-15 20:40:01,682 [WARN] PackLoader:240 - Cannot read IP mode file for STMicroelectronics.X-CUBE-NFC12.1.0.0
2025-09-15 20:40:01,714 [WARN] PackLoader:240 - Cannot read IP mode file for STMicroelectronics.X-CUBE-AZRTOS-L5.2.0.0
2025-09-15 20:40:01,735 [WARN] PackLoader:240 - Cannot read IP mode file for STMicroelectronics.X-CUBE-NFC6.3.1.0
2025-09-15 20:40:01,748 [WARN] PackLoader:240 - Cannot read IP mode file for STMicroelectronics.X-CUBE-FREERTOS.1.3.1
2025-09-15 20:40:01,756 [WARN] PackLoader:240 - Cannot read IP mode file for STMicroelectronics.FP-SNS-STAIOTCFT.1.0.0
2025-09-15 20:40:01,762 [WARN] PackLoader:240 - Cannot read IP mode file for STMicroelectronics.X-CUBE-DPower.1.3.0
2025-09-15 20:40:01,782 [WARN] ConditionMgr:438 - getConditionDescription Invalid condition id : LAN8742 Phy interface Condition cause : null
2025-09-15 20:40:01,785 [WARN] PackLoader:240 - Cannot read IP mode file for STMicroelectronics.X-CUBE-AZRTOS-L4.2.0.0
2025-09-15 20:40:01,787 [WARN] ConditionMgr:1044 - genDependencies : Invalid condition id : LAN8742 Phy interface Condition cause : null
2025-09-15 20:40:01,789 [WARN] ConditionMgr:1044 - genDependencies : Invalid condition id : LAN8742 Phy interface Condition cause : null
2025-09-15 20:40:01,791 [WARN] ConditionMgr:1044 - genDependencies : Invalid condition id : LAN8742 Phy interface Condition cause : null
2025-09-15 20:40:01,807 [WARN] PackLoader:240 - Cannot read IP mode file for STMicroelectronics.X-CUBE-SFXS2LP1.4.0.0
2025-09-15 20:40:01,826 [WARN] PackLoader:240 - Cannot read IP mode file for STMicroelectronics.X-CUBE-BLEMGR.4.1.0
2025-09-15 20:40:01,847 [WARN] ConditionMgr:438 - getConditionDescription Invalid condition id : UX DEVICE CLASS RTOS Condition cause : null
2025-09-15 20:40:01,848 [WARN] ConditionMgr:438 - getConditionDescription Invalid condition id : UX DEVICE CLASS RTOS Condition cause : null
2025-09-15 20:40:01,851 [WARN] PackLoader:240 - Cannot read IP mode file for STMicroelectronics.X-CUBE-AZRTOS-WB.2.0.0
2025-09-15 20:40:01,852 [WARN] ConditionMgr:1044 - genDependencies : Invalid condition id : UX DEVICE CLASS RTOS Condition cause : null
2025-09-15 20:40:01,852 [WARN] ConditionMgr:1044 - genDependencies : Invalid condition id : UX DEVICE CLASS RTOS Condition cause : null
2025-09-15 20:40:01,853 [WARN] ConditionMgr:1044 - genDependencies : Invalid condition id : UX DEVICE CLASS RTOS Condition cause : null
2025-09-15 20:40:01,853 [WARN] ConditionMgr:1044 - genDependencies : Invalid condition id : UX DEVICE CLASS RTOS Condition cause : null
2025-09-15 20:40:01,853 [WARN] ConditionMgr:1044 - genDependencies : Invalid condition id : UX DEVICE CLASS RTOS Condition cause : null
2025-09-15 20:40:01,859 [WARN] PackLoader:240 - Cannot read IP mode file for STMicroelectronics.X-CUBE-GNSS1.7.0.1
2025-09-15 20:40:01,881 [WARN] PackLoader:240 - Cannot read IP mode file for STMicroelectronics.X-CUBE-TOUCHGFX.4.25.0
2025-09-15 20:40:01,893 [WARN] PackLoader:240 - Cannot read IP mode file for STMicroelectronics.FP-SNS-STBOX1.2.0.0
2025-09-15 20:40:01,899 [WARN] ConditionMgr:438 - getConditionDescription Invalid condition id : Cortex-A Device cause : null
2025-09-15 20:40:01,954 [WARN] ConditionMgr:1044 - genDependencies : Invalid condition id : Cortex-A Device cause : null
2025-09-15 20:40:01,955 [WARN] ConditionMgr:1044 - genDependencies : Invalid condition id : Cortex-A Device cause : null
2025-09-15 20:40:01,955 [WARN] ConditionMgr:1044 - genDependencies : Invalid condition id : Cortex-A Device cause : null
2025-09-15 20:40:01,970 [WARN] PackLoader:240 - Cannot read IP mode file for STMicroelectronics.X-CUBE-SUBG2.5.0.0
2025-09-15 20:40:02,001 [WARN] PackLoader:240 - Cannot read IP mode file for STMicroelectronics.X-CUBE-AZRTOS-H7RS.1.1.0
2025-09-15 20:40:02,010 [WARN] PackLoader:240 - Cannot read IP mode file for Cesanta.I-CUBE-Mongoose.7.13.0
2025-09-15 20:40:02,034 [WARN] PackLoader:240 - Cannot read IP mode file for STMicroelectronics.X-CUBE-AZRTOS-G4.2.0.0
2025-09-15 20:40:02,044 [WARN] PackLoader:240 - Cannot read IP mode file for wolfSSL.I-CUBE-wolfSSH.1.4.20
2025-09-15 20:40:02,048 [WARN] PackLoader:240 - Cannot read IP mode file for STMicroelectronics.X-CUBE-NFC7.2.0.0
2025-09-15 20:40:02,059 [WARN] PackLoader:240 - Cannot read IP mode file for STMicroelectronics.X-CUBE-IPS.3.1.0
2025-09-15 20:40:02,065 [WARN] PackLoader:240 - Cannot read IP mode file for STMicroelectronics.X-CUBE-ALS.1.0.2
2025-09-15 20:40:02,072 [WARN] PackLoader:240 - Cannot read IP mode file for STMicroelectronics.X-CUBE-STSE01.1.0.0
2025-09-15 20:40:02,078 [WARN] PackLoader:240 - Cannot read IP mode file for portGmbH.I-Cube-SoM-uGOAL.1.1.0
2025-09-15 20:40:02,092 [WARN] PackLoader:240 - Cannot read IP mode file for STMicroelectronics.X-CUBE-TOF1.3.4.3
2025-09-15 20:40:02,101 [INFO] ThirdParty:978 - Integrity check success = true
2025-09-15 20:40:02,101 [INFO] IntegrityCheckThread:100 - exiting critical section [integrity check]
2025-09-15 20:40:02,101 [INFO] IntegrityCheckThread:103 - End integrity checks thread
2025-09-15 20:40:03,872 [INFO] WebApp:169 - Instantiating new browser for Auth
2025-09-15 20:40:05,381 [INFO] WebApp:463 - Apply proxy settings
2025-09-15 20:40:05,396 [INFO] WebApp:508 - Chromium authenticates against Manually configured proxy
2025-09-15 20:40:05,414 [INFO] WebApp:516 - Username used for proxy authentication: 
2025-09-15 20:40:05,458 [INFO] WebApp:900 - Register for checkConnection events
2025-09-15 20:40:05,459 [INFO] WebApp:463 - Apply proxy settings
2025-09-15 20:40:05,463 [INFO] WebApp:508 - Chromium authenticates against Manually configured proxy
2025-09-15 20:40:05,463 [INFO] WebApp:516 - Username used for proxy authentication: 
2025-09-15 20:40:05,661 [INFO] WebApp:225 - Starting web application
2025-09-15 20:40:05,661 [INFO] WebApp:593 - Web application path used /Applications/STM32CubeIDE.app/Contents/Eclipse/plugins/com.st.stm32cube.common.mx_6.15.0.202507011659/db/plugins/mcufinder/reactClient1/index.html
2025-09-15 20:40:06,150 [INFO] WebApp:191 - Connection restablished
2025-09-15 20:47:47,723 [INFO] Activator:176 - 


2025-09-15 20:47:47,726 [INFO] Activator:177 - !SESSION log4j initialized
2025-09-15 20:47:52,458 [INFO] LogOutputStream:77 - [STDOUT_REDIRECT] 
2025-09-15 20:47:52,717 [ERROR] LogOutputStream:75 - [STDERR_REDIRECT] 
2025-09-15 20:47:54,393 [INFO] LogOutputStream:77 - [STDOUT_REDIRECT] 
2025-09-15 20:47:55,844 [INFO] ApplicationProperties:184 - Using Application install path: /Applications/STM32CubeIDE.app/Contents/Eclipse/plugins/com.st.stm32cube.common.mx_6.15.0.202507011659
2025-09-15 20:47:55,859 [INFO] DbMcusXml:78 - Set database path to: /Applications/STM32CubeIDE.app/Contents/Eclipse/plugins/com.st.stm32cube.common.mx_6.15.0.202507011659//db//mcu/
2025-09-15 20:47:55,859 [INFO] ApiDb:274 - Set plugin database path to: /Applications/STM32CubeIDE.app/Contents/Eclipse/plugins/com.st.stm32cube.common.mx_6.15.0.202507011659//db//plugins/boardmanager/
2025-09-15 20:47:55,861 [WARN] ApiDb:259 - Overriding images path with different value:  => /Applications/STM32CubeIDE.app/Contents/Eclipse/plugins/com.st.stm32cube.common.mx_6.15.0.202507011659//db//plugins/mcufinder/images/
2025-09-15 20:47:55,867 [INFO] ApiDb:250 - Set database path to: /Users/sheen/.stmcufinder/plugins/mcufinder//mcu/
2025-09-15 20:47:55,868 [INFO] DbMcusAds:125 - Set database path to: /Users/sheen/.stmcufinder/plugins/mcufinder//mcu/
2025-09-15 20:47:55,869 [INFO] CrossReferenceDbSqlite:203 - Set database path to: /Users/sheen/.stmcufinder/plugins/mcufinder//mcu/cs/
2025-09-15 20:47:56,037 [INFO] RulesReader:64 - Compatibility file has been processed (317 Rules)
2025-09-15 20:47:56,100 [INFO] DbMcusXml:78 - Set database path to: /Applications/STM32CubeIDE.app/Contents/Eclipse/plugins/com.st.stm32cube.common.mx_6.15.0.202507011659//db//mcu/
2025-09-15 20:47:56,101 [INFO] ApiDb:274 - Set plugin database path to: /Applications/STM32CubeIDE.app/Contents/Eclipse/plugins/com.st.stm32cube.common.mx_6.15.0.202507011659//db//plugins/boardmanager/
2025-09-15 20:47:56,102 [INFO] ApiDb:261 - Set plugin images path to: /Applications/STM32CubeIDE.app/Contents/Eclipse/plugins/com.st.stm32cube.common.mx_6.15.0.202507011659//db//plugins/mcufinder/images/
2025-09-15 20:47:56,102 [WARN] DbFile:41 - Overriding database path with different value: /Users/sheen/.stmcufinder/plugins/mcufinder/ => /Users/sheen/.stmcufinder/plugins/mcufinder
2025-09-15 20:47:56,102 [INFO] ApiDb:250 - Set database path to: /Users/sheen/.stmcufinder/plugins/mcufinder//mcu/
2025-09-15 20:47:56,102 [WARN] DbFile:41 - Overriding database path with different value: /Users/sheen/.stmcufinder/plugins/mcufinder/ => /Users/sheen/.stmcufinder/plugins/mcufinder
2025-09-15 20:47:56,102 [INFO] DbMcusAds:125 - Set database path to: /Users/sheen/.stmcufinder/plugins/mcufinder//mcu/
2025-09-15 20:47:56,103 [WARN] DbFile:41 - Overriding database path with different value: /Users/sheen/.stmcufinder/plugins/mcufinder/ => /Users/sheen/.stmcufinder/plugins/mcufinder
2025-09-15 20:47:56,103 [WARN] DbFile:41 - Overriding database path with different value: /Users/sheen/.stmcufinder/plugins/mcufinder/ => /Users/sheen/.stmcufinder/plugins/mcufinder
2025-09-15 20:47:56,103 [INFO] CrossReferenceDbSqlite:203 - Set database path to: /Users/sheen/.stmcufinder/plugins/mcufinder//mcu/cs/
2025-09-15 20:47:56,178 [INFO] MainPanel:274 - HeapMemory: 268435456
2025-09-15 20:47:56,602 [INFO] DbMcusXml:78 - Set database path to: /Applications/STM32CubeIDE.app/Contents/Eclipse/plugins/com.st.stm32cube.common.mx_6.15.0.202507011659//db//mcu/
2025-09-15 20:47:56,603 [INFO] ApiDb:274 - Set plugin database path to: /Applications/STM32CubeIDE.app/Contents/Eclipse/plugins/com.st.stm32cube.common.mx_6.15.0.202507011659//db//plugins/boardmanager/
2025-09-15 20:47:56,603 [INFO] ApiDb:261 - Set plugin images path to: /Applications/STM32CubeIDE.app/Contents/Eclipse/plugins/com.st.stm32cube.common.mx_6.15.0.202507011659//db//plugins/mcufinder/images/
2025-09-15 20:47:56,603 [WARN] DbFile:41 - Overriding database path with different value: /Users/sheen/.stmcufinder/plugins/mcufinder/ => /Users/sheen/.stmcufinder/plugins/mcufinder
2025-09-15 20:47:56,603 [INFO] ApiDb:250 - Set database path to: /Users/sheen/.stmcufinder/plugins/mcufinder//mcu/
2025-09-15 20:47:56,603 [WARN] DbFile:41 - Overriding database path with different value: /Users/sheen/.stmcufinder/plugins/mcufinder/ => /Users/sheen/.stmcufinder/plugins/mcufinder
2025-09-15 20:47:56,603 [INFO] DbMcusAds:125 - Set database path to: /Users/sheen/.stmcufinder/plugins/mcufinder//mcu/
2025-09-15 20:47:56,603 [WARN] DbFile:41 - Overriding database path with different value: /Users/sheen/.stmcufinder/plugins/mcufinder/ => /Users/sheen/.stmcufinder/plugins/mcufinder
2025-09-15 20:47:56,603 [WARN] DbFile:41 - Overriding database path with different value: /Users/sheen/.stmcufinder/plugins/mcufinder/ => /Users/sheen/.stmcufinder/plugins/mcufinder
2025-09-15 20:47:56,604 [INFO] CrossReferenceDbSqlite:203 - Set database path to: /Users/sheen/.stmcufinder/plugins/mcufinder//mcu/cs/
2025-09-15 20:47:56,631 [INFO] ApplicationProperties:184 - Using Application install path: /Applications/STM32CubeIDE.app/Contents/Eclipse/plugins/com.st.stm32cube.common.mx_6.15.0.202507011659
2025-09-15 20:47:56,634 [INFO] PluginManage:196 - Search for loadable plugins [exclusion list=, ]
2025-09-15 20:47:56,637 [INFO] PluginManage:310 - Check plugin analytics
2025-09-15 20:47:56,916 [INFO] AnalyticsPlugin:253 - Accepted Software Licenses: 
2025-09-15 20:47:56,917 [INFO] AnalyticsPlugin:255 - Accepted CMSIS Pack Licenses: 
2025-09-15 20:47:56,917 [INFO] AnalyticsPlugin:257 - Accepted Firmware Licenses: 
2025-09-15 20:47:56,922 [INFO] PluginManage:359 - Loaded plugin analytics (category:tool,tabindex:-1)
2025-09-15 20:47:56,923 [INFO] PluginManage:310 - Check plugin cadmodel
2025-09-15 20:47:56,945 [INFO] CADModel:105 - Init CAD model plugin
2025-09-15 20:47:56,945 [INFO] PluginManage:359 - Loaded plugin cadmodel (category:power,tabindex:5)
2025-09-15 20:47:56,945 [INFO] PluginManage:310 - Check plugin clock
2025-09-15 20:47:56,956 [INFO] PluginManage:359 - Loaded plugin clock (category:base,tabindex:2)
2025-09-15 20:47:56,956 [INFO] PluginManage:310 - Check plugin ddr
2025-09-15 20:47:56,958 [INFO] PluginManage:359 - Loaded plugin ddr (category:tool,tabindex:6)
2025-09-15 20:47:56,958 [INFO] PluginManage:310 - Check plugin filemanager
2025-09-15 20:47:57,117 [INFO] PluginManage:359 - Loaded plugin filemanager (category:base,tabindex:10)
2025-09-15 20:47:57,118 [INFO] PluginManage:310 - Check plugin ipmanager
2025-09-15 20:47:57,124 [INFO] PluginManage:359 - Loaded plugin ipmanager (category:base,tabindex:5)
2025-09-15 20:47:57,124 [INFO] PluginManage:310 - Check plugin lpbam
2025-09-15 20:47:57,134 [INFO] PluginManage:359 - Loaded plugin lpbam (category:base,tabindex:0)
2025-09-15 20:47:57,134 [INFO] PluginManage:310 - Check plugin memorymap
2025-09-15 20:47:57,141 [INFO] PluginManage:359 - Loaded plugin memorymap (category:base,tabindex:4)
2025-09-15 20:47:57,142 [INFO] PluginManage:310 - Check plugin pinoutandconfiguration
2025-09-15 20:47:57,147 [INFO] PluginManage:359 - Loaded plugin pinoutandconfiguration (category:base,tabindex:1)
2025-09-15 20:47:57,147 [INFO] PluginManage:310 - Check plugin pinoutconfig
2025-09-15 20:47:57,216 [WARN] SupportedApi:132 - Cannot load RTOS API schema: s4s-elt-must-match.1: The content of 'definitions' must match (annotation?, (simpleType | complexType)?, (unique | key | keyref)*)). A problem was found starting at: attribute.
2025-09-15 20:47:57,340 [INFO] PluginManage:359 - Loaded plugin pinoutconfig (category:base,tabindex:0)
2025-09-15 20:47:57,341 [INFO] PluginManage:310 - Check plugin power
2025-09-15 20:47:57,352 [INFO] PluginManage:359 - Loaded plugin power (category:power,tabindex:4)
2025-09-15 20:47:57,352 [INFO] PluginManage:310 - Check plugin projectmanager
2025-09-15 20:47:57,380 [INFO] PluginManage:359 - Loaded plugin projectmanager (category:projectmanager,tabindex:4)
2025-09-15 20:47:57,380 [INFO] PluginManage:310 - Check plugin rif
2025-09-15 20:47:57,389 [INFO] PluginManage:359 - Loaded plugin rif (category:base,tabindex:3)
2025-09-15 20:47:57,389 [INFO] PluginManage:310 - Check plugin thirdparty
2025-09-15 20:47:57,515 [INFO] PluginManage:359 - Loaded plugin thirdparty (category:base,tabindex:-1)
2025-09-15 20:47:57,515 [WARN] IntegrityCheckThread:84 - waiting for thirdparty lock release [integrity check]
2025-09-15 20:47:57,516 [INFO] IntegrityCheckThread:86 - entering critical section [integrity check]
2025-09-15 20:47:57,516 [INFO] PluginManage:310 - Check plugin tools
2025-09-15 20:47:57,516 [INFO] ThirdPartyUpdaterWithRetryManager:70 - Updater plugin not ready yet. [1/15]
2025-09-15 20:47:57,518 [INFO] PluginManage:359 - Loaded plugin tools (category:base,tabindex:7)
2025-09-15 20:47:57,519 [INFO] PluginManage:310 - Check plugin tutovideos
2025-09-15 20:47:57,685 [INFO] PluginManage:359 - Loaded plugin tutovideos (category:base,tabindex:-1)
2025-09-15 20:47:57,685 [INFO] PluginManage:310 - Check plugin updater
2025-09-15 20:47:57,712 [INFO] PluginManage:359 - Loaded plugin updater (category:base,tabindex:12)
2025-09-15 20:47:57,712 [INFO] PluginManage:310 - Check plugin userauth
2025-09-15 20:47:57,716 [INFO] UserAuth:118 - Init User Auth plugin
2025-09-15 20:47:57,717 [INFO] PluginManage:359 - Loaded plugin userauth (category:base,tabindex:14)
2025-09-15 20:47:57,718 [INFO] PluginManage:283 - PluginManage : Loaded plugins [18]
2025-09-15 20:47:57,976 [INFO] PinOutPanel:1589 - setPackage(No Configuration,No Configuration)
2025-09-15 20:47:58,050 [INFO] CADModel:165 - CPN selected for project level
2025-09-15 20:47:58,050 [INFO] CADModel:114 - Register for checkConnection events
2025-09-15 20:47:58,061 [INFO] IPUIPlugin:80 - create IPUIPlugin
2025-09-15 20:47:58,061 [INFO] PluginManager:220 - loadIPPluginJar : add mdma
2025-09-15 20:47:58,066 [INFO] IPUIPlugin:80 - create IPUIPlugin
2025-09-15 20:47:58,066 [INFO] PluginManager:220 - loadIPPluginJar : add freertos
2025-09-15 20:47:58,069 [INFO] IPUIPlugin:80 - create IPUIPlugin
2025-09-15 20:47:58,069 [INFO] PluginManager:220 - loadIPPluginJar : add gic
2025-09-15 20:47:58,076 [INFO] IPUIPlugin:80 - create IPUIPlugin
2025-09-15 20:47:58,076 [INFO] PluginManager:220 - loadIPPluginJar : add adc
2025-09-15 20:47:58,078 [INFO] IPUIPlugin:80 - create IPUIPlugin
2025-09-15 20:47:58,078 [INFO] PluginManager:220 - loadIPPluginJar : add gtzc
2025-09-15 20:47:58,079 [INFO] IPUIPlugin:80 - create IPUIPlugin
2025-09-15 20:47:58,079 [INFO] PluginManager:220 - loadIPPluginJar : add quadspi
2025-09-15 20:47:58,080 [INFO] IPUIPlugin:80 - create IPUIPlugin
2025-09-15 20:47:58,080 [INFO] PluginManager:220 - loadIPPluginJar : add aes
2025-09-15 20:47:58,081 [INFO] IPUIPlugin:80 - create IPUIPlugin
2025-09-15 20:47:58,081 [INFO] PluginManager:220 - loadIPPluginJar : add pdm2pcm
2025-09-15 20:47:58,082 [INFO] IPUIPlugin:80 - create IPUIPlugin
2025-09-15 20:47:58,082 [INFO] PluginManager:220 - loadIPPluginJar : add hash
2025-09-15 20:47:58,083 [INFO] IPUIPlugin:80 - create IPUIPlugin
2025-09-15 20:47:58,083 [INFO] PluginManager:220 - loadIPPluginJar : add tim
2025-09-15 20:47:58,084 [INFO] IPUIPlugin:80 - create IPUIPlugin
2025-09-15 20:47:58,084 [INFO] PluginManager:220 - loadIPPluginJar : add tsc
2025-09-15 20:47:58,085 [INFO] IPUIPlugin:80 - create IPUIPlugin
2025-09-15 20:47:58,085 [INFO] PluginManager:220 - loadIPPluginJar : add extmemmanager
2025-09-15 20:47:58,086 [INFO] IPUIPlugin:80 - create IPUIPlugin
2025-09-15 20:47:58,086 [INFO] PluginManager:220 - loadIPPluginJar : add ts
2025-09-15 20:47:58,087 [INFO] IPUIPlugin:80 - create IPUIPlugin
2025-09-15 20:47:58,087 [INFO] PluginManager:220 - loadIPPluginJar : add radio
2025-09-15 20:47:58,088 [INFO] IPUIPlugin:80 - create IPUIPlugin
2025-09-15 20:47:58,088 [INFO] PluginManager:220 - loadIPPluginJar : add can
2025-09-15 20:47:58,090 [INFO] IPUIPlugin:80 - create IPUIPlugin
2025-09-15 20:47:58,090 [INFO] PluginManager:220 - loadIPPluginJar : add dma3
2025-09-15 20:47:58,091 [INFO] IPUIPlugin:80 - create IPUIPlugin
2025-09-15 20:47:58,091 [INFO] PluginManager:220 - loadIPPluginJar : add dfsdm
2025-09-15 20:47:58,092 [INFO] IPUIPlugin:80 - create IPUIPlugin
2025-09-15 20:47:58,092 [INFO] PluginManager:220 - loadIPPluginJar : add spi
2025-09-15 20:47:58,093 [INFO] IPUIPlugin:80 - create IPUIPlugin
2025-09-15 20:47:58,093 [INFO] PluginManager:220 - loadIPPluginJar : add gfxmmu
2025-09-15 20:47:58,094 [INFO] IPUIPlugin:80 - create IPUIPlugin
2025-09-15 20:47:58,094 [INFO] PluginManager:220 - loadIPPluginJar : add genericplugin
2025-09-15 20:47:58,095 [INFO] IPUIPlugin:80 - create IPUIPlugin
2025-09-15 20:47:58,095 [INFO] PluginManager:220 - loadIPPluginJar : add cryp
2025-09-15 20:47:58,098 [INFO] IPUIPlugin:80 - create IPUIPlugin
2025-09-15 20:47:58,099 [INFO] PluginManager:220 - loadIPPluginJar : add gpio
2025-09-15 20:47:58,101 [INFO] IPUIPlugin:80 - create IPUIPlugin
2025-09-15 20:47:58,101 [INFO] PluginManager:220 - loadIPPluginJar : add ddr_ctrl_phy
2025-09-15 20:47:58,102 [INFO] IPUIPlugin:80 - create IPUIPlugin
2025-09-15 20:47:58,103 [INFO] PluginManager:220 - loadIPPluginJar : add comp
2025-09-15 20:47:58,105 [INFO] IPUIPlugin:80 - create IPUIPlugin
2025-09-15 20:47:58,106 [INFO] PluginManager:220 - loadIPPluginJar : add tracer_emb
2025-09-15 20:47:58,107 [INFO] IPUIPlugin:80 - create IPUIPlugin
2025-09-15 20:47:58,107 [INFO] PluginManager:220 - loadIPPluginJar : add openamp
2025-09-15 20:47:58,110 [INFO] IPUIPlugin:80 - create IPUIPlugin
2025-09-15 20:47:58,110 [INFO] PluginManager:220 - loadIPPluginJar : add stm32_wpan
2025-09-15 20:47:58,113 [INFO] IPUIPlugin:80 - create IPUIPlugin
2025-09-15 20:47:58,116 [INFO] PluginManager:220 - loadIPPluginJar : add plateformsettings
2025-09-15 20:47:58,118 [INFO] IPUIPlugin:80 - create IPUIPlugin
2025-09-15 20:47:58,118 [INFO] PluginManager:220 - loadIPPluginJar : add ipddr
2025-09-15 20:47:58,119 [INFO] IPUIPlugin:80 - create IPUIPlugin
2025-09-15 20:47:58,119 [INFO] PluginManager:220 - loadIPPluginJar : add usart
2025-09-15 20:47:58,119 [INFO] IPUIPlugin:80 - create IPUIPlugin
2025-09-15 20:47:58,119 [INFO] PluginManager:220 - loadIPPluginJar : add ltdc
2025-09-15 20:47:58,121 [INFO] IPUIPlugin:80 - create IPUIPlugin
2025-09-15 20:47:58,121 [INFO] PluginManager:220 - loadIPPluginJar : add nvic
2025-09-15 20:47:58,122 [INFO] IPUIPlugin:80 - create IPUIPlugin
2025-09-15 20:47:58,122 [INFO] PluginManager:220 - loadIPPluginJar : add fatfs
2025-09-15 20:47:58,127 [INFO] IPUIPlugin:80 - create IPUIPlugin
2025-09-15 20:47:58,127 [INFO] PluginManager:220 - loadIPPluginJar : add linkedlist
2025-09-15 20:47:58,131 [INFO] IPUIPlugin:80 - create IPUIPlugin
2025-09-15 20:47:58,131 [INFO] PluginManager:220 - loadIPPluginJar : add dma
2025-09-15 20:47:58,134 [INFO] IPUIPlugin:80 - create IPUIPlugin
2025-09-15 20:47:58,134 [INFO] PluginManager:220 - loadIPPluginJar : add fmc
2025-09-15 20:47:58,135 [INFO] IPUIPlugin:80 - create IPUIPlugin
2025-09-15 20:47:58,135 [INFO] PluginManager:220 - loadIPPluginJar : add i2s
2025-09-15 20:47:58,135 [INFO] IPUIPlugin:80 - create IPUIPlugin
2025-09-15 20:47:58,135 [INFO] PluginManager:220 - loadIPPluginJar : add ucpd
2025-09-15 20:47:58,136 [INFO] IPUIPlugin:80 - create IPUIPlugin
2025-09-15 20:47:58,137 [INFO] PluginManager:220 - loadIPPluginJar : add lorawan
2025-09-15 20:47:58,137 [INFO] IPUIPlugin:80 - create IPUIPlugin
2025-09-15 20:47:58,138 [INFO] PluginManager:220 - loadIPPluginJar : add opamp
2025-09-15 20:47:58,139 [INFO] IPUIPlugin:80 - create IPUIPlugin
2025-09-15 20:47:58,139 [INFO] PluginManager:220 - loadIPPluginJar : add i3c
2025-09-15 20:47:58,141 [INFO] IPUIPlugin:80 - create IPUIPlugin
2025-09-15 20:47:58,141 [INFO] PluginManager:220 - loadIPPluginJar : add touchsensing
2025-09-15 20:47:58,142 [INFO] IPUIPlugin:80 - create IPUIPlugin
2025-09-15 20:47:58,142 [INFO] PluginManager:220 - loadIPPluginJar : add i2c
2025-09-15 20:47:58,144 [INFO] IPUIPlugin:80 - create IPUIPlugin
2025-09-15 20:47:58,144 [INFO] PluginManager:220 - loadIPPluginJar : add resmgrutility
2025-09-15 20:47:58,145 [INFO] IPUIPlugin:80 - create IPUIPlugin
2025-09-15 20:47:58,146 [INFO] PluginManager:220 - loadIPPluginJar : add sai
2025-09-15 20:47:58,147 [INFO] IPUIPlugin:80 - create IPUIPlugin
2025-09-15 20:47:58,147 [INFO] PluginManager:220 - loadIPPluginJar : add usbx
2025-09-15 20:47:58,257 [FATAL] Updater:351 - Updater called before beeing initialized
2025-09-15 20:47:58,307 [INFO] RulesReader:64 - Compatibility file has been processed (317 Rules)
2025-09-15 20:47:58,320 [INFO] RulesReader:64 - Compatibility file has been processed (317 Rules)
2025-09-15 20:47:58,326 [INFO] CADModel:165 - CPN selected for project level
2025-09-15 20:47:58,326 [INFO] CADModel:114 - Register for checkConnection events
2025-09-15 20:47:58,326 [FATAL] Updater:351 - Updater called before beeing initialized
2025-09-15 20:47:58,326 [ERROR] CADModel:125 - Updater not yet initialized, retry later 
2025-09-15 20:47:58,534 [FATAL] Updater:351 - Updater called before beeing initialized
2025-09-15 20:47:58,535 [INFO] CADModel:165 - CPN selected for project level
2025-09-15 20:47:58,536 [INFO] CADModel:114 - Register for checkConnection events
2025-09-15 20:47:58,536 [FATAL] Updater:351 - Updater called before beeing initialized
2025-09-15 20:47:58,536 [ERROR] CADModel:125 - Updater not yet initialized, retry later 
2025-09-15 20:47:58,539 [FATAL] Updater:351 - Updater called before beeing initialized
2025-09-15 20:47:58,673 [FATAL] Updater:351 - Updater called before beeing initialized
2025-09-15 20:47:58,679 [INFO] DbMcusAds:53 - JSON generation date=Tue Jul 08 01:14:23 PDT 2025 (1751962463582)
2025-09-15 20:47:58,679 [FATAL] Updater:351 - Updater called before beeing initialized
2025-09-15 20:47:58,740 [WARN] DetailPanel:346 - Failed to get advertising image, set to default
2025-09-15 20:47:58,820 [FATAL] Updater:351 - Updater called before beeing initialized
2025-09-15 20:47:58,822 [FATAL] Updater:351 - Updater called before beeing initialized
2025-09-15 20:47:58,823 [FATAL] Updater:351 - Updater called before beeing initialized
2025-09-15 20:47:58,824 [WARN] DetailPanel:346 - Failed to get advertising image, set to default
2025-09-15 20:47:58,825 [FATAL] Updater:351 - Updater called before beeing initialized
2025-09-15 20:47:58,881 [ERROR] Updater:1198 - MainUpdater not yet initialized. External WinMGr cannot be set.
2025-09-15 20:47:58,884 [INFO] Updater:1134 - Updater Version found : 6.15.0
2025-09-15 20:47:58,897 [INFO] ApplicationProperties:184 - Using Application install path: /Applications/STM32CubeIDE.app/Contents/Eclipse/plugins/com.st.stm32cube.common.mx_6.15.0.202507011659
2025-09-15 20:47:59,193 [INFO] MainUpdater:2872 - connection check result : 10
2025-09-15 20:47:59,194 [INFO] MainUpdater:289 - Updater Check For Update Now.
2025-09-15 20:47:59,194 [INFO] MicroXplorer:498 - Change Database Version : DB.6.0.150
2025-09-15 20:47:59,203 [INFO] McuFinderGlobals:63 - Set McuFinder mode to 2 (CubeIDE integrated)
2025-09-15 20:47:59,203 [INFO] UserAuth:171 - activating auth plugin
2025-09-15 20:47:59,219 [INFO] UserAuth:487 - Internet connection configuration mode: 1
2025-09-15 20:47:59,232 [INFO] JxBrowserEngine:152 - Initiate JxBrowser Engine with user profile folder
2025-09-15 20:47:59,469 [INFO] CheckServerUpdateThread:120 - End of CheckServer Thread
2025-09-15 20:48:00,698 [WARN] PackLoader:240 - Cannot read IP mode file for STMicroelectronics.FP-SNS-MOTENVWB1.1.4.0
2025-09-15 20:48:00,723 [WARN] PackLoader:240 - Cannot read IP mode file for STMicroelectronics.FP-ATR-ASTRA1.2.0.2
2025-09-15 20:48:00,738 [WARN] PackLoader:240 - Cannot read IP mode file for STMicroelectronics.X-CUBE-SMBUS.2.1.0
2025-09-15 20:48:00,746 [WARN] PackLoader:240 - Cannot read IP mode file for STMicroelectronics.X-CUBE-ST60.1.0.0
2025-09-15 20:48:00,794 [WARN] PackLoader:240 - Cannot read IP mode file for STMicroelectronics.X-CUBE-AZRTOS-F7.1.1.0
2025-09-15 20:48:00,900 [WARN] PackLoader:240 - Cannot read IP mode file for Infineon.AIROC-Wi-Fi-Bluetooth-STM32.1.7.1
2025-09-15 20:48:00,973 [WARN] PackLoader:240 - Cannot read IP mode file for STMicroelectronics.X-CUBE-AZRTOS-H7.3.4.0
2025-09-15 20:48:01,004 [WARN] PackLoader:240 - Cannot read IP mode file for STMicroelectronics.X-CUBE-DISPLAY.3.0.0
2025-09-15 20:48:01,027 [WARN] PackLoader:240 - Cannot read IP mode file for STMicroelectronics.X-CUBE-NFC10.1.0.0
2025-09-15 20:48:01,043 [WARN] PackLoader:240 - Cannot read IP mode file for emotas.I-CUBE-CANOPEN.1.3.0
2025-09-15 20:48:01,059 [WARN] PackLoader:240 - Cannot read IP mode file for STMicroelectronics.FP-SNS-STBOX1.2.1.0
2025-09-15 20:48:01,067 [WARN] PackLoader:240 - Cannot read IP mode file for STMicroelectronics.FP-SNS-SMARTAG2.1.2.0
2025-09-15 20:48:01,072 [WARN] PackLoader:240 - Cannot read IP mode file for STMicroelectronics.FP-SNS-FLIGHT1.5.1.0
2025-09-15 20:48:01,081 [INFO] LogOutputStream:77 - [STDOUT_REDIRECT] 1 : Invalid condition id : UX_CORESTACK_Condition cause : null
2025-09-15 20:48:01,082 [INFO] LogOutputStream:77 - [STDOUT_REDIRECT] 1 : Invalid condition id : UX_CORESTACK_Condition cause : null
2025-09-15 20:48:01,082 [INFO] LogOutputStream:77 - [STDOUT_REDIRECT] 1 : Invalid condition id : UX_CORESTACK_Condition cause : null
2025-09-15 20:48:01,082 [INFO] LogOutputStream:77 - [STDOUT_REDIRECT] 1 : Invalid condition id : UX_CORESTACK_Condition cause : null
2025-09-15 20:48:01,082 [INFO] LogOutputStream:77 - [STDOUT_REDIRECT] 1 : Invalid condition id : UX_CORESTACK_Condition cause : null
2025-09-15 20:48:01,088 [WARN] PackLoader:240 - Cannot read IP mode file for STMicroelectronics.X-CUBE-AZRTOS-WL.2.0.0
2025-09-15 20:48:01,097 [WARN] PackLoader:240 - Cannot read IP mode file for STMicroelectronics.FP-SNS-MOTENV1.5.0.0
2025-09-15 20:48:01,117 [WARN] PackLoader:240 - Cannot read IP mode file for WES.I-CUBE-Cesium.1.3.0
2025-09-15 20:48:01,123 [WARN] PackLoader:240 - Cannot read IP mode file for STMicroelectronics.X-CUBE-BLE2.3.3.0
2025-09-15 20:48:01,133 [WARN] PackLoader:240 - Cannot read IP mode file for STMicroelectronics.X-CUBE-NFC9.1.0.0
2025-09-15 20:48:01,144 [WARN] PackLoader:240 - Cannot read IP mode file for wolfSSL.I-CUBE-wolfSSL.5.8.2
2025-09-15 20:48:01,160 [WARN] PackLoader:240 - Cannot read IP mode file for STMicroelectronics.X-CUBE-BLE1.7.1.0
2025-09-15 20:48:01,175 [WARN] PackLoader:240 - Cannot read IP mode file for wolfSSL.I-CUBE-wolfMQTT.1.19.2
2025-09-15 20:48:01,184 [WARN] PackLoader:240 - Cannot read IP mode file for STMicroelectronics.X-CUBE-EEPRMA1.5.2.0
2025-09-15 20:48:01,200 [WARN] PackLoader:240 - Cannot read IP mode file for STMicroelectronics.X-CUBE-AI.10.1.0
2025-09-15 20:48:01,220 [WARN] PackLoader:240 - Cannot read IP mode file for STMicroelectronics.X-CUBE-AZRTOS-G0.1.1.0
2025-09-15 20:48:01,230 [WARN] PackLoader:240 - Cannot read IP mode file for STMicroelectronics.X-CUBE-SAFEA1.1.2.2
2025-09-15 20:48:01,236 [WARN] PackLoader:240 - Cannot read IP mode file for STMicroelectronics.X-CUBE-NFC4.3.0.0
2025-09-15 20:48:01,251 [WARN] PackLoader:240 - Cannot read IP mode file for EmbeddedOffice.I-CUBE-FS-RTOS.1.0.1
2025-09-15 20:48:01,260 [WARN] PackLoader:240 - Cannot read IP mode file for STMicroelectronics.X-CUBE-WB05N.2.0.0
2025-09-15 20:48:01,266 [WARN] PackLoader:240 - Cannot read IP mode file for wolfSSL.I-CUBE-wolfTPM.3.8.0
2025-09-15 20:48:01,272 [WARN] PackLoader:240 - Cannot read IP mode file for STMicroelectronics.X-CUBE-TCPP.4.2.0
2025-09-15 20:48:01,276 [WARN] PackLoader:240 - Cannot read IP mode file for RealThread.X-CUBE-RT-Thread_Nano.4.1.1
2025-09-15 20:48:01,279 [WARN] PackLoader:240 - Cannot read IP mode file for STMicroelectronics.FP-ATR-SIGFOX1.3.2.0
2025-09-15 20:48:01,284 [WARN] PackLoader:240 - Cannot read IP mode file for ITTIA_DB.I-CUBE-ITTIADB.8.9.0
2025-09-15 20:48:01,290 [WARN] PackLoader:240 - Cannot read IP mode file for STMicroelectronics.X-CUBE-ST67W61.1.0.0
2025-09-15 20:48:01,294 [WARN] PackLoader:240 - Cannot read IP mode file for STMicroelectronics.X-CUBE-AI.10.2.0
2025-09-15 20:48:01,350 [WARN] PackLoader:240 - Cannot read IP mode file for SEGGER.I-CUBE-embOS.1.3.1
2025-09-15 20:48:01,654 [WARN] PackLoader:240 - Cannot read IP mode file for STMicroelectronics.X-CUBE-ALGOBUILD.1.4.0
2025-09-15 20:48:01,764 [WARN] PackLoader:240 - Cannot read IP mode file for STMicroelectronics.X-CUBE-MEMS1.11.3.0
2025-09-15 20:48:01,882 [WARN] PackLoader:240 - Cannot read IP mode file for STMicroelectronics.X-CUBE-PM33A1.1.0.0
2025-09-15 20:48:01,905 [WARN] PackLoader:240 - Cannot read IP mode file for STMicroelectronics.X-CUBE-AZRTOS-F4.1.1.0
2025-09-15 20:48:01,912 [WARN] PackLoader:240 - Cannot read IP mode file for Avnet-IotConnect.X-CUBE-IoTC-DA16k-PMOD.1.0.0
2025-09-15 20:48:01,920 [WARN] PackLoader:240 - Cannot read IP mode file for STMicroelectronics.X-CUBE-ISPU.2.1.0
2025-09-15 20:48:01,957 [WARN] PackLoader:240 - Cannot read IP mode file for STMicroelectronics.X-CUBE-NFC12.1.0.0
2025-09-15 20:48:01,997 [WARN] PackLoader:240 - Cannot read IP mode file for STMicroelectronics.X-CUBE-AZRTOS-L5.2.0.0
2025-09-15 20:48:02,019 [WARN] PackLoader:240 - Cannot read IP mode file for STMicroelectronics.X-CUBE-NFC6.3.1.0
2025-09-15 20:48:02,030 [WARN] PackLoader:240 - Cannot read IP mode file for STMicroelectronics.X-CUBE-FREERTOS.1.3.1
2025-09-15 20:48:02,038 [WARN] PackLoader:240 - Cannot read IP mode file for STMicroelectronics.FP-SNS-STAIOTCFT.1.0.0
2025-09-15 20:48:02,049 [WARN] PackLoader:240 - Cannot read IP mode file for STMicroelectronics.X-CUBE-DPower.1.3.0
2025-09-15 20:48:02,072 [WARN] ConditionMgr:438 - getConditionDescription Invalid condition id : LAN8742 Phy interface Condition cause : null
2025-09-15 20:48:02,074 [WARN] PackLoader:240 - Cannot read IP mode file for STMicroelectronics.X-CUBE-AZRTOS-L4.2.0.0
2025-09-15 20:48:02,077 [WARN] ConditionMgr:1044 - genDependencies : Invalid condition id : LAN8742 Phy interface Condition cause : null
2025-09-15 20:48:02,079 [WARN] ConditionMgr:1044 - genDependencies : Invalid condition id : LAN8742 Phy interface Condition cause : null
2025-09-15 20:48:02,081 [WARN] ConditionMgr:1044 - genDependencies : Invalid condition id : LAN8742 Phy interface Condition cause : null
2025-09-15 20:48:02,091 [WARN] PackLoader:240 - Cannot read IP mode file for STMicroelectronics.X-CUBE-SFXS2LP1.4.0.0
2025-09-15 20:48:02,109 [WARN] PackLoader:240 - Cannot read IP mode file for STMicroelectronics.X-CUBE-BLEMGR.4.1.0
2025-09-15 20:48:02,129 [WARN] ConditionMgr:438 - getConditionDescription Invalid condition id : UX DEVICE CLASS RTOS Condition cause : null
2025-09-15 20:48:02,129 [WARN] ConditionMgr:438 - getConditionDescription Invalid condition id : UX DEVICE CLASS RTOS Condition cause : null
2025-09-15 20:48:02,133 [WARN] PackLoader:240 - Cannot read IP mode file for STMicroelectronics.X-CUBE-AZRTOS-WB.2.0.0
2025-09-15 20:48:02,134 [WARN] ConditionMgr:1044 - genDependencies : Invalid condition id : UX DEVICE CLASS RTOS Condition cause : null
2025-09-15 20:48:02,134 [WARN] ConditionMgr:1044 - genDependencies : Invalid condition id : UX DEVICE CLASS RTOS Condition cause : null
2025-09-15 20:48:02,135 [WARN] ConditionMgr:1044 - genDependencies : Invalid condition id : UX DEVICE CLASS RTOS Condition cause : null
2025-09-15 20:48:02,135 [WARN] ConditionMgr:1044 - genDependencies : Invalid condition id : UX DEVICE CLASS RTOS Condition cause : null
2025-09-15 20:48:02,135 [WARN] ConditionMgr:1044 - genDependencies : Invalid condition id : UX DEVICE CLASS RTOS Condition cause : null
2025-09-15 20:48:02,141 [WARN] PackLoader:240 - Cannot read IP mode file for STMicroelectronics.X-CUBE-GNSS1.7.0.1
2025-09-15 20:48:02,159 [WARN] PackLoader:240 - Cannot read IP mode file for STMicroelectronics.X-CUBE-TOUCHGFX.4.25.0
2025-09-15 20:48:02,165 [WARN] PackLoader:240 - Cannot read IP mode file for STMicroelectronics.FP-SNS-STBOX1.2.0.0
2025-09-15 20:48:02,170 [WARN] ConditionMgr:438 - getConditionDescription Invalid condition id : Cortex-A Device cause : null
2025-09-15 20:48:02,223 [WARN] ConditionMgr:1044 - genDependencies : Invalid condition id : Cortex-A Device cause : null
2025-09-15 20:48:02,224 [WARN] ConditionMgr:1044 - genDependencies : Invalid condition id : Cortex-A Device cause : null
2025-09-15 20:48:02,224 [WARN] ConditionMgr:1044 - genDependencies : Invalid condition id : Cortex-A Device cause : null
2025-09-15 20:48:02,247 [WARN] PackLoader:240 - Cannot read IP mode file for STMicroelectronics.X-CUBE-SUBG2.5.0.0
2025-09-15 20:48:02,281 [WARN] PackLoader:240 - Cannot read IP mode file for STMicroelectronics.X-CUBE-AZRTOS-H7RS.1.1.0
2025-09-15 20:48:02,287 [WARN] PackLoader:240 - Cannot read IP mode file for Cesanta.I-CUBE-Mongoose.7.13.0
2025-09-15 20:48:02,303 [WARN] PackLoader:240 - Cannot read IP mode file for STMicroelectronics.X-CUBE-AZRTOS-G4.2.0.0
2025-09-15 20:48:02,309 [WARN] PackLoader:240 - Cannot read IP mode file for wolfSSL.I-CUBE-wolfSSH.1.4.20
2025-09-15 20:48:02,314 [WARN] PackLoader:240 - Cannot read IP mode file for STMicroelectronics.X-CUBE-NFC7.2.0.0
2025-09-15 20:48:02,326 [WARN] PackLoader:240 - Cannot read IP mode file for STMicroelectronics.X-CUBE-IPS.3.1.0
2025-09-15 20:48:02,335 [WARN] PackLoader:240 - Cannot read IP mode file for STMicroelectronics.X-CUBE-ALS.1.0.2
2025-09-15 20:48:02,342 [WARN] PackLoader:240 - Cannot read IP mode file for STMicroelectronics.X-CUBE-STSE01.1.0.0
2025-09-15 20:48:02,348 [WARN] PackLoader:240 - Cannot read IP mode file for portGmbH.I-Cube-SoM-uGOAL.1.1.0
2025-09-15 20:48:02,366 [WARN] PackLoader:240 - Cannot read IP mode file for STMicroelectronics.X-CUBE-TOF1.3.4.3
2025-09-15 20:48:02,374 [INFO] ThirdParty:978 - Integrity check success = true
2025-09-15 20:48:02,374 [INFO] IntegrityCheckThread:100 - exiting critical section [integrity check]
2025-09-15 20:48:02,374 [INFO] IntegrityCheckThread:103 - End integrity checks thread
2025-09-15 20:48:03,414 [INFO] WebApp:169 - Instantiating new browser for Auth
2025-09-15 20:48:04,544 [INFO] WebApp:463 - Apply proxy settings
2025-09-15 20:48:04,559 [INFO] WebApp:508 - Chromium authenticates against Manually configured proxy
2025-09-15 20:48:04,574 [INFO] WebApp:516 - Username used for proxy authentication: 
2025-09-15 20:48:04,610 [INFO] WebApp:900 - Register for checkConnection events
2025-09-15 20:48:04,611 [INFO] WebApp:463 - Apply proxy settings
2025-09-15 20:48:04,615 [INFO] WebApp:508 - Chromium authenticates against Manually configured proxy
2025-09-15 20:48:04,616 [INFO] WebApp:516 - Username used for proxy authentication: 
2025-09-15 20:48:04,758 [INFO] WebApp:225 - Starting web application
2025-09-15 20:48:04,758 [INFO] WebApp:593 - Web application path used /Applications/STM32CubeIDE.app/Contents/Eclipse/plugins/com.st.stm32cube.common.mx_6.15.0.202507011659/db/plugins/mcufinder/reactClient1/index.html
2025-09-15 20:48:05,247 [INFO] WebApp:191 - Connection restablished
